PRAGMA foreign_keys=OFF;
BEGIN TRANSACTION;
CREATE TABLE date_firma (
  configuratie_id  integer PRIMARY KEY AUTOINCREMENT NOT NULL UNIQUE,
  denumire         text,
  cif              varchar(50),
  reg_com          varchar(50),
  adresa           text,
  oras             varchar(50),
  judet            varchar(50),
  platitor_tva     char(1) DEFAULT 'n',
  banca            varchar(50),
  IBAN             varchar(50),
  telefon          varchar(50),
  fax              varchar(50),
  email            varchar(50),
  website          varchar(50),
  capital_social   varchar(10)
, background varchar(50), logo varchar(50), stamp varchar(50) default '', tva_la_incasare CHAR( 1 ) DEFAULT 'n', extra_tva_incasare BOOLEAN NOT NULL DEFAULT ( 1 ));
INSERT INTO "date_firma" VALUES(118,'XEROGRAFICA SRL','RO33680000','J13/1984/2014','Str. Crinului21 CAM 1 Constanta','CONSTANTA','Constanta','y',NULL,NULL,'0341 489 995','0341 489 996','','WWW.XEROGRAFICA.RO','200','logo xerografica_pe alb_0.jpg','logo xerografica_pe alb_0.jpg','','y',1);
INSERT INTO "date_firma" VALUES(119,'XEROGRAFICA SRL','RO33680000','J13/1984/2014','Str. Crinului21 CAM 1 Constanta','CONSTANTA','Constanta','y',NULL,NULL,'0341 489 995','0341 489 996','','WWW.XEROGRAFICA.RO','200','logo xerografica_pe alb_0.jpg','logo xerografica_pe alb_0.jpg','','y',1);
INSERT INTO "date_firma" VALUES(120,'XEROGRAFICA SRL','RO33680000','J13/1984/2014','Str. Crinului21 CAM 1 Constanta','CONSTANTA','Constanta','y',NULL,NULL,'0341 489 995','0341 489 996','','WWW.XEROGRAFICA.RO','200','','logo xerografica_pe alb_0.jpg','','y',1);
INSERT INTO "date_firma" VALUES(121,'XEROGRAFICA SRL','RO33680000','J13/1984/2014','Str. Crinului21 CAM 1 Constanta','CONSTANTA','Constanta','y',NULL,NULL,'0341 489 995','0341 489 996','','WWW.XEROGRAFICA.RO','200','','logo xerografica_pe alb_0.jpg','','y',1);
INSERT INTO "date_firma" VALUES(122,'XEROGRAFICA SRL','RO33680000','J13/1984/2014','Str. Crinului21 CAM 1 Constanta','CONSTANTA','Constanta','y',NULL,NULL,'0341 489 995','0341 489 996','','WWW.XEROGRAFICA.RO','200','','logo xerografica_pe alb_0.jpg','','n',1);
INSERT INTO "date_firma" VALUES(123,'XEROGRAFICA SRL','RO33680000','J13/1984/2014','Str. Crinului21 CAM 1 Constanta','CONSTANTA','Constanta','y',NULL,NULL,'0341 489 995','0341 489 996','','WWW.XEROGRAFICA.RO','200','','logo xerografica_pe alb_0.jpg','','n',1);
INSERT INTO "date_firma" VALUES(124,'XEROGRAFICA SRL','RO33680000','J13/1984/2014','Str. Crinului21 CAM 1 Constanta','CONSTANTA','Constanta','y',NULL,NULL,'0341 489 995','0341 489 996','','WWW.XEROGRAFICA.RO','600 LEI','','logo xerografica_pe alb_0.jpg','','n',1);
INSERT INTO "date_firma" VALUES(125,'XEROGRAFICA SRL','RO33680000','J13/1984/2014','Str. Crinului21 CAM 1 Constanta','CONSTANTA','Constanta','y',NULL,NULL,'0341 489 995','0341 489 996','','WWW.XEROGRAFICA.RO','200 LEI','','logo xerografica_pe alb_0.jpg','','n',1);
INSERT INTO "date_firma" VALUES(126,'XEROGRAFICA SRL','RO33680000','J13/1984/2014','Str. Crinului21 CAM 1 Constanta','CONSTANTA','Constanta','y',NULL,NULL,'0341 489 995','0341 489 996','','WWW.XEROGRAFICA.RO','600 LEI','','logo xerografica_pe alb_0.jpg','','n',1);
INSERT INTO "date_firma" VALUES(127,'XEROGRAFICA SRL','RO33680000','J13/1984/2014','Str. Crinului21 CAM 1 Constanta','CONSTANTA','Constanta','y',NULL,NULL,'0341 489 995','0341 489 996','','WWW.XEROGRAFICA.RO','600 LEI','','logo cu val_127.png','','n',1);
INSERT INTO "date_firma" VALUES(128,'XEROGRAFICA SRL','RO33680000','J13/1984/2014','Str. Crinului21 CAM 1 Constanta','CONSTANTA','Constanta','y',NULL,NULL,'0341 489 995','0341 489 996','','WWW.XEROGRAFICA.RO','600 LEI','','logo_128.jpg','','n',1);
CREATE TABLE serii (
  serie_id    integer PRIMARY KEY AUTOINCREMENT NOT NULL UNIQUE,
  denumire    varchar(64),
  serie       varchar(50),
  sablon      varchar(50),
  nr_initial  integer,
  increment   integer,
  tip_serie   char(1) DEFAULT 'f',
  layout_id   integer DEFAULT 1
);
INSERT INTO "serii" VALUES(92,'','PXR','nnnnnn',1,3,'p',3);
INSERT INTO "serii" VALUES(93,'','NXR','nnnnnn',29,75,'n',1);
INSERT INTO "serii" VALUES(94,'','XC','nnnnnn',51,67,'c',1);
INSERT INTO "serii" VALUES(95,'','BCX','nnnnnn',6,16,'b',1);
INSERT INTO "serii" VALUES(96,'','AXR','nnnnnn',1,1,'a',2);
INSERT INTO "serii" VALUES(97,'','BTX','nnnnnn',1,1,'t',1);
INSERT INTO "serii" VALUES(98,'','PVX','nnnnnn',1,1,'v',1);
INSERT INTO "serii" VALUES(99,'','XR','nnnnnn',52,130,'f',2);
CREATE TABLE delegati (
  delegat_id  integer PRIMARY KEY AUTOINCREMENT,
  auto        varchar(50),
  buletin     varchar(50),
  nume        varchar(100),
  client_id   integer
, deleted char(1) DEFAULT 'n');
INSERT INTO "delegati" VALUES(11,'','KT890471','COJOCARU RADU',11303,'n');
INSERT INTO "delegati" VALUES(12,'','','TRIMIS CURIER',11316,'n');
INSERT INTO "delegati" VALUES(13,'CT-11-DAY','','MIRCEA GIUGLEA',11305,'n');
INSERT INTO "delegati" VALUES(14,'','KZ092682','CORBOS NECULAE',11317,'n');
INSERT INTO "delegati" VALUES(15,'','KZ000667','VELEANU ADRIAN',11318,'n');
INSERT INTO "delegati" VALUES(16,'','KT024742','MATACA ADRIAN',11319,'n');
INSERT INTO "delegati" VALUES(17,'','','MIRELA APOLOZAN',11325,'n');
INSERT INTO "delegati" VALUES(18,'','KT819369','MIRCEA GIUGLEA',11314,'n');
INSERT INTO "delegati" VALUES(19,'CT11DAY','KT819367','MIRCEA GIUGLEA',11339,'n');
CREATE TABLE traduceri (
  text_romana  text,
  text_tradus  text,
  cod_limba    varchar(10)
);
INSERT INTO "traduceri" VALUES('Furnizor','Furnizor','RO');
INSERT INTO "traduceri" VALUES('Reg. com.','Reg. com.','RO');
INSERT INTO "traduceri" VALUES('CIF','CIF','RO');
INSERT INTO "traduceri" VALUES('Adresa','Adresa','RO');
INSERT INTO "traduceri" VALUES('Judet','Judet','RO');
INSERT INTO "traduceri" VALUES('IBAN','IBAN','RO');
INSERT INTO "traduceri" VALUES('Banca','Banca','RO');
INSERT INTO "traduceri" VALUES('Tel.','Tel.','RO');
INSERT INTO "traduceri" VALUES('Fax','Fax','RO');
INSERT INTO "traduceri" VALUES('Email','Email','RO');
INSERT INTO "traduceri" VALUES('Adresa web','Adresa web','RO');
INSERT INTO "traduceri" VALUES('Capital social','Capital social','RO');
INSERT INTO "traduceri" VALUES('Seria si nr.','Seria si nr.','RO');
INSERT INTO "traduceri" VALUES('Data (zi/luna/an)','Data (zi/luna/an)','RO');
INSERT INTO "traduceri" VALUES('Nr aviz','Nr aviz','RO');
INSERT INTO "traduceri" VALUES('Factura','Factura','RO');
INSERT INTO "traduceri" VALUES('Client','Client','RO');
INSERT INTO "traduceri" VALUES('Tara','Tara','RO');
INSERT INTO "traduceri" VALUES('Cota TVA','Cota TVA','RO');
INSERT INTO "traduceri" VALUES('Nr. crt','Nr. crt','RO');
INSERT INTO "traduceri" VALUES('Denumirea produselor sau a serviciilor','Denumirea produselor sau a serviciilor','RO');
INSERT INTO "traduceri" VALUES('U.M.','U.M.','RO');
INSERT INTO "traduceri" VALUES('Cantitate','Cantitate','RO');
INSERT INTO "traduceri" VALUES('Pret unitar (fara TVA)','Pret unitar (fara TVA)','RO');
INSERT INTO "traduceri" VALUES('Valoarea','Valoarea','RO');
INSERT INTO "traduceri" VALUES('Valoarea TVA','Valoarea TVA','RO');
INSERT INTO "traduceri" VALUES('Pret unitar','Pret unitar','RO');
INSERT INTO "traduceri" VALUES('Curs','Curs','RO');
INSERT INTO "traduceri" VALUES('Semnatura si stampila furnizorului','Semnatura si stampila furnizorului','RO');
INSERT INTO "traduceri" VALUES('Intocmit de','Intocmit de','RO');
INSERT INTO "traduceri" VALUES('CNP','CNP','RO');
INSERT INTO "traduceri" VALUES('Numele delegatului','Numele delegatului','RO');
INSERT INTO "traduceri" VALUES('B.I/C.I','B.I/C.I','RO');
INSERT INTO "traduceri" VALUES('Mijloc transport','Mijloc transport','RO');
INSERT INTO "traduceri" VALUES('Expedierea s-a efectuat in prezenta noastra la data de','Expedierea s-a efectuat in prezenta noastra la data de','RO');
INSERT INTO "traduceri" VALUES('Semnaturile','Semnaturile','RO');
INSERT INTO "traduceri" VALUES('Total','Total','RO');
INSERT INTO "traduceri" VALUES('Total plata','Total plata','RO');
INSERT INTO "traduceri" VALUES('Semnatura de primire','Semnatura de primire','RO');
INSERT INTO "traduceri" VALUES('Termen plata','Termen plata','RO');
INSERT INTO "traduceri" VALUES('zile','zile','RO');
INSERT INTO "traduceri" VALUES('pagina','pagina','RO');
INSERT INTO "traduceri" VALUES('ora','ora','RO');
INSERT INTO "traduceri" VALUES('Storno factura nr','Storno factura nr','RO');
INSERT INTO "traduceri" VALUES('Storno partial factura nr','Storno partial factura nr','RO');
INSERT INTO "traduceri" VALUES('Storno factura avans nr','Storno factura avans nr','RO');
INSERT INTO "traduceri" VALUES('Discount','Discount','RO');
INSERT INTO "traduceri" VALUES('Buc','Buc','RO');
INSERT INTO "traduceri" VALUES('SDD','SDD','RO');
INSERT INTO "traduceri" VALUES('SFDD','SFDD','RO');
INSERT INTO "traduceri" VALUES('T Inversa','T Inversa','RO');
INSERT INTO "traduceri" VALUES('Proforma','Proforma','RO');
INSERT INTO "traduceri" VALUES('Chitanta','Chitanta','RO');
INSERT INTO "traduceri" VALUES('Aviz','Aviz','RO');
INSERT INTO "traduceri" VALUES('contravaloarea partiala a facturii nr','contravaloarea partiala a facturii nr','RO');
INSERT INTO "traduceri" VALUES('contravaloarea facturii nr','contravaloarea facturii nr','RO');
INSERT INTO "traduceri" VALUES('Unitatea','Unitatea','RO');
INSERT INTO "traduceri" VALUES('Cont','Cont','RO');
INSERT INTO "traduceri" VALUES('Am primit de la','Am primit de la','RO');
INSERT INTO "traduceri" VALUES('Suma de','Suma de','RO');
INSERT INTO "traduceri" VALUES('adica','adica','RO');
INSERT INTO "traduceri" VALUES('reprezentand','reprezentand','RO');
INSERT INTO "traduceri" VALUES('Casier','Casier','RO');
INSERT INTO "traduceri" VALUES('Furnizor','Vendor','EN');
INSERT INTO "traduceri" VALUES('Reg. com.','No. Registrar of Companies','EN');
INSERT INTO "traduceri" VALUES('CIF','VAT CODE','EN');
INSERT INTO "traduceri" VALUES('Adresa','Address','EN');
INSERT INTO "traduceri" VALUES('Judet','State/Province','EN');
INSERT INTO "traduceri" VALUES('IBAN','IBAN code','EN');
INSERT INTO "traduceri" VALUES('Banca','Bank','EN');
INSERT INTO "traduceri" VALUES('Tel.','Tel.','EN');
INSERT INTO "traduceri" VALUES('Fax','Fax','EN');
INSERT INTO "traduceri" VALUES('Email','Email','EN');
INSERT INTO "traduceri" VALUES('Adresa web','Web','EN');
INSERT INTO "traduceri" VALUES('Capital social','Share capital','EN');
INSERT INTO "traduceri" VALUES('Seria si nr.','Series and no.','EN');
INSERT INTO "traduceri" VALUES('Data (zi/luna/an)','Date (day/month/year)','EN');
INSERT INTO "traduceri" VALUES('Nr aviz','Delivery note','EN');
INSERT INTO "traduceri" VALUES('Factura','Invoice','EN');
INSERT INTO "traduceri" VALUES('Client','Customer','EN');
INSERT INTO "traduceri" VALUES('Tara','Country','EN');
INSERT INTO "traduceri" VALUES('Cota TVA','VAT(%)','EN');
INSERT INTO "traduceri" VALUES('Nr. crt','No.','EN');
INSERT INTO "traduceri" VALUES('Denumirea produselor sau a serviciilor','Description of products/ services','EN');
INSERT INTO "traduceri" VALUES('U.M.','Unit','EN');
INSERT INTO "traduceri" VALUES('Cantitate','Qty','EN');
INSERT INTO "traduceri" VALUES('Pret unitar (fara TVA)','Unit price (pre-tax)','EN');
INSERT INTO "traduceri" VALUES('Valoarea','Value','EN');
INSERT INTO "traduceri" VALUES('Valoarea TVA','VAT Value','EN');
INSERT INTO "traduceri" VALUES('Pret unitar','Unit price','EN');
INSERT INTO "traduceri" VALUES('Curs','Exchange rate','EN');
INSERT INTO "traduceri" VALUES('Semnatura si stampila furnizorului','Vendor''s signature and stamp','EN');
INSERT INTO "traduceri" VALUES('Intocmit de','Made by','EN');
INSERT INTO "traduceri" VALUES('CNP','Personal ID','EN');
INSERT INTO "traduceri" VALUES('Numele delegatului','Representative','EN');
INSERT INTO "traduceri" VALUES('B.I/C.I','ID card','EN');
INSERT INTO "traduceri" VALUES('Mijloc transport','Transportation','EN');
INSERT INTO "traduceri" VALUES('Expedierea s-a efectuat in prezenta noastra la data de','Shipment made in our presence, on','EN');
INSERT INTO "traduceri" VALUES('Semnaturile','Signatures','EN');
INSERT INTO "traduceri" VALUES('Total','Total','EN');
INSERT INTO "traduceri" VALUES('Total plata','Total value','EN');
INSERT INTO "traduceri" VALUES('Semnatura de primire','Signature','EN');
INSERT INTO "traduceri" VALUES('Termen plata','Payment term','EN');
INSERT INTO "traduceri" VALUES('zile','days','EN');
INSERT INTO "traduceri" VALUES('pagina','page','EN');
INSERT INTO "traduceri" VALUES('ora','at','EN');
INSERT INTO "traduceri" VALUES('Storno factura nr','Return invoice no','EN');
INSERT INTO "traduceri" VALUES('Storno partial factura nr','Partial return invoice no','EN');
INSERT INTO "traduceri" VALUES('Storno factura avans nr','Return invoice for advanced payment no','EN');
INSERT INTO "traduceri" VALUES('Discount','Discount rate','EN');
INSERT INTO "traduceri" VALUES('Buc','Item','EN');
INSERT INTO "traduceri" VALUES('SDD','VAT exempt with credit','EN');
INSERT INTO "traduceri" VALUES('SFDD','VAT exempt without credit','EN');
INSERT INTO "traduceri" VALUES('T Inversa','Reverse charge','EN');
INSERT INTO "traduceri" VALUES('Proforma','Proforma','EN');
INSERT INTO "traduceri" VALUES('Chitanta','Receipt','EN');
INSERT INTO "traduceri" VALUES('Aviz','Delivery Note','EN');
INSERT INTO "traduceri" VALUES('contravaloarea partiala a facturii nr','partial equivalent value for invoice no','EN');
INSERT INTO "traduceri" VALUES('contravaloarea facturii nr','equivalent value for invoice no','EN');
INSERT INTO "traduceri" VALUES('Unitatea','Company','EN');
INSERT INTO "traduceri" VALUES('Cont','Account','EN');
INSERT INTO "traduceri" VALUES('Am primit de la','Received from','EN');
INSERT INTO "traduceri" VALUES('Suma de','Amount','EN');
INSERT INTO "traduceri" VALUES('adica','i.e.','EN');
INSERT INTO "traduceri" VALUES('reprezentand','representing','EN');
INSERT INTO "traduceri" VALUES('Casier','Cashier','EN');
INSERT INTO "traduceri" VALUES('Furnizor','Fournisseur','FR');
INSERT INTO "traduceri" VALUES('Reg. com.','No. Registre du commerce','FR');
INSERT INTO "traduceri" VALUES('CIF','CODE TVA ( ID CEE)','FR');
INSERT INTO "traduceri" VALUES('Adresa','Adresse','FR');
INSERT INTO "traduceri" VALUES('Judet','Departement','FR');
INSERT INTO "traduceri" VALUES('IBAN','Code IBAN','FR');
INSERT INTO "traduceri" VALUES('Banca','Banque','FR');
INSERT INTO "traduceri" VALUES('Tel.','Telephone','FR');
INSERT INTO "traduceri" VALUES('Fax','Telecopie','FR');
INSERT INTO "traduceri" VALUES('Email','Courriel electronique','FR');
INSERT INTO "traduceri" VALUES('Adresa web','Adresse Internet','FR');
INSERT INTO "traduceri" VALUES('Capital social','Capital social','FR');
INSERT INTO "traduceri" VALUES('Seria si nr.','Serie et no.','FR');
INSERT INTO "traduceri" VALUES('Data (zi/luna/an)','Jour/ mois/ annee','FR');
INSERT INTO "traduceri" VALUES('Nr aviz','No. avis','FR');
INSERT INTO "traduceri" VALUES('Factura','Facture','FR');
INSERT INTO "traduceri" VALUES('Client','Client','FR');
INSERT INTO "traduceri" VALUES('Tara','Pays','FR');
INSERT INTO "traduceri" VALUES('Cota TVA','TVA(%)','FR');
INSERT INTO "traduceri" VALUES('Nr. crt','No.','FR');
INSERT INTO "traduceri" VALUES('Denumirea produselor sau a serviciilor','Description des produits/ services','FR');
INSERT INTO "traduceri" VALUES('U.M.','UM','FR');
INSERT INTO "traduceri" VALUES('Cantitate','Qte','FR');
INSERT INTO "traduceri" VALUES('Pret unitar (fara TVA)','Prix par unite (TVA excepte)','FR');
INSERT INTO "traduceri" VALUES('Valoarea','Valeur','FR');
INSERT INTO "traduceri" VALUES('Valoarea TVA','Valeur TVA','FR');
INSERT INTO "traduceri" VALUES('Pret unitar','Prix unitaire','FR');
INSERT INTO "traduceri" VALUES('Curs','Taux de change','FR');
INSERT INTO "traduceri" VALUES('Semnatura si stampila furnizorului','Signature et cachet du fournisseur','FR');
INSERT INTO "traduceri" VALUES('Intocmit de','Fait par','FR');
INSERT INTO "traduceri" VALUES('CNP','CNP','FR');
INSERT INTO "traduceri" VALUES('Numele delegatului','Nom du delegue','FR');
INSERT INTO "traduceri" VALUES('B.I/C.I','Carte identite','FR');
INSERT INTO "traduceri" VALUES('Mijloc transport','Moyen de transport','FR');
INSERT INTO "traduceri" VALUES('Expedierea s-a efectuat in prezenta noastra la data de','L''expedition a ete faite en notre presence, le','FR');
INSERT INTO "traduceri" VALUES('Semnaturile','Signatures','FR');
INSERT INTO "traduceri" VALUES('Total','Total','FR');
INSERT INTO "traduceri" VALUES('Total plata','Total TTC ( toutes taxes compris)','FR');
INSERT INTO "traduceri" VALUES('Semnatura de primire','Accuse de reception','FR');
INSERT INTO "traduceri" VALUES('Termen plata','Terme de payement','FR');
INSERT INTO "traduceri" VALUES('zile','jours','FR');
INSERT INTO "traduceri" VALUES('pagina','page','FR');
INSERT INTO "traduceri" VALUES('ora','a l''heure','FR');
INSERT INTO "traduceri" VALUES('Storno factura nr','Contrepassation de facture','FR');
INSERT INTO "traduceri" VALUES('Storno partial factura nr','Contrepassation partielle de facture','FR');
INSERT INTO "traduceri" VALUES('Storno factura avans nr','Contrepassation de facture payee en avance','FR');
INSERT INTO "traduceri" VALUES('Discount','Escompte','FR');
INSERT INTO "traduceri" VALUES('Buc','Piece','FR');
INSERT INTO "traduceri" VALUES('SDD','Exoneration avec droit a deduction','FR');
INSERT INTO "traduceri" VALUES('SFDD','Exoneration sans droit a deduction','FR');
INSERT INTO "traduceri" VALUES('T Inversa','Autoliquidation','FR');
INSERT INTO "traduceri" VALUES('Proforma','Proforma','FR');
INSERT INTO "traduceri" VALUES('Chitanta','Re√ßu','FR');
INSERT INTO "traduceri" VALUES('Aviz','Avis','FR');
INSERT INTO "traduceri" VALUES('contravaloarea partiala a facturii nr','contre-valeur partielle de la facture no.','FR');
INSERT INTO "traduceri" VALUES('contravaloarea facturii nr','contre-valeur de la facture no.','FR');
INSERT INTO "traduceri" VALUES('Unitatea','Unite','FR');
INSERT INTO "traduceri" VALUES('Cont','Compte','FR');
INSERT INTO "traduceri" VALUES('Am primit de la','J''ai re√ßu de/du','FR');
INSERT INTO "traduceri" VALUES('Suma de','Somme','FR');
INSERT INTO "traduceri" VALUES('adica','c''est-a-dire','FR');
INSERT INTO "traduceri" VALUES('reprezentand','representant','FR');
INSERT INTO "traduceri" VALUES('Casier','Caissier','FR');
INSERT INTO "traduceri" VALUES('Furnizor','Fornitore','IT');
INSERT INTO "traduceri" VALUES('Reg. com.','Registro delle imprese','IT');
INSERT INTO "traduceri" VALUES('CIF','IVA','IT');
INSERT INTO "traduceri" VALUES('Adresa','Indirizzo','IT');
INSERT INTO "traduceri" VALUES('Judet','Regione','IT');
INSERT INTO "traduceri" VALUES('IBAN','Codice IBAN','IT');
INSERT INTO "traduceri" VALUES('Banca','Banca','IT');
INSERT INTO "traduceri" VALUES('Tel.','Telefono','IT');
INSERT INTO "traduceri" VALUES('Fax','Fax','IT');
INSERT INTO "traduceri" VALUES('Email','Indirizzo email','IT');
INSERT INTO "traduceri" VALUES('Adresa web','Indirizzo web','IT');
INSERT INTO "traduceri" VALUES('Capital social','Capitale sociale','IT');
INSERT INTO "traduceri" VALUES('Seria si nr.','Serio e numero','IT');
INSERT INTO "traduceri" VALUES('Data (zi/luna/an)','Data (giorno/ mese/ anno)','IT');
INSERT INTO "traduceri" VALUES('Nr aviz','No. Avviso','IT');
INSERT INTO "traduceri" VALUES('Factura','Fattura','IT');
INSERT INTO "traduceri" VALUES('Client','Cliente','IT');
INSERT INTO "traduceri" VALUES('Tara','Paese','IT');
INSERT INTO "traduceri" VALUES('Cota TVA','Quota IVA','IT');
INSERT INTO "traduceri" VALUES('Nr. crt','No.','IT');
INSERT INTO "traduceri" VALUES('Denumirea produselor sau a serviciilor','Descrizione dei prodotti/ servizi','IT');
INSERT INTO "traduceri" VALUES('U.M.','U.M.','IT');
INSERT INTO "traduceri" VALUES('Cantitate','Quantita','IT');
INSERT INTO "traduceri" VALUES('Pret unitar (fara TVA)','Prezzo unitario (al netto dell''IVA)','IT');
INSERT INTO "traduceri" VALUES('Valoarea','Valore','IT');
INSERT INTO "traduceri" VALUES('Valoarea TVA','Valore dell''IVA','IT');
INSERT INTO "traduceri" VALUES('Pret unitar','Prezzo unitario','IT');
INSERT INTO "traduceri" VALUES('Curs','Tasso di cambio','IT');
INSERT INTO "traduceri" VALUES('Semnatura si stampila furnizorului','Firma e timbro del fornitore','IT');
INSERT INTO "traduceri" VALUES('Intocmit de','Fatto da','IT');
INSERT INTO "traduceri" VALUES('CNP','Codice fiscale','IT');
INSERT INTO "traduceri" VALUES('Numele delegatului','Nome del mandatario','IT');
INSERT INTO "traduceri" VALUES('B.I/C.I','Carta d''dentita','IT');
INSERT INTO "traduceri" VALUES('Mijloc transport','Trasporto','IT');
INSERT INTO "traduceri" VALUES('Expedierea s-a efectuat in prezenta noastra la data de','La spedizione e stata fatta nella nostra presenza, il','IT');
INSERT INTO "traduceri" VALUES('Semnaturile','Firme','IT');
INSERT INTO "traduceri" VALUES('Total','Totale','IT');
INSERT INTO "traduceri" VALUES('Total plata','Totale da pagare','IT');
INSERT INTO "traduceri" VALUES('Semnatura de primire','Firma per ricevuta','IT');
INSERT INTO "traduceri" VALUES('Termen plata','Termine di pagamento','IT');
INSERT INTO "traduceri" VALUES('zile','giorni','IT');
INSERT INTO "traduceri" VALUES('pagina','pagina','IT');
INSERT INTO "traduceri" VALUES('ora','ore','IT');
INSERT INTO "traduceri" VALUES('Storno factura nr','Storno fattura no','IT');
INSERT INTO "traduceri" VALUES('Storno partial factura nr','Storno parziale fattura no','IT');
INSERT INTO "traduceri" VALUES('Storno factura avans nr','Storno fattura di anticipo no','IT');
INSERT INTO "traduceri" VALUES('Discount','Sconto','IT');
INSERT INTO "traduceri" VALUES('Buc','pezzi','IT');
INSERT INTO "traduceri" VALUES('SDD','Esenzione dalle tasse con diritto di dedurre l''IVA','IT');
INSERT INTO "traduceri" VALUES('SFDD','Esenzione dalle tasse senza diritto di dedurre l''IVA','IT');
INSERT INTO "traduceri" VALUES('T Inversa','Tassazione inversa','IT');
INSERT INTO "traduceri" VALUES('Proforma','Proforma','IT');
INSERT INTO "traduceri" VALUES('Chitanta','Ricevuta di pagamento','IT');
INSERT INTO "traduceri" VALUES('Aviz','Avviso','IT');
INSERT INTO "traduceri" VALUES('contravaloarea partiala a facturii nr','controvalore parziale della fattura no','IT');
INSERT INTO "traduceri" VALUES('contravaloarea facturii nr','controvalore della fattura no','IT');
INSERT INTO "traduceri" VALUES('Unitatea','Unita','IT');
INSERT INTO "traduceri" VALUES('Cont','Conto bancario','IT');
INSERT INTO "traduceri" VALUES('Am primit de la','Abbiamo ricevuto da','IT');
INSERT INTO "traduceri" VALUES('Suma de','L''importo di','IT');
INSERT INTO "traduceri" VALUES('adica','cioe','IT');
INSERT INTO "traduceri" VALUES('reprezentand','che rappresenta','IT');
INSERT INTO "traduceri" VALUES('Casier','Cassiere','IT');
INSERT INTO "traduceri" VALUES('Furnizor','Proveedor','SP');
INSERT INTO "traduceri" VALUES('Reg. com.','C√≥digo de Registro Comercial','SP');
INSERT INTO "traduceri" VALUES('CIF','CIF','SP');
INSERT INTO "traduceri" VALUES('Adresa','Direcci√≥n','SP');
INSERT INTO "traduceri" VALUES('Judet','Provincia','SP');
INSERT INTO "traduceri" VALUES('IBAN','C√≥digo IBAN','SP');
INSERT INTO "traduceri" VALUES('Banca','Banco','SP');
INSERT INTO "traduceri" VALUES('Tel.','Tel√©fono','SP');
INSERT INTO "traduceri" VALUES('Fax','Fax','SP');
INSERT INTO "traduceri" VALUES('Email','Email','SP');
INSERT INTO "traduceri" VALUES('Adresa web','Pagina web','SP');
INSERT INTO "traduceri" VALUES('Capital social','Capital social','SP');
INSERT INTO "traduceri" VALUES('Seria si nr.','Serie y n√∫mero','SP');
INSERT INTO "traduceri" VALUES('Data (zi/luna/an)','Fecha (d√≠a/mes/a√±o)','SP');
INSERT INTO "traduceri" VALUES('Nr aviz','N. documento de trasporte','SP');
INSERT INTO "traduceri" VALUES('Factura','Factura','SP');
INSERT INTO "traduceri" VALUES('Client','Cliente','SP');
INSERT INTO "traduceri" VALUES('Tara','Pa√≠s','SP');
INSERT INTO "traduceri" VALUES('Cota TVA','Cuota IVA','SP');
INSERT INTO "traduceri" VALUES('Nr. crt','N.','SP');
INSERT INTO "traduceri" VALUES('Denumirea produselor sau a serviciilor','Concepto detallado del producto - servicio','SP');
INSERT INTO "traduceri" VALUES('U.M.','U.M.','SP');
INSERT INTO "traduceri" VALUES('Cantitate','Cantidad','SP');
INSERT INTO "traduceri" VALUES('Pret unitar (fara TVA)','Precio unitario (sin IVA)','SP');
INSERT INTO "traduceri" VALUES('Valoarea','Valor','SP');
INSERT INTO "traduceri" VALUES('Valoarea TVA','Valor del IVA','SP');
INSERT INTO "traduceri" VALUES('Pret unitar','Precio unitario','SP');
INSERT INTO "traduceri" VALUES('Curs','Tipo de cambio','SP');
INSERT INTO "traduceri" VALUES('Semnatura si stampila furnizorului','Firma y sello del proveedor','SP');
INSERT INTO "traduceri" VALUES('Intocmit de','Hecho da','SP');
INSERT INTO "traduceri" VALUES('CNP','C√≥digo de identificaci√≥n personal','SP');
INSERT INTO "traduceri" VALUES('Numele delegatului','Nombre del representante','SP');
INSERT INTO "traduceri" VALUES('B.I/C.I','Documento de identidad','SP');
INSERT INTO "traduceri" VALUES('Mijloc transport','Medios de trasporte','SP');
INSERT INTO "traduceri" VALUES('Expedierea s-a efectuat in prezenta noastra la data de','El env√≠o se ha hecho en nuestra presencia el','SP');
INSERT INTO "traduceri" VALUES('Semnaturile','Firmas','SP');
INSERT INTO "traduceri" VALUES('Total','Suma total','SP');
INSERT INTO "traduceri" VALUES('Total plata','Suma total para pagar','SP');
INSERT INTO "traduceri" VALUES('Semnatura de primire','Firma de recepci√≥n','SP');
INSERT INTO "traduceri" VALUES('Termen plata','Fecha de pago','SP');
INSERT INTO "traduceri" VALUES('zile','d√≠as','SP');
INSERT INTO "traduceri" VALUES('pagina','p√°gina','SP');
INSERT INTO "traduceri" VALUES('ora','hora','SP');
INSERT INTO "traduceri" VALUES('Storno factura nr','Factura devuelta n.','SP');
INSERT INTO "traduceri" VALUES('Storno partial factura nr','Factura devuelta parcial no.','SP');
INSERT INTO "traduceri" VALUES('Storno factura avans nr','Factura devuelta para anticipo','SP');
INSERT INTO "traduceri" VALUES('Discount','Descuento','SP');
INSERT INTO "traduceri" VALUES('Buc','Pedazos','SP');
INSERT INTO "traduceri" VALUES('SDD','Exenci√≥n del IVA con derecho de deducci√≥n','SP');
INSERT INTO "traduceri" VALUES('SFDD','Exenci√≥n del IVA sin derecho de deducci√≥n','SP');
INSERT INTO "traduceri" VALUES('T Inversa','Impuestos inversos','SP');
INSERT INTO "traduceri" VALUES('Proforma','Proforma','SP');
INSERT INTO "traduceri" VALUES('Chitanta','Recibo','SP');
INSERT INTO "traduceri" VALUES('Aviz','Documento de transporte','SP');
INSERT INTO "traduceri" VALUES('contravaloarea partiala a facturii nr','valor parcial de factura no.','SP');
INSERT INTO "traduceri" VALUES('contravaloarea facturii nr','valor total de factura no.','SP');
INSERT INTO "traduceri" VALUES('Unitatea','Unidad','SP');
INSERT INTO "traduceri" VALUES('Cont','Cont','SP');
INSERT INTO "traduceri" VALUES('Am primit de la','Cuenta bancaria','SP');
INSERT INTO "traduceri" VALUES('Suma de','La cantidad de','SP');
INSERT INTO "traduceri" VALUES('adica','esto es','SP');
INSERT INTO "traduceri" VALUES('reprezentand','Representa','SP');
INSERT INTO "traduceri" VALUES('Casier','Cajero','SP');
INSERT INTO "traduceri" VALUES('Tva inclus','VAT included','EN');
INSERT INTO "traduceri" VALUES('Tva inclus','IVA inclusa','IT');
INSERT INTO "traduceri" VALUES('Tva inclus','Montant TVA incluse','FR');
INSERT INTO "traduceri" VALUES('Tva inclus','IVA incluido','SP');
INSERT INTO "traduceri" VALUES('Data primirii in gestiune si semnatura','Date of receipt in inventory and signature','EN');
INSERT INTO "traduceri" VALUES('Data primirii in gestiune si semnatura','Data della ricezione in gestione e firma','IT');
INSERT INTO "traduceri" VALUES('Data primirii in gestiune si semnatura','Date de reception en gestion et signature ','FR');
INSERT INTO "traduceri" VALUES('Data primirii in gestiune si semnatura','Fecha de la recepci√≥n en la gesti√≥n y firma','SP');
INSERT INTO "traduceri" VALUES('Furnizor','Sz√°ll√≠t√≥','HU');
INSERT INTO "traduceri" VALUES('Reg. com.','C√©gjegyz√©ksz√°m','HU');
INSERT INTO "traduceri" VALUES('CIF','Ad√≥sz√°m','HU');
INSERT INTO "traduceri" VALUES('Adresa','C√≠m','HU');
INSERT INTO "traduceri" VALUES('Judet','Megye','HU');
INSERT INTO "traduceri" VALUES('IBAN','IBAN','HU');
INSERT INTO "traduceri" VALUES('Banca','Bank','HU');
INSERT INTO "traduceri" VALUES('Tel.','Tel.','HU');
INSERT INTO "traduceri" VALUES('Fax','Fax','HU');
INSERT INTO "traduceri" VALUES('Email','Email','HU');
INSERT INTO "traduceri" VALUES('Adresa web','Honlap','HU');
INSERT INTO "traduceri" VALUES('Capital social','T√∂rzst√µke','HU');
INSERT INTO "traduceri" VALUES('Seria si nr.','Sorozatsz√°m','HU');
INSERT INTO "traduceri" VALUES('Data (zi/luna/an)','D√°tum (nap/h√≥nap/√©v)','HU');
INSERT INTO "traduceri" VALUES('Nr aviz','Megkeres√©s sz√°ma','HU');
INSERT INTO "traduceri" VALUES('Factura','Sz√°mla','HU');
INSERT INTO "traduceri" VALUES('Client','√úgyf√©l','HU');
INSERT INTO "traduceri" VALUES('Tara','Orsz√°g','HU');
INSERT INTO "traduceri" VALUES('Cota TVA','√ÅFA','HU');
INSERT INTO "traduceri" VALUES('Nr. crt','Sorsz.','HU');
INSERT INTO "traduceri" VALUES('Denumirea produselor sau a serviciilor','Term√©k vagy szolg√°ltat√°s megnevez√©se','HU');
INSERT INTO "traduceri" VALUES('U.M.','M.E.','HU');
INSERT INTO "traduceri" VALUES('Cantitate','Mennyis√©g','HU');
INSERT INTO "traduceri" VALUES('Pret unitar (fara TVA)','Egys√©g√°r (√ÅFA n√©lk√ºl)','HU');
INSERT INTO "traduceri" VALUES('Valoarea','√ârt√©k','HU');
INSERT INTO "traduceri" VALUES('Valoarea TVA','√ÅFA √©rt√©k','HU');
INSERT INTO "traduceri" VALUES('Pret unitar','Egys√©g√°r ','HU');
INSERT INTO "traduceri" VALUES('Curs','√Årfolyam','HU');
INSERT INTO "traduceri" VALUES('Semnatura si stampila furnizorului','A sz√°ll√≠t√≥ al√°√≠r√°sa √©s b√©lyegz√µje','HU');
INSERT INTO "traduceri" VALUES('Intocmit de','Ki√°ll√≠totta','HU');
INSERT INTO "traduceri" VALUES('CNP','Szem√©lyi sz√°m','HU');
INSERT INTO "traduceri" VALUES('Numele delegatului','A megb√≠zott neve','HU');
INSERT INTO "traduceri" VALUES('B.I/C.I','Szem√©lyazonoss√°gi igazolv√°ny sz√°ma','HU');
INSERT INTO "traduceri" VALUES('Mijloc transport','K√∂zleked√©si eszk√∂z','HU');
INSERT INTO "traduceri" VALUES('Expedierea s-a efectuat in prezenta noastra la data de','Az lesz√°ll√≠t√°s jelenl√©t√ºnkben t√∂rt√©nt, d√°tuma','HU');
INSERT INTO "traduceri" VALUES('Semnaturile','Al√°√≠r√°sok','HU');
INSERT INTO "traduceri" VALUES('Total','√ñsszesen','HU');
INSERT INTO "traduceri" VALUES('Total plata','Fizetend√µ √∂sszesen','HU');
INSERT INTO "traduceri" VALUES('Semnatura de primire','√Åtv√©teli al√°√≠r√°s','HU');
INSERT INTO "traduceri" VALUES('Termen plata','Fizet√©si hat√°rid√µ','HU');
INSERT INTO "traduceri" VALUES('zile','napok','HU');
INSERT INTO "traduceri" VALUES('pagina','oldal','HU');
INSERT INTO "traduceri" VALUES('ora','√≥ra','HU');
INSERT INTO "traduceri" VALUES('Storno factura nr','Sz√°m√∫ sz√°mla sztorn√≥ja','HU');
INSERT INTO "traduceri" VALUES('Storno partial factura nr','Sz√°m√∫ sz√°mla r√©szleges sztorn√≥ja','HU');
INSERT INTO "traduceri" VALUES('Storno factura avans nr','Sz√°m√∫ el√µleg sz√°mla sztorn√≥ja','HU');
INSERT INTO "traduceri" VALUES('Discount','√Årengedm√©ny','HU');
INSERT INTO "traduceri" VALUES('Buc','Db.','HU');
INSERT INTO "traduceri" VALUES('SDD','SDD','HU');
INSERT INTO "traduceri" VALUES('SFDD','SFDD','HU');
INSERT INTO "traduceri" VALUES('T Inversa','H√≠v√≥terhel√µ d√≠jszab√°s','HU');
INSERT INTO "traduceri" VALUES('Proforma','Proforma','HU');
INSERT INTO "traduceri" VALUES('Chitanta','Nyugta','HU');
INSERT INTO "traduceri" VALUES('Aviz','√ârtes√≠t√©s','HU');
INSERT INTO "traduceri" VALUES('contravaloarea partiala a facturii nr','A sz√°mla r√©szleges egyen√©rt√©ke','HU');
INSERT INTO "traduceri" VALUES('contravaloarea facturii nr','A sz√°mla egyen√©rt√©ke','HU');
INSERT INTO "traduceri" VALUES('Unitatea','Egys√©g','HU');
INSERT INTO "traduceri" VALUES('Cont','Sz√°mlasz√°m','HU');
INSERT INTO "traduceri" VALUES('Am primit de la','√Åtvettem','HU');
INSERT INTO "traduceri" VALUES('Suma de','√ñsszeget','HU');
INSERT INTO "traduceri" VALUES('adica','azaz','HU');
INSERT INTO "traduceri" VALUES('reprezentand','amely jelent√©se','HU');
INSERT INTO "traduceri" VALUES('Casier','P√©nzt√°ros','HU');
INSERT INTO "traduceri" VALUES('Tva inclus','√ÅFA-val','HU');
INSERT INTO "traduceri" VALUES('Data primirii in gestiune si semnatura','√úgyvitelbe val√≥ bevezet√©s napja √©s al√°√≠r√°s','HU');
INSERT INTO "traduceri" VALUES('Date expeditie','Sz√°ll√≠t√°si adatok','HU');
INSERT INTO "traduceri" VALUES('SDD','Mentes√≠tett - levon√°sra val√≥ joggal','HU');
INSERT INTO "traduceri" VALUES('SFDD','Mentes√≠tett - levon√°sra val√≥ jog n√©lk√ºl','HU');
INSERT INTO "traduceri" VALUES('Furnizor','Lieferant','DE');
INSERT INTO "traduceri" VALUES('Reg. com.','Handelsregister','DE');
INSERT INTO "traduceri" VALUES('CIF','Ust.Id.','DE');
INSERT INTO "traduceri" VALUES('Adresa','Anschrift','DE');
INSERT INTO "traduceri" VALUES('Judet','Kreis','DE');
INSERT INTO "traduceri" VALUES('IBAN','IBAN Konto','DE');
INSERT INTO "traduceri" VALUES('Banca','Bank','DE');
INSERT INTO "traduceri" VALUES('Tel.','Tel.','DE');
INSERT INTO "traduceri" VALUES('Fax','Fax','DE');
INSERT INTO "traduceri" VALUES('Email','E-Mail','DE');
INSERT INTO "traduceri" VALUES('Adresa web','Webseite','DE');
INSERT INTO "traduceri" VALUES('Capital social','Gesellschaftskapital','DE');
INSERT INTO "traduceri" VALUES('Seria si nr.','Serie und Nr.','DE');
INSERT INTO "traduceri" VALUES('Data (zi/luna/an)','Datum (Tag/ Monat/ Jahr)','DE');
INSERT INTO "traduceri" VALUES('Nr aviz','Avisnr.','DE');
INSERT INTO "traduceri" VALUES('Factura','Rechnung','DE');
INSERT INTO "traduceri" VALUES('Client','Kunde','DE');
INSERT INTO "traduceri" VALUES('Tara','Land','DE');
INSERT INTO "traduceri" VALUES('Cota TVA','MWSt.-Anteil','DE');
INSERT INTO "traduceri" VALUES('Nr. crt','Lfd. Nr.','DE');
INSERT INTO "traduceri" VALUES('Denumirea produselor sau a serviciilor','Bezeichnung der Produkte oder der Dienste','DE');
INSERT INTO "traduceri" VALUES('U.M.','ME','DE');
INSERT INTO "traduceri" VALUES('Cantitate','Menge','DE');
INSERT INTO "traduceri" VALUES('Pret unitar (fara TVA)','Einheitspreis (ohne MWSt.)','DE');
INSERT INTO "traduceri" VALUES('Valoarea','Wert','DE');
INSERT INTO "traduceri" VALUES('Valoarea TVA','MWSt.-Wert','DE');
INSERT INTO "traduceri" VALUES('Pret unitar','Einheitspreis','DE');
INSERT INTO "traduceri" VALUES('Curs','W√§hrungskurs','DE');
INSERT INTO "traduceri" VALUES('Semnatura si stampila furnizorului','Unterschrift und Stempel des Lieferanten','DE');
INSERT INTO "traduceri" VALUES('Intocmit de','Ausgestellt von','DE');
INSERT INTO "traduceri" VALUES('CNP','PID','DE');
INSERT INTO "traduceri" VALUES('Numele delegatului','Name des Delegierten','DE');
INSERT INTO "traduceri" VALUES('B.I/C.I','PA/ LA','DE');
INSERT INTO "traduceri" VALUES('Mijloc transport','Transportmittel','DE');
INSERT INTO "traduceri" VALUES('Expedierea s-a efectuat in prezenta noastra la data de','Der Versand erfolgte in unserer Anwesenheit, am','DE');
INSERT INTO "traduceri" VALUES('Semnaturile','Unterschriften','DE');
INSERT INTO "traduceri" VALUES('Total','Gesamtwert','DE');
INSERT INTO "traduceri" VALUES('Total plata','Gesamtwert zu zahlen','DE');
INSERT INTO "traduceri" VALUES('Semnatura de primire','Empfangsunterschrift','DE');
INSERT INTO "traduceri" VALUES('Termen plata','Zahlungsfrist','DE');
INSERT INTO "traduceri" VALUES('zile','Tage','DE');
INSERT INTO "traduceri" VALUES('pagina','Seite','DE');
INSERT INTO "traduceri" VALUES('ora','Uhrzeit','DE');
INSERT INTO "traduceri" VALUES('Storno factura nr','Stornierung Rechnung Nr.','DE');
INSERT INTO "traduceri" VALUES('Storno partial factura nr','Teilweise Stornierung der Rechnung Nr.','DE');
INSERT INTO "traduceri" VALUES('Storno factura avans nr','Stornierung der Vorschussrechnung Nr.','DE');
INSERT INTO "traduceri" VALUES('Discount','Skonto','DE');
INSERT INTO "traduceri" VALUES('Buc','Stck.','DE');
INSERT INTO "traduceri" VALUES('SDD','SDD','DE');
INSERT INTO "traduceri" VALUES('SFDD','SFDD','DE');
INSERT INTO "traduceri" VALUES('T Inversa','R√ºckzahlung','DE');
INSERT INTO "traduceri" VALUES('Proforma','Proforma','DE');
INSERT INTO "traduceri" VALUES('Chitanta','Quittung','DE');
INSERT INTO "traduceri" VALUES('Aviz','Avis','DE');
INSERT INTO "traduceri" VALUES('contravaloarea partiala a facturii nr','Teilweiser Gegenwert der Rechnung Nr.','DE');
INSERT INTO "traduceri" VALUES('contravaloarea facturii nr','Gegenwert der Rechnung Nr.','DE');
INSERT INTO "traduceri" VALUES('Unitatea','Einheit','DE');
INSERT INTO "traduceri" VALUES('Cont','Konto','DE');
INSERT INTO "traduceri" VALUES('Am primit de la','Erhielt von','DE');
INSERT INTO "traduceri" VALUES('Suma de','Die Summe in H√∂he von','DE');
INSERT INTO "traduceri" VALUES('adica','also','DE');
INSERT INTO "traduceri" VALUES('reprezentand','welche folgendes darstellt','DE');
INSERT INTO "traduceri" VALUES('Casier','Kassierer','DE');
INSERT INTO "traduceri" VALUES('Tva inclus','MWSt. eingeschlossen','DE');
INSERT INTO "traduceri" VALUES('Data primirii in gestiune si semnatura','Datum des Empfangs im Management und Unterschrift','DE');
INSERT INTO "traduceri" VALUES('Date expeditie','Lieferdaten','DE');
INSERT INTO "traduceri" VALUES('SDD','Befreit, mit Ableitungsrecht','DE');
INSERT INTO "traduceri" VALUES('SFDD','Befreit, ohne Ableitungsrecht','DE');
INSERT INTO "traduceri" VALUES('Date expeditie','Date expeditie','EN');
INSERT INTO "traduceri" VALUES('Date expeditie','Les d√©tails d''exp√©dition','FR');
INSERT INTO "traduceri" VALUES('Date expeditie','Dettagli spedizione','IT');
INSERT INTO "traduceri" VALUES('Date expeditie','Detalles expedici√≥n','SP');
INSERT INTO "traduceri" VALUES('Cod client','Client code','EN');
INSERT INTO "traduceri" VALUES('Cod client','Code du client','FR');
INSERT INTO "traduceri" VALUES('Cod client','Codice del cliente','IT');
INSERT INTO "traduceri" VALUES('Cod client','C√≥digo de cliente','SP');
INSERT INTO "traduceri" VALUES('Cod client','Kliens k√≥dot','HU');
INSERT INTO "traduceri" VALUES('Cod client','Klientencode','DE');
CREATE TABLE limbi (
  denumire   text,
  cod_limba  text PRIMARY KEY NOT NULL UNIQUE
);
INSERT INTO "limbi" VALUES('Romana','RO');
INSERT INTO "limbi" VALUES('Engleza','EN');
INSERT INTO "limbi" VALUES('Franceza','FR');
INSERT INTO "limbi" VALUES('Italiana','IT');
INSERT INTO "limbi" VALUES('Spaniola','SP');
INSERT INTO "limbi" VALUES('Maghiara','HU');
INSERT INTO "limbi" VALUES('Germana','DE');
CREATE TABLE clienti (
  client_id       integer PRIMARY KEY AUTOINCREMENT NOT NULL,
  denumire        text,
  cif             varchar(50),
  reg_com         varchar(50),
  cod_client      varchar(50),
  adresa          text,
  localitate      varchar(50),  
  judet           varchar(50),
  tara            varchar(50) DEFAULT 'Romania',
  banca           varchar(50),
  IBAN            varchar(50),
  serie_id        integer,
  cod_limba       varchar(10) DEFAULT 'RO',
  moneda          varchar(10) DEFAULT 'RON',
  tip_operatiune  char(1) DEFAULT i,
  deleted         char(1) DEFAULT 'n'
, precizie integer DEFAULT 2, email varchar(50), pers_contact varchar(50), telefon varchar(20), 'platitor_TVA' char(1) DEFAULT 'y', 'cod_postal' varchar(20), 'stare_societate' varchar(100), 'cifra_afaceri_neta' varchar(100), 'tip_activitate' varchar(100), 'nr_angajati' integer);
INSERT INTO "clienti" VALUES(11302,'MIDIA MARINE TERMINAL SRL','RO21226273','J13/681/2007','MMT','Portul Midia Danele 1-4, Cladire Grup Social','Navodari','Constanta','Romania','BANCA ROMANA PENTRU DEZVOLTARE','RO79BRDE450SV43193554500',99,'RO','RON','i','n',2,'','','','¿Ä','',NULL,NULL,NULL,NULL);
INSERT INTO "clienti" VALUES(11303,'EXPRESS MARK GROUP SRL','RO17166220','J13/239/2005','EXPR','Str. Pescarilor, Nr. 11, Bl. Mz5, Sc. A, Ap. 2, C.P. 900533','Constanta','Constanta','Romania','TRANSILVANIA CONSTANTA','',99,'RO','RON','i','n',2,'','COJOCARU RADU','0723576623','¿Ä','',NULL,NULL,NULL,NULL);
INSERT INTO "clienti" VALUES(11304,'DSD NOELL SRL','RO28350898','J35/870/2011','DSD','Aleea Cristalului, Nr. 2a, Ap. 3, C.P. 300708','Timisoara','Timis','Romania','BANCA COMERCIALA ROMANA','RO91RNCB0255121458020001',99,'RO','RON','i','n',2,'','ZAMFIROIU FLORIN','','n',NULL,NULL,NULL,NULL,NULL);
INSERT INTO "clienti" VALUES(11305,'PULS PRINTING SRL','RO26372717','J13/32/2010','PULS','B-dul Mamaia, Nr. 142, Et. 1','Constanta','Constanta','Romania','GARANTIBANK INTERNATIONAL NV ‚Äì SUCURSALA ROMANIA','RO21UGBI0000032009893RON',99,'RO','RON','i','n',2,'','LUPASCU CLAUDIU','0722456528','y',NULL,NULL,NULL,NULL,NULL);
INSERT INTO "clienti" VALUES(11306,'BYA MARITIM SRL','RO18390429','J13/445/2006','BYA','Str. Oituz, Nr. 71, Bl. D01, Et. 4, Ap. 20','Mangalia','Constanta','Romania','','',99,'RO','RON','i','n',2,'','','','y',NULL,NULL,NULL,NULL,NULL);
INSERT INTO "clienti" VALUES(11307,'ITLAB SERVICES & SECURITY SRL','RO30928269','J13/2518/2012','ITLAB','Aleea Macilor, Nr. 8, Bl. B`1, Sc. B, Et. 2, Ap. 32, C.P. 900653','Constanta','Constanta','Romania','BANCA TRANSILVANIA','RO81BTRL01401202N11044XX',99,'RO','RON','i','n',2,'','LAURA DOBROGHIN','0720300109','y',NULL,NULL,NULL,NULL,NULL);
INSERT INTO "clienti" VALUES(11308,'CMI UDMA D. LILIANA DIABET ZAHARAT, NUTRITIE SI BOLI METABOLICE','33329990','','','ALEEA MACILOR,NR.2,BL.2,AP.22','CONSTANTA','Constanta','Romania','','',99,'RO','RON','i','n',2,'','','','n',NULL,NULL,NULL,NULL,NULL);
INSERT INTO "clienti" VALUES(11309,'PARTENER BYM MARITIM SRL','RO33773592','J13/2154/2014','','Str. Medeleni 5 Limanu','LIMANU','Constanta','Romania','','',99,'RO','RON','i','n',2,'','','','y',NULL,NULL,NULL,NULL,NULL);
INSERT INTO "clienti" VALUES(11310,'EMANDRA EMISERV SRL','RO27664353','J29/1370/2010','','Str. Granitului, Nr. 2, C.P. 100269','Ploiesti','Prahova','Romania','','',99,'RO','RON','i','n',2,'','','','y',NULL,NULL,NULL,NULL,NULL);
INSERT INTO "clienti" VALUES(11311,'REGIA AUTONOMA JUDETEANA DE DRUMURI SI PODURI CONSTANTA  RA','2749993','J13/115/1991','RAJDP','Str. Celulozei, Nr. 15a, C.P. 900607','Constanta','Constanta','Romania','','',99,'RO','RON','i','n',2,'','','','n','',NULL,NULL,NULL,NULL);
INSERT INTO "clienti" VALUES(11312,'NS COPIERS SRL','RO10891203','J13/1921/1998','','Sos. Mangaliei 135','Constanta','Constanta','Romania','ING BANK NV','RO74INGB0004008177258913',99,'RO','RON','i','n',2,'sorin.serbanescu@nscopiers.ro','Sorin Serbanescu','0722233234','y','',NULL,NULL,NULL,NULL);
INSERT INTO "clienti" VALUES(11313,'PLANARA BUILDING WORKS SRL','RO30928307','J13/2516/2012','','Str. Siretului 17','Bis Constanta','Constanta','Romania','ING BANK NV','RO89INGB0000999903311374',99,'RO','RON','i','n',2,'','','','y','',NULL,NULL,NULL,NULL);
INSERT INTO "clienti" VALUES(11314,'MARCRIS BEST SOLUTIONS S.R.L.','25464650','J13/1060/2009','','B-Dul I.gh. Duca 81','Constanta','Constanta','Romania','BANCA TRANSILVANIA','RO90BTRL01401202J77249XX',99,'RO','RON','i','n',2,'','','','n','',NULL,NULL,NULL,NULL);
INSERT INTO "clienti" VALUES(11315,'AMARINO SRL','RO7082954','J13/5504/1994','','Str. Duiliu Zamfirescu 47a','Constanta','Constanta','Romania','','',99,'RO','RON','i','n',2,'','','','y','',NULL,NULL,NULL,NULL);
INSERT INTO "clienti" VALUES(11316,'XEROX (ROMANIA) ECHIPAMENTE SI SERVICII SA','RO10453114','J40/3577/1998','','B-Dul Dimitrie Pompeiu 5-7','Bucuresti','Bucuresti','Romania','CITIBANK ROMANIA','RO65CITI0000000725081006',99,'RO','RON','i','n',2,'mihaela.garcoveanu@xerox.com','MIHAELA GARCOVEANU','','y','',NULL,NULL,NULL,NULL);
INSERT INTO "clienti" VALUES(11317,'BYRON SHIPPING S.R.L.','RO28012005','J13/274/2011','','B-Dul Navodari 89','Navodari','Constanta','Romania','RAIFFEISEN BANK','RO43RZBR0000060013293760',99,'RO','RON','i','n',2,'','CORBOS NECULAE','','y',NULL,NULL,NULL,NULL,NULL);
INSERT INTO "clienti" VALUES(11318,'TEHNO COPIERS S.R.L.','RO15046081','J13/2552/2002','','Str. Pescarilor 35','Constanta','Constanta','Romania','BANC POST','RO78BPOS14002761606ROL01',99,'RO','RON','i','n',2,'','','','y','',NULL,NULL,NULL,NULL);
INSERT INTO "clienti" VALUES(11319,'ACTIV DESIGN SRL','RO14551271','J13/964/2002','','Str. Stadionului 3b','Navodari','Constanta','Romania','','',99,'RO','RON','i','n',2,'','','','y','',NULL,NULL,NULL,NULL);
INSERT INTO "clienti" VALUES(11320,'MAGENTA SYSTEM SA','RO11794217','J13/1178/1999','','Str. Henry Coanda 4','Constanta','Constanta','Romania','','',99,'RO','RON','i','n',2,'','','','¿Ä','',NULL,NULL,NULL,NULL);
INSERT INTO "clienti" VALUES(11321,'97 ELECTRICONST SRL','RO10127088','J13/546/1998','','Str. Chiliei 6','Constanta','Constanta','Romania','','',99,'RO','RON','i','n',2,'','','','y','',NULL,NULL,NULL,NULL);
INSERT INTO "clienti" VALUES(11322,'PETROCONST SA','RO6162290','J13/3113/1994','','Str. I.c.bratianu 45','Constanta','Constanta','Romania','','',99,'RO','RON','i','n',2,'','','','y','',NULL,NULL,NULL,NULL);
INSERT INTO "clienti" VALUES(11323,'SOCIETATE PROFESIONALA NOTARIALA PISTALU ELENA SI DELIORGA MARIA - CRISTINA','34022364','-/-/-','','Docherilor 2','Constanta','Constanta','Romania','','',99,'RO','RON','i','n',2,'','','','n','',NULL,NULL,NULL,NULL);
INSERT INTO "clienti" VALUES(11324,'IFCO S.A.','RO1890942','J13/1495/1991','','Str. Zburatorului 4','Constanta','Constanta','Romania','','',-1,'RO','RON','i','n',2,'','','','y','',NULL,NULL,NULL,NULL);
INSERT INTO "clienti" VALUES(11325,'SOCEP SA','RO1870767','J13/643/1991','','Incinta Port Nou Dana 34','- Constanta','Constanta','Romania','','',99,'RO','RON','i','n',2,'','','','y','',NULL,NULL,NULL,NULL);
INSERT INTO "clienti" VALUES(11326,'UNIVERSITATEA OVIDIUS','4301332','-/-/-','','Mamaia 124','Constanta','Constanta','Romania','TREZORERIA STATULUI','RO22TREZ231504601X000611',99,'RO','RON','i','n',2,'','IANOVICI MARCELA','','n','',NULL,NULL,NULL,NULL);
INSERT INTO "clienti" VALUES(11327,'PRODUCTON SRL','RO4528050','J40/18760/1993','','Str. Dr. Clunet 9','Bucuresti','Bucuresti','Romania','','',99,'RO','RON','i','n',2,'','','','y','',NULL,NULL,NULL,NULL);
INSERT INTO "clienti" VALUES(11328,'SINDICATUL LIBER PETROCHIMISTUL MIDIA','1860372','-/-/-','','Navodari Km23','Navodari','Constanta','Romania','','',99,'RO','RON','i','n',2,'','','','n','',NULL,NULL,NULL,NULL);
INSERT INTO "clienti" VALUES(11329,'PROAGROSERVICE SRL','RO17536233','J13/1407/2005','','Str. Tulcei 34','Ovidiu','Constanta','Romania','','',99,'RO','RON','i','n',2,'','','','y','',NULL,NULL,NULL,NULL);
INSERT INTO "clienti" VALUES(11330,'HOUSE CONSULT S.R.L.','RO17617974','J40/9325/2005','','str Fabrica de Caramida nr 1A, vila nr 8, sector 1','Bucuresti','Bucuresti','Romania','RAIFFEISEN BANK','RO60RZBR0000060006663310',99,'RO','RON','i','n',2,'','','','y',NULL,NULL,NULL,NULL,NULL);
INSERT INTO "clienti" VALUES(11331,'TOMIS LOGISTIC OFFICE SRL','RO14859485','J13/1936/2002','','Str. Badea Cartan 9','Constanta','Constanta','Romania','','',92,'RO','RON','i','n',2,'','','','y','',NULL,NULL,NULL,NULL);
INSERT INTO "clienti" VALUES(11332,'TOP VISION SRL','RO2753668','J13/4594/1992','','Str. T3 (zona Tabara Nord) 2','Navodari','Constanta','Romania','','',99,'RO','RON','i','n',2,'','','','y','',NULL,NULL,NULL,NULL);
INSERT INTO "clienti" VALUES(11333,'SERBAN D. MIHAELA-LAVINIA - BIROU INDIVIDUAL NOTARIAL','RO20414384','-/-/-','','Str. General Manu 64','Constanta','Constanta','Romania','','',99,'RO','RON','i','n',2,'','','','y','',NULL,NULL,NULL,NULL);
INSERT INTO "clienti" VALUES(11334,'ANTONESCU T. RALUCA-LILIANA','31247338','-/-/-','','Aleea Caprioarei 3','Constanta','Constanta','Romania','','',99,'RO','RON','i','n',2,'','','','n',NULL,NULL,NULL,NULL,NULL);
INSERT INTO "clienti" VALUES(11335,'T.M. CONT EXPERT SERV SRL','24233259','J13/2636/2008','','Str. Baba Novac 29','Constanta','Constanta','Romania','GARANTIBANK INTERNATIONAL NV ‚Äì SUCURSALA ROMANIA','RO22UGBI0000452003370RON',99,'RO','RON','i','n',2,'','','','n',NULL,NULL,NULL,NULL,NULL);
INSERT INTO "clienti" VALUES(11336,'MEDIA RESPONSIVE SRL','RO31062470','J13/21/2013','','Str. Mircea Cel Batran 99','Constanta','Constanta','Romania','','',99,'RO','RON','i','n',2,'','','','y','',NULL,NULL,NULL,NULL);
INSERT INTO "clienti" VALUES(11337,'MIND EVOLUTION SRL','21996280','J13/2124/2007','','Str. Biruintei 9','Constanta','Constanta','Romania','','',99,'RO','RON','i','n',2,'','','','n','',NULL,NULL,NULL,NULL);
INSERT INTO "clienti" VALUES(11338,'SIGNSTORE S.R.L.','RO28972971','J13/1849/2011','','Sos. Mangaliei - Constanta','Constanta','Constanta','Romania','','',99,'RO','RON','i','n',2,'','','','y','',NULL,NULL,NULL,NULL);
INSERT INTO "clienti" VALUES(11339,'VIFRANA S.A.','RO10684445','J13/1566/1998','','Inc.port Dana 15','cl.adm.romtrans - Constanta','Constanta','Romania','','',99,'RO','RON','i','n',2,'','','','y',NULL,NULL,NULL,NULL,NULL);
CREATE TABLE ibans (
  iban_id  integer PRIMARY KEY AUTOINCREMENT NOT NULL,
  banca    varchar(50),
  iban     varchar(50),
  swift    varchar(20),
  folosit  char(1) DEFAULT 'y',
  deleted  char(50) DEFAULT 'n'
, 'moneda' varchar (30));
INSERT INTO "ibans" VALUES(60,'VOLKSBANK ROMANIA','RO07VBBU2511CT2796852701','VBBUROBU','y','n','RON');
INSERT INTO "ibans" VALUES(61,'TREZORERIA STATULUI','RO47TREZ2315069XXX024129','TREZROBU','y','n','RON');
CREATE TABLE versiune (
  versiune  varchar(50) DEFAULT '3.1.0',
  an varchar(4)
);
INSERT INTO "versiune" VALUES('5.2.1.6','2014');
CREATE TABLE monede (
  simbol    varchar(10) PRIMARY KEY NOT NULL UNIQUE,
  denumire  varchar(50),
  folosit   char(1) DEFAULT y
);
INSERT INTO "monede" VALUES('RON','Leu','y');
INSERT INTO "monede" VALUES('EUR','Euro','y');
INSERT INTO "monede" VALUES('USD','Dolar','y');
INSERT INTO "monede" VALUES('GBP','Lira sterlina','n');
INSERT INTO "monede" VALUES('CAD','Dolar canadian','n');
INSERT INTO "monede" VALUES('AUD','Dolar australian','n');
INSERT INTO "monede" VALUES('CHF','Franc elvetian','n');
INSERT INTO "monede" VALUES('TRY','Lira turceasca','n');
INSERT INTO "monede" VALUES('CZK','Coroana ceheasca','n');
INSERT INTO "monede" VALUES('DKK','Coroana daneza','n');
INSERT INTO "monede" VALUES('FIM','Marca finlandeza','n');
INSERT INTO "monede" VALUES('HUF','100 forinti maghiari','n');
INSERT INTO "monede" VALUES('IEP','Lira irlandeza','n');
INSERT INTO "monede" VALUES('MDL','Leu moldovenesc','n');
INSERT INTO "monede" VALUES('SEK','Coroana suedeza','n');
INSERT INTO "monede" VALUES('BGN','Leva bulgareasca','n');
INSERT INTO "monede" VALUES('NOK','Coroana norvegiana','n');
INSERT INTO "monede" VALUES('JPY','100 Yeni japonezi','n');
INSERT INTO "monede" VALUES('RUB','Rubla','n');
INSERT INTO "monede" VALUES('EGP','Lira egipteana','n');
INSERT INTO "monede" VALUES('PLN','Zlotul polonez','n');
CREATE TABLE facturi (
  factura_id           integer PRIMARY KEY AUTOINCREMENT NOT NULL,
  configuratie_id      numeric(50),
  serie_id             integer,
  numar                varchar(30),
  serie                varchar(50),
  valoare_totala       numeric(50),
  valoare              numeric(50),
  valoare_TVA          numeric(50),
  v_valoare            numeric(50),
  v_valoare_TVA        numeric(50),
  v_valoare_totala     numeric(50),
  curs_schimb          numeric(50),
  moneda               varchar(10),
  cod_limba            varchar(10),
  cota_TVA             numeric(10),
  data_emiterii        date,
  ora_emitere          varchar(10),  
  data_scadentei       date,
  mentiuni             text,
  termen_plata         numeric(50),
  aviz                 varchar(50),
  flag_id              integer,
  tip_factura          char(1) DEFAULT 'n',
  stornata             char(1) DEFAULT 'n',
  discount             char(1) DEFAULT 'n',
  incasata             char(1) DEFAULT 'n',
  layout_id            integer DEFAULT 1,
  print_id             integer DEFAULT 1,
  tip_operatiune       char(1) DEFAULT i,
  client_id            numeric(50),
  client_denumire      varchar(50),
  client_cif           varchar(50),
  client_reg_com       varchar(50),
  cod_client           varchar(50),
  client_adresa        text,
  client_localitate    varchar(50),
  client_judet         varchar(50),
  client_tara          varchar(50) DEFAULT 'Romania',
  client_banca         varchar(50),
  client_IBAN          varchar(50),
  delegat_id           numeric(10),
  delegat_nume         varchar(50),
  delegat_buletin      varchar(50),
  delegat_auto         varchar(50),
  intocmitor_id        varchar(10),
  intocmitor_nume      varchar(50),
  intocmitor_cnp       varchar(50),
  iban_id1             varchar(10),
  iban_id2             varchar(10),
  iban_id3             varchar(10),
  iban_id4             varchar(10), 
  anulata              char(1) DEFAULT 'n',
  user_id              integer
, client_precizie integer, data_expedierii date, client_email varchar(50), client_nou integer default 0, client_pers_contact varchar(50), client_telefon varchar(20), observatii varchar(250), data_livrarii DATE DEFAULT '', data_incasarii_avans DATE DEFAULT '', tva_la_incasare CHAR( 1 ) DEFAULT 'n', valoare_baza_colectata NUMERIC( 50 ) DEFAULT 0, valoare_tva_colectata NUMERIC( 50 ) DEFAULT 0, v_valoare_baza_colectata NUMERIC( 50 ) DEFAULT 0, v_valoare_tva_colectata NUMERIC( 50 ) DEFAULT 0);
INSERT INTO "facturi" VALUES(1700,121,99,'000052','XR',4600.03,3709.7,890.33,3709.7,890.33,4600.03,1,'RON','RO',13,'2014-12-10',NULL,'2014-12-16','FACTURA CONTINE TIMBRU VERDE',-1,'',133,'n','n','n','y',2,3,'i',11302,'MIDIA MARINE TERMINAL SRL','RO21226273','J13/681/2007','','Portul Midia Danele 1-4, Cladire Grup Social','Navodari','Constanta','Romania','BANCA ROMANA PENTRU DEZVOLTARE','RO79BRDE450SV43193554500',-1,'','','','-1','DOBRE NICOLETA','2771029135710','60','0','0','0','n',0,2,'','',1,'','',NULL,'','','y',0,0,0,0);
INSERT INTO "facturi" VALUES(1701,121,99,'000053','XR',108.85,87.78,21.07,87.78,21.07,108.85,1,'RON','RO',13,'2014-12-10',NULL,'2014-12-15','',-1,'',133,'n','n','n','y',2,3,'i',11303,'EXPRESS MARK GROUP SRL','RO17166220','J13/239/2005','','Str. Pescarilor, Nr. 11, Bl. Mz5, Sc. A, Ap. 2, C.P. 900533','Constanta','Constanta','Romania','TRANSILVANIA CONSTANTA','',-1,'COJOCARU RADU','KT890471','','-1','DRAGOI DANIELA','2701204131233','60','0','0','0','n',0,2,'','',1,'COJOCARU RADU','0723576623',NULL,'','','y',0,0,0,0);
INSERT INTO "facturi" VALUES(1703,121,99,'000054','XR',142.5,114.92,27.58,114.92,27.58,142.5,1,'RON','RO',13,'2014-12-11',NULL,'2014-12-15','',-1,'',133,'n','n','n','n',2,3,'i',11308,'CMI UDMA D. LILIANA DIABET ZAHARAT, NUTRITIE SI BOLI METABOLICE','33329990','','','ALEEA MACILOR,NR.2,BL.2,AP.22','CONSTANTA','Constanta','Romania','','',-1,'','','','-1','TUDOR LUMINITA MONICA','2700405131216','60','0','0','0','n',0,2,'','',0,'','',NULL,'','','y',0,0,0,0);
INSERT INTO "facturi" VALUES(1704,121,99,'000055','XR',5248.17,4232.4,1015.77,4232.4,1015.77,5248.17,1,'RON','RO',13,'2014-12-12',NULL,'2014-12-16','',-1,'',133,'n','n','n','y',2,3,'i',11306,'BYA MARITIM SRL','RO18390429','J13/445/2006','BYA','Str. Oituz, Nr. 71, Bl. D01, Et. 4, Ap. 20','Mangalia','Constanta','Romania','','',-1,'','','','15','DOBRE NICOLETA','2771029135710','60','0','0','0','n',0,2,'','',0,'','',NULL,'','','y',0,0,0,0);
INSERT INTO "facturi" VALUES(1705,121,99,'000056','XR',9334.22,7527.6,1806.62,7527.6,1806.62,9334.22,1,'RON','RO',13,'2014-12-12',NULL,'2014-12-16','',-1,'',133,'n','n','n','y',2,3,'i',11309,'PARTENER BYM MARITIM SRL','RO33773592','J13/2154/2014','','Str. Medeleni 5 Limanu','LIMANU','Constanta','Romania','','',-1,'','','','15','DOBRE NICOLETA','2771029135710','60','0','0','0','n',0,2,'','',0,'','',NULL,'','','y',0,0,0,0);
INSERT INTO "facturi" VALUES(1706,122,99,'000057','XR',3834.36,3092.23,742.13,3092.23,742.13,3834.36,1,'RON','RO',13,'2014-12-15',NULL,'2014-12-22','AGIGEA',-1,'',133,'n','n','n','y',2,3,'i',11304,'DSD NOELL SRL','RO28350898','J35/870/2011','DSD','Aleea Cristalului, Nr. 2a, Ap. 3, C.P. 300708','Timisoara','Timis','Romania','BANCA COMERCIALA ROMANA','RO91RNCB0255121458020001',-1,'','','','-1','TUDOR LUMINITA MONICA','2700405131216','60','0','0','0','n',0,2,'','',0,'ZAMFIROIU FLORIN','',NULL,'','','n',0,0,0,0);
INSERT INTO "facturi" VALUES(1707,123,99,'000058','XR',2527.05,2037.94,489.11,2037.94,489.11,2527.05,1,'RON','RO',13,'2014-12-15',NULL,'2014-12-22','CERNAVODA',-1,'',133,'n','n','n','y',2,3,'i',11304,'DSD NOELL SRL','RO28350898','J35/870/2011','DSD','Aleea Cristalului, Nr. 2a, Ap. 3, C.P. 300708','Timisoara','Timis','Romania','BANCA COMERCIALA ROMANA','RO91RNCB0255121458020001',-1,'','','','17','TUDOR LUMINITA MONICA','2700405131216','60','0','0','0','n',0,2,'','',0,'ZAMFIROIU FLORIN','',NULL,'','','n',0,0,0,0);
INSERT INTO "facturi" VALUES(1708,123,99,'000059','XR',92.86,74.89,17.97,74.89,17.97,92.86,1,'RON','RO',13,'2014-12-15',NULL,'2014-12-22','OVIDIU',-1,'',133,'n','n','n','y',2,3,'i',11304,'DSD NOELL SRL','RO28350898','J35/870/2011','DSD','Aleea Cristalului, Nr. 2a, Ap. 3, C.P. 300708','Timisoara','Timis','Romania','BANCA COMERCIALA ROMANA','RO91RNCB0255121458020001',-1,'','','','17','TUDOR LUMINITA MONICA','2700405131216','60','0','0','0','n',0,2,'','',0,'ZAMFIROIU FLORIN','',NULL,'','','n',0,0,0,0);
INSERT INTO "facturi" VALUES(1709,123,99,'000060','XR',1004.4,810,194.4,810,194.4,1004.4,1,'RON','RO',13,'2014-12-15',NULL,'2014-12-19','',-1,'',133,'n','n','n','y',2,3,'i',11310,'EMANDRA EMISERV SRL','RO27664353','J29/1370/2010','','Str. Granitului, Nr. 2, C.P. 100269','Ploiesti','Prahova','Romania','','',-1,'','','','15','DOBRE NICOLETA','2771029135710','60','0','0','0','n',0,2,'','',0,'','',NULL,'','','n',0,0,0,0);
INSERT INTO "facturi" VALUES(1710,123,99,'000061','XR',53965.54,43520.6,10444.94,43520.6,10444.94,53965.54,1,'RON','RO',13,'2014-12-16',NULL,'2014-12-23','',-1,'',133,'n','n','n','p',2,3,'i',11311,'REGIA AUTONOMA JUDETEANA DE DRUMURI SI PODURI CONSTANTA  RA','RO2749993','J13/115/1991','RAJDP','Str. Celulozei, Nr. 15a, C.P. 900607','Constanta','Constanta','Romania','','',-1,'','','','-1','DOBRE NICOLETA','2771029135710','60','0','0','0','n',0,2,'','',1,'','',NULL,'','','n',0,0,0,0);
INSERT INTO "facturi" VALUES(1711,123,99,'000062','XR',1582.05,1275.85,306.2,1275.85,306.2,1582.05,1,'RON','RO',13,'2014-12-19',NULL,'2014-12-24','',-1,'',133,'n','n','n','y',2,3,'i',11312,'NS COPIERS SRL','RO10891203','J13/1921/1998','','Sos. Mangaliei 135','Constanta','Constanta','Romania','ING BANK NV','RO74INGB0004008177258913',-1,'','','','15','DOBRE NICOLETA','2771029135710','60','0','0','0','n',0,2,'','sorin.serbanescu@nscopiers.ro',1,'Sorin Serbanescu','0722233234',NULL,'','','n',0,0,0,0);
INSERT INTO "facturi" VALUES(1712,123,99,'000063','XR',415.77,335.3,80.47,335.3,80.47,415.77,1,'RON','RO',13,'2014-12-19',NULL,'2014-12-23','',-1,'',133,'n','n','n','y',2,3,'i',11306,'BYA MARITIM SRL','RO18390429','J13/445/2006','BYA','Str. Oituz, Nr. 71, Bl. D01, Et. 4, Ap. 20','Mangalia','Constanta','Romania','','',-1,'','','','-1','DOBRE NICOLETA','2771029135710','60','0','0','0','n',0,2,'','',0,'','',NULL,'','','n',0,0,0,0);
INSERT INTO "facturi" VALUES(1713,123,99,'000064','XR',3950.07,3185.54,764.53,3185.54,764.53,3950.07,1,'RON','RO',13,'2014-12-19',NULL,'2014-12-23','',-1,'',134,'n','n','n','p',2,3,'i',11309,'PARTENER BYM MARITIM SRL','RO33773592','J13/2154/2014','','Str. Medeleni 5 Limanu','LIMANU','Constanta','Romania','','',-1,'','','','-1','DOBRE NICOLETA','2771029135710','60','0','0','0','n',0,2,'','',0,'','',NULL,'','','n',0,0,0,0);
INSERT INTO "facturi" VALUES(1714,123,99,'000065','XR',508.75,410.28,98.47,410.28,98.47,508.75,1,'RON','RO',13,'2014-12-19',NULL,'2014-12-29','',-1,'',133,'n','n','n','y',2,3,'i',11313,'PLANARA BUILDING WORKS SRL','RO30928307','J13/2516/2012','','Str. Siretului 17','Bis Constanta','Constanta','Romania','','',-1,'','','','-1','DRAGOI DANIELA','2701204131233','60','0','0','0','n',0,2,'','',1,'','',NULL,'','','n',0,0,0,0);
INSERT INTO "facturi" VALUES(1715,123,99,'000066','XR',14287.73,11522.36,2765.37,11522.36,2765.37,14287.73,1,'RON','RO',13,'2014-12-19',NULL,'2014-12-29','',-1,'',133,'n','n','n','y',2,3,'i',11305,'PULS PRINTING SRL','RO26372717','J13/32/2010','PULS','B-dul Mamaia, Nr. 142, Et. 1','Constanta','Constanta','Romania','','',-1,'','','','16','DRAGOI DANIELA','2701204131233','60','0','0','0','n',0,2,'','',0,'LUPASCU CLAUDIU','0722456528',NULL,'','','n',0,0,0,0);
INSERT INTO "facturi" VALUES(1716,123,99,'000067','XR',120,96.77,23.23,96.77,23.23,120,1,'RON','RO',13,'2014-12-22',NULL,'2014-12-25','',-1,'',133,'n','n','n','n',2,3,'i',11308,'CMI UDMA D. LILIANA DIABET ZAHARAT, NUTRITIE SI BOLI METABOLICE','33329990','','','ALEEA MACILOR,NR.2,BL.2,AP.22','CONSTANTA','Constanta','Romania','','',-1,'','','','17','TUDOR LUMINITA MONICA','2700405131216','60','0','0','0','n',0,2,'','',0,'','',NULL,'','','n',0,0,0,0);
INSERT INTO "facturi" VALUES(1717,123,99,'000068','XR',287.7,232.02,55.68,232.02,55.68,287.7,1,'RON','RO',13,'2014-12-22',NULL,'2014-12-31','',-1,'',133,'n','n','n','n',2,3,'i',11314,'MARCRIS BEST SOLUTIONS S.R.L.','25464650','J13/1060/2009','','B-Dul I.gh. Duca 81','Constanta','Constanta','Romania','','',-1,'','','','15','DOBRE NICOLETA','2771029135710','60','0','0','0','n',0,2,'','',1,'','',NULL,'','','n',0,0,0,0);
INSERT INTO "facturi" VALUES(1718,123,99,'000069','XR',36.67,29.57,7.1,29.57,7.1,36.67,1,'RON','RO',13,'2014-12-22',NULL,'2014-12-22','',-1,'',133,'n','n','n','y',2,1,'i',11315,'AMARINO SRL','RO7082954','J13/5504/1994','','Str. Duiliu Zamfirescu 47a','Constanta','Constanta','Romania','','',-1,'','','','17','TUDOR LUMINITA MONICA','2700405131216','60','0','0','0','n',0,2,'','',1,'','',NULL,'','','n',0,0,0,0);
INSERT INTO "facturi" VALUES(1720,123,99,'000070','XR',9607.99,7748.38,1859.61,7748.38,1859.61,9607.99,1,'RON','RO',13,'2015-01-06',NULL,'2015-03-06','',-1,'',134,'n','n','n','y',2,3,'i',11316,'XEROX (ROMANIA) ECHIPAMENTE SI SERVICII SA','RO10453114','J40/3577/1998','','B-Dul Dimitrie Pompeiu 5-7','Bucuresti','Bucuresti','Romania','CITIBANK ROMANIA','RO65CITI0000000725081006',-1,'TRIMIS CURIER','','','-1','DRAGOI DANIELA','2701204131233','60','0','0','0','n',0,2,'','aura.nicolcea@xerox.com',0,'AURA NICOLCEA','',NULL,'','','n',0,0,0,0);
INSERT INTO "facturi" VALUES(1721,123,99,'000071','XR',4206.73,3392.52,814.21,3392.52,814.21,4206.73,1,'RON','RO',13,'2015-01-06',NULL,'2015-03-06','',-1,'',134,'n','n','n','y',2,3,'i',11316,'XEROX (ROMANIA) ECHIPAMENTE SI SERVICII SA','RO10453114','J40/3577/1998','','B-Dul Dimitrie Pompeiu 5-7','Bucuresti','Bucuresti','Romania','CITIBANK ROMANIA','RO65CITI0000000725081006',12,'TRIMIS CURIER','','','16','DRAGOI DANIELA','2701204131233','60','0','0','0','n',0,2,'','aura.nicolcea@xerox.com',0,'AURA NICOLCEA','',NULL,'','','n',0,0,0,0);
INSERT INTO "facturi" VALUES(1722,123,99,'000072','XR',167.34,134.95,32.39,134.95,32.39,167.34,1,'RON','RO',13,'2015-01-07',NULL,'2015-01-12','',-1,'',134,'n','n','n','y',2,3,'i',11307,'ITLAB SERVICES & SECURITY SRL','RO30928269','J13/2518/2012','ITLAB','Aleea Macilor, Nr. 8, Bl. B`1, Sc. B, Et. 2, Ap. 32, C.P. 900653','Constanta','Constanta','Romania','BANCA TRANSILVANIA','RO81BTRL01401202N11044XX',13,'MIRCEA GIUGLEA','KT819369','CT-11-DAY','16','DRAGOI DANIELA','2701204131233','60','0','0','0','n',0,2,'','',0,'LAURA DOBROGHIN','0720300109',NULL,'','','n',0,0,0,0);
INSERT INTO "facturi" VALUES(1724,123,99,'000073','XR',99,79.84,19.16,79.84,19.16,99,1,'RON','RO',13,'2015-01-07',NULL,'','',-1,'',134,'n','n','n','y',2,1,'i',11317,'BYRON SHIPPING S.R.L.','RO28012005','J13/274/2011','','B-Dul Navodari 89','Navodari','Constanta','Romania','RAIFFEISEN BANK','RO43RZBR0000060013293760',14,'CORBOS NECULAE','KZ092682','','17','TUDOR LUMINITA MONICA','2700405131216','60','0','0','0','n',0,2,'','',0,'CORBOS NECULAE','',NULL,'','','n',0,0,0,0);
INSERT INTO "facturi" VALUES(1725,123,99,'000074','XR',188,151.61,36.39,151.61,36.39,188,1,'RON','RO',13,'2015-01-09',NULL,'2015-01-13','',-1,'',134,'n','n','n','y',2,3,'i',11318,'TEHNO COPIERS S.R.L.','RO15046081','J13/2552/2002','','Str. Pescarilor 35','Constanta','Constanta','Romania','BANC POST','RO78BPOS14002761606ROL01',15,'VELEANU ADRIAN','KZ000667','','16','DRAGOI DANIELA','2701204131233','60','0','0','0','n',0,2,'','',1,'','',NULL,'','','n',0,0,0,0);
INSERT INTO "facturi" VALUES(1726,123,99,'000075','XR',501.48,404.42,97.06,404.42,97.06,501.48,1,'RON','RO',13,'2015-01-14',NULL,'2015-01-21','',-1,'',134,'n','n','n','y',2,3,'i',11319,'ACTIV DESIGN SRL','RO14551271','J13/964/2002','','Str. Stadionului 3b','Navodari','Constanta','Romania','','',16,'MATACA ADRIAN','KT024742','','16','DRAGOI DANIELA','2701204131233','60','0','0','0','n',0,2,'','',1,'','',NULL,'','','n',0,0,0,0);
INSERT INTO "facturi" VALUES(1727,123,99,'000076','XR',338.34,272.85,65.49,272.85,65.49,338.34,1,'RON','RO',13,'2015-01-15',NULL,'2015-01-21','',-1,'',134,'n','n','n','n',2,3,'i',11311,'REGIA AUTONOMA JUDETEANA DE DRUMURI SI PODURI CONSTANTA  RA','2749993','J13/115/1991','RAJDP','Str. Celulozei, Nr. 15a, C.P. 900607','Constanta','Constanta','Romania','','',-1,'','','','15','DOBRE NICOLETA','2771029135710','60','0','0','0','n',0,2,'','',0,'','',NULL,'','','n',0,0,0,0);
INSERT INTO "facturi" VALUES(1728,125,99,'000077','XR',230,185.48,44.52,185.48,44.52,230,1,'RON','RO',13,'2015-01-16',NULL,'','',-1,'',134,'n','n','n','y',2,1,'i',11320,'MAGENTA SYSTEM SA','RO11794217','J13/1178/1999','','Str. Henry Coanda 4','Constanta','Constanta','Romania','','',-1,'','','','-1','DOBRE NICOLETA','2771029135710','60','0','0','0','n',0,2,'','',1,'','',NULL,'','','n',0,0,0,0);
INSERT INTO "facturi" VALUES(1729,123,99,'000078','XR',15.8,12.74,3.06,12.74,3.06,15.8,1,'RON','RO',13,'2015-01-16',NULL,'','',-1,'',134,'n','n','n','y',2,1,'i',11321,'97 ELECTRICONST SRL','RO10127088','J13/546/1998','','Str. Chiliei 6','Constanta','Constanta','Romania','','',-1,'','','','15','DOBRE NICOLETA','2771029135710','60','0','0','0','n',0,2,'','',1,'','',NULL,'','','n',0,0,0,0);
INSERT INTO "facturi" VALUES(1730,123,99,'000079','XR',182.42,147.11,35.31,147.11,35.31,182.42,1,'RON','RO',13,'2015-01-21',NULL,'2015-01-28','',-1,'',134,'n','n','n','y',2,3,'i',11313,'PLANARA BUILDING WORKS SRL','RO30928307','J13/2516/2012','','Str. Siretului 17','Bis Constanta','Constanta','Romania','ING BANK NV','RO89INGB0000999903311374',-1,'MIRCEA GIUGLEA','KT819369','CT-11-DAY','-1','DRAGOI DANIELA','2701204131233','60','0','0','0','n',0,2,'','',0,'','',NULL,'','','n',0,0,0,0);
INSERT INTO "facturi" VALUES(1731,123,99,'000080','XR',314.29,253.46,60.83,253.46,60.83,314.29,1,'RON','RO',13,'2015-01-21',NULL,'2015-01-28','',-1,'',134,'n','n','n','n',2,3,'i',11314,'MARCRIS BEST SOLUTIONS S.R.L.','25464650','J13/1060/2009','','B-Dul I.gh. Duca 81','Constanta','Constanta','Romania','BANCA TRANSILVANIA','RO90BTRL01401202J77249XX',13,'MIRCEA GIUGLEA','KT819369','CT-11-DAY','16','DRAGOI DANIELA','2701204131233','60','0','0','0','n',0,2,'','',0,'','',NULL,'','','n',0,0,0,0);
INSERT INTO "facturi" VALUES(1732,124,99,'000081','XR',1476.72,1190.9,285.82,1190.9,285.82,1476.72,1,'RON','RO',13,'2015-01-21',NULL,'2015-01-28','',-1,'',134,'n','n','n','y',2,3,'i',11320,'MAGENTA SYSTEM SA','RO11794217','J13/1178/1999','','Str. Henry Coanda 4','Constanta','Constanta','Romania','','',-1,'','','','15','DOBRE NICOLETA','2771029135710','60','0','0','0','n',0,2,'','',0,'','',NULL,'','','n',0,0,0,0);
INSERT INTO "facturi" VALUES(1734,126,99,'000082','XR',6356.18,5125.95,1230.23,5125.95,1230.23,6356.18,1,'RON','RO',13,'2015-01-22',NULL,'2015-01-29','',-1,'',134,'n','n','n','y',2,3,'i',11305,'PULS PRINTING SRL','RO26372717','J13/32/2010','PULS','B-dul Mamaia, Nr. 142, Et. 1','Constanta','Constanta','Romania','GARANTIBANK INTERNATIONAL NV ‚Äì SUCURSALA ROMANIA','RO21UGBI0000032009893RON',13,'Mircea Giuglea','KT819369','CT-11DAY','16','DRAGOI DANIELA','2701204131233','60','0','0','0','n',0,2,'','',0,'LUPASCU CLAUDIU','0722456528',NULL,'','','n',0,0,0,0);
INSERT INTO "facturi" VALUES(1735,126,99,'000083','XR',1187.07,957.31,229.76,957.31,229.76,1187.07,1,'RON','RO',13,'2015-01-27',NULL,'2015-02-03','',-1,'',134,'n','n','n','y',2,3,'i',11307,'ITLAB SERVICES & SECURITY SRL','RO30928269','J13/2518/2012','ITLAB','Aleea Macilor, Nr. 8, Bl. B`1, Sc. B, Et. 2, Ap. 32, C.P. 900653','Constanta','Constanta','Romania','BANCA TRANSILVANIA','RO81BTRL01401202N11044XX',-1,'','','','16','DRAGOI DANIELA','2701204131233','60','0','0','0','n',0,2,'','',0,'LAURA DOBROGHIN','0720300109',NULL,'','','n',0,0,0,0);
INSERT INTO "facturi" VALUES(1736,126,99,'000084','XR',335.37,270.46,64.91,270.46,64.91,335.37,1,'RON','RO',13,'2015-01-27',NULL,'2015-02-05','',-1,'',134,'n','n','n','y',2,3,'i',11312,'NS COPIERS SRL','RO10891203','J13/1921/1998','','Sos. Mangaliei 135','Constanta','Constanta','Romania','ING BANK NV','RO74INGB0004008177258913',-1,'','','','16','DRAGOI DANIELA','2701204131233','60','0','0','0','n',0,2,'','sorin.serbanescu@nscopiers.ro',0,'Sorin Serbanescu','0722233234',NULL,'','','n',0,0,0,0);
INSERT INTO "facturi" VALUES(1737,126,99,'000085','XR',37.1,29.92,7.18,29.92,7.18,37.1,1,'RON','RO',13,'2015-01-27',NULL,'2015-02-05','',-1,'',134,'n','n','n','n',2,3,'i',11322,'PETROCONST SA','RO6162290','J13/3113/1994','','Str. I.c.bratianu 45','Constanta','Constanta','Romania','','',-1,'','','','17','TUDOR LUMINITA MONICA','2700405131216','60','0','0','0','n',0,2,'','',1,'','',NULL,'','','n',0,0,0,0);
INSERT INTO "facturi" VALUES(1738,126,99,'000086','XR',1513.82,1220.82,293,1220.82,293,1513.82,1,'RON','RO',13,'2015-01-28',NULL,'2015-02-09','',-1,'',134,'n','n','n','y',2,3,'i',11303,'EXPRESS MARK GROUP SRL','RO17166220','J13/239/2005','EXPR','Str. Pescarilor, Nr. 11, Bl. Mz5, Sc. A, Ap. 2, C.P. 900533','Constanta','Constanta','Romania','TRANSILVANIA CONSTANTA','',11,'COJOCARU RADU','KT890471','','-1','','','60','0','0','0','n',0,2,'','',0,'COJOCARU RADU','0723576623',NULL,'','','n',0,0,0,0);
INSERT INTO "facturi" VALUES(1739,126,99,'000087','XR',18538.88,14950.71,3588.17,14950.71,3588.17,18538.88,1,'RON','RO',13,'2015-01-30',NULL,'2015-02-09','CERNAVODA-CONFORM CTR.NR.2/29.10.2014',-1,'',134,'n','n','n','y',2,3,'i',11304,'DSD NOELL SRL','RO28350898','J35/870/2011','DSD','Aleea Cristalului, Nr. 2a, Ap. 3, C.P. 300708','Timisoara','Timis','Romania','BANCA COMERCIALA ROMANA','RO91RNCB0255121458020001',-1,'','','','17','TUDOR LUMINITA MONICA','2700405131216','60','0','0','0','n',0,2,'','',0,'ZAMFIROIU FLORIN','',NULL,'','','n',0,0,0,0);
INSERT INTO "facturi" VALUES(1740,126,99,'000088','XR',767.09,618.62,148.47,618.62,148.47,767.09,1,'RON','RO',13,'2015-01-30',NULL,'2015-02-09','OVIDIU-CONFORM CTR.NR.2/29.10.2014',-1,'',134,'n','n','n','y',2,3,'i',11304,'DSD NOELL SRL','RO28350898','J35/870/2011','DSD','Aleea Cristalului, Nr. 2a, Ap. 3, C.P. 300708','Timisoara','Timis','Romania','BANCA COMERCIALA ROMANA','RO91RNCB0255121458020001',-1,'','','','17','TUDOR LUMINITA MONICA','2700405131216','60','0','0','0','n',0,2,'','',0,'ZAMFIROIU FLORIN','',NULL,'','','n',0,0,0,0);
INSERT INTO "facturi" VALUES(1741,126,99,'000089','XR',13408.97,10813.69,2595.28,10813.69,2595.28,13408.97,1,'RON','RO',13,'2015-01-30',NULL,'2015-02-09','AGIGEA-CONFORM CTR.NR.2/29.10.2014',-1,'',134,'n','n','n','y',2,3,'i',11304,'DSD NOELL SRL','RO28350898','J35/870/2011','DSD','Aleea Cristalului, Nr. 2a, Ap. 3, C.P. 300708','Timisoara','Timis','Romania','BANCA COMERCIALA ROMANA','RO91RNCB0255121458020001',-1,'','','','17','TUDOR LUMINITA MONICA','2700405131216','60','0','0','0','n',0,2,'','',0,'ZAMFIROIU FLORIN','',NULL,'','','n',0,0,0,0);
INSERT INTO "facturi" VALUES(1742,126,99,'000090','XR',334,269.35,64.65,269.35,64.65,334,1,'RON','RO',13,'2015-01-30',NULL,'2015-02-09','',-1,'',134,'n','n','n','y',2,3,'i',11313,'PLANARA BUILDING WORKS SRL','RO30928307','J13/2516/2012','','Str. Siretului 17','Bis Constanta','Constanta','Romania','ING BANK NV','RO89INGB0000999903311374',-1,'','','','17','TUDOR LUMINITA MONICA','2700405131216','60','0','0','0','n',0,2,'','',0,'','',NULL,'','','n',0,0,0,0);
INSERT INTO "facturi" VALUES(1743,126,99,'000091','XR',120,96.77,23.23,96.77,23.23,120,1,'RON','RO',13,'2015-02-02',NULL,'2015-02-02','',-1,'',134,'n','n','n','y',2,1,'i',11308,'CMI UDMA D. LILIANA DIABET ZAHARAT, NUTRITIE SI BOLI METABOLICE','33329990','','','ALEEA MACILOR,NR.2,BL.2,AP.22','CONSTANTA','Constanta','Romania','','',-1,'','','','17','TUDOR LUMINITA MONICA','2700405131216','60','0','0','0','n',0,2,'','',0,'','',NULL,'','','n',0,0,0,0);
INSERT INTO "facturi" VALUES(1744,128,99,'000092','XR',7904.52,6374.61,1529.91,6374.61,1529.91,7904.52,1,'RON','RO',13,'2015-02-04',NULL,'2015-04-06','',-1,'',134,'n','n','n','n',2,3,'i',11316,'XEROX (ROMANIA) ECHIPAMENTE SI SERVICII SA','RO10453114','J40/3577/1998','','B-Dul Dimitrie Pompeiu 5-7','Bucuresti','Bucuresti','Romania','CITIBANK ROMANIA','RO65CITI0000000725081006',-1,'TRIMIS CURIER','','','-1','DRAGOI DANIELA','2701204131233','60','0','0','0','n',0,2,'','mihaela.garcoveanu@xerox.com',0,'MIHAELA GARCOVEANU','',NULL,'','','n',0,0,0,0);
INSERT INTO "facturi" VALUES(1745,128,99,'000093','XR',756.4,610,146.4,610,146.4,756.4,1,'RON','RO',13,'2015-02-04',NULL,'','',-1,'',134,'n','n','n','y',2,1,'i',11323,'SOCIETATE PROFESIONALA NOTARIALA PISTALU ELENA SI DELIORGA MARIA - CRISTINA','34022364','-/-/-','','Docherilor 2','Constanta','Constanta','Romania','','',-1,'','','','15','DOBRE NICOLETA','2771029135710','60','0','0','0','n',0,2,'','',1,'','',NULL,'','','n',0,0,0,0);
INSERT INTO "facturi" VALUES(1746,128,99,'000094','XR',37.2,30,7.2,30,7.2,37.2,1,'RON','RO',13,'2015-02-05',NULL,'2015-02-12','',-1,'',134,'n','n','n','n',2,3,'i',11324,'IFCO S.A.','RO1890942','J13/1495/1991','','Str. Zburatorului 4','Constanta','Constanta','Romania','','',-1,'','','','15','DOBRE NICOLETA','2771029135710','60','0','0','0','n',0,2,'','',1,'','',NULL,'','','n',0,0,0,0);
INSERT INTO "facturi" VALUES(1747,128,99,'000095','XR',50,40.32,9.68,40.32,9.68,50,1,'RON','RO',13,'2015-02-06',NULL,'2015-02-23','',-1,'',134,'n','n','n','y',2,3,'i',11325,'SOCEP SA','RO1870767','J13/643/1991','','Incinta Port Nou Dana 34','- Constanta','Constanta','Romania','','',17,'MIRELA APOLOZAN','','','16','DRAGOI DANIELA','2701204131233','60','0','0','0','n',0,2,'','',1,'','',NULL,'','','n',0,0,0,0);
INSERT INTO "facturi" VALUES(1748,128,99,'000096','XR',175,141.13,33.87,141.13,33.87,175,1,'RON','RO',13,'2015-02-11',NULL,'2015-02-20','',-1,'',134,'n','n','n','y',2,3,'i',11305,'PULS PRINTING SRL','RO26372717','J13/32/2010','PULS','B-dul Mamaia, Nr. 142, Et. 1','Constanta','Constanta','Romania','GARANTIBANK INTERNATIONAL NV ‚Äì SUCURSALA ROMANIA','RO21UGBI0000032009893RON',-1,'','','','17','TUDOR LUMINITA MONICA','2700405131216','60','0','0','0','n',0,2,'','',0,'LUPASCU CLAUDIU','0722456528',NULL,'','','n',0,0,0,0);
INSERT INTO "facturi" VALUES(1749,128,99,'000097','XR',665.15,536.41,128.74,536.41,128.74,665.15,1,'RON','RO',13,'2015-02-12',NULL,'2015-02-17','',-1,'',134,'n','n','n','y',2,3,'i',11303,'EXPRESS MARK GROUP SRL','RO17166220','J13/239/2005','EXPR','Str. Pescarilor, Nr. 11, Bl. Mz5, Sc. A, Ap. 2, C.P. 900533','Constanta','Constanta','Romania','TRANSILVANIA CONSTANTA','',-1,'','','','15','DOBRE NICOLETA','2771029135710','60','0','0','0','n',0,2,'','',0,'COJOCARU RADU','0723576623',NULL,'','','n',0,0,0,0);
INSERT INTO "facturi" VALUES(1750,128,99,'000098','XR',338.71,273.15,65.56,273.15,65.56,338.71,1,'RON','RO',13,'2015-02-23',NULL,'2015-03-06','',-1,'',134,'n','n','n','y',2,3,'i',11314,'MARCRIS BEST SOLUTIONS S.R.L.','25464650','J13/1060/2009','','B-Dul I.gh. Duca 81','Constanta','Constanta','Romania','BANCA TRANSILVANIA','RO90BTRL01401202J77249XX',13,'MIRCEA GIUGLEA','','CT-11-DAY','16','DRAGOI DANIELA','2701204131233','60','0','0','0','n',0,2,'','',0,'','',NULL,'','','n',0,0,0,0);
INSERT INTO "facturi" VALUES(1751,128,99,'000099','XR',568.29,458.3,109.99,458.3,109.99,568.29,1,'RON','RO',13,'2015-02-24',NULL,'2015-03-09','',-1,'',134,'n','n','n','y',2,3,'i',11313,'PLANARA BUILDING WORKS SRL','RO30928307','J13/2516/2012','','Str. Siretului 17','Bis Constanta','Constanta','Romania','ING BANK NV','RO89INGB0000999903311374',-1,'MIRCEA GIUGLEA','','CT-11-DAY','-1','DRAGOI DANIELA','2701204131233','60','0','0','0','n',0,2,'','',0,'','',NULL,'','','n',0,0,0,0);
INSERT INTO "facturi" VALUES(1752,128,99,'000100','XR',828.55,668.19,160.36,668.19,160.36,828.55,1,'RON','RO',13,'2015-02-24',NULL,'2015-03-09','',-1,'',134,'n','n','n','y',2,3,'i',11313,'PLANARA BUILDING WORKS SRL','RO30928307','J13/2516/2012','','Str. Siretului 17','Bis Constanta','Constanta','Romania','ING BANK NV','RO89INGB0000999903311374',13,'MIRCEA GIUGLEA','','CT-11-DAY','16','DRAGOI DANIELA','2701204131233','60','0','0','0','n',0,2,'','',0,'','',NULL,'','','n',0,0,0,0);
INSERT INTO "facturi" VALUES(1753,128,99,'000101','XR',1029.24,830.03,199.21,830.03,199.21,1029.24,1,'RON','RO',13,'2015-02-24',NULL,'2015-03-12','',-1,'',134,'n','n','n','n',2,3,'i',11303,'EXPRESS MARK GROUP SRL','RO17166220','J13/239/2005','EXPR','Str. Pescarilor, Nr. 11, Bl. Mz5, Sc. A, Ap. 2, C.P. 900533','Constanta','Constanta','Romania','TRANSILVANIA CONSTANTA','',11,'COJOCARU RADU','KT890471','','16','DRAGOI DANIELA','2701204131233','60','0','0','0','n',0,2,'','',0,'COJOCARU RADU','0723576623',NULL,'','','n',0,0,0,0);
INSERT INTO "facturi" VALUES(1754,128,99,'000102','XR',969.01,781.46,187.55,781.46,187.55,969.01,1,'RON','RO',13,'2015-02-25',NULL,'2015-03-27','',-1,'',134,'n','n','n','n',2,3,'i',11326,'UNIVERSITATEA OVIDIUS','4301332','-/-/-','','Mamaia 124','Constanta','Constanta','Romania','TREZORERIA STATULUI','RO22TREZ231504601X000611',13,'MIRCEA GIUGLEA','','CT-11-DAY','16','DRAGOI DANIELA','2701204131233','60','61','0','0','n',0,2,'','',1,'IANOVICI MARCELA','',NULL,'','','n',0,0,0,0);
INSERT INTO "facturi" VALUES(1755,128,99,'000103','XR',110.88,89.42,21.46,89.42,21.46,110.88,1,'RON','RO',13,'2015-02-25',NULL,'2015-03-05','',-1,'',134,'n','n','n','n',2,3,'i',11327,'PRODUCTON SRL','RO4528050','J40/18760/1993','','Str. Dr. Clunet 9','Bucuresti','Bucuresti','Romania','','',12,'TRIMIS CURIER','','','16','DRAGOI DANIELA','2701204131233','60','61','0','0','n',0,2,'','',1,'','',NULL,'','','n',0,0,0,0);
INSERT INTO "facturi" VALUES(1756,128,99,'000104','XR',7747.23,6247.77,1499.46,6247.77,1499.46,7747.23,1,'RON','RO',13,'2015-02-25',NULL,'2015-03-05','',-1,'',134,'n','n','n','y',2,3,'i',11305,'PULS PRINTING SRL','RO26372717','J13/32/2010','PULS','B-dul Mamaia, Nr. 142, Et. 1','Constanta','Constanta','Romania','GARANTIBANK INTERNATIONAL NV ‚Äì SUCURSALA ROMANIA','RO21UGBI0000032009893RON',13,'MIRCEA GIUGLEA','','CT-11-DAY','16','DRAGOI DANIELA','2701204131233','60','61','0','0','n',0,2,'','',0,'LUPASCU CLAUDIU','0722456528',NULL,'','','n',0,0,0,0);
INSERT INTO "facturi" VALUES(1757,128,99,'000105','XR',719.2,580,139.2,580,139.2,719.2,1,'RON','RO',13,'2015-02-26',NULL,'2015-03-09','',-1,'',134,'n','n','n','y',2,3,'i',11328,'SINDICATUL LIBER PETROCHIMISTUL MIDIA','1860372','-/-/-','','Navodari Km23','Navodari','Constanta','Romania','','',-1,'','','','15','DOBRE NICOLETA','2771029135710','60','61','0','0','n',0,2,'','',1,'','',NULL,'','','n',0,0,0,0);
INSERT INTO "facturi" VALUES(1758,128,99,'000106','XR',70,56.45,13.55,56.45,13.55,70,1,'RON','RO',13,'2015-02-26',NULL,'','',-1,'',134,'n','n','n','y',2,1,'i',11329,'PROAGROSERVICE SRL','RO17536233','J13/1407/2005','','Str. Tulcei 34','Ovidiu','Constanta','Romania','','',-1,'','','','15','DOBRE NICOLETA','2771029135710','60','61','0','0','n',0,2,'','',1,'','',NULL,'','','n',0,0,0,0);
INSERT INTO "facturi" VALUES(1759,128,99,'000107','XR',389.61,314.2,75.41,314.2,75.41,389.61,1,'RON','RO',13,'2015-02-27',NULL,'2015-03-06','SIL 6',-1,'',134,'n','n','n','y',2,3,'i',11304,'DSD NOELL SRL','RO28350898','J35/870/2011','DSD','Aleea Cristalului, Nr. 2a, Ap. 3, C.P. 300708','Timisoara','Timis','Romania','BANCA COMERCIALA ROMANA','RO91RNCB0255121458020001',-1,'','','','17','TUDOR LUMINITA MONICA','2700405131216','60','61','0','0','n',0,2,'','',0,'ZAMFIROIU FLORIN','',NULL,'','','n',0,0,0,0);
INSERT INTO "facturi" VALUES(1760,128,99,'000108','XR',2283.14,1841.24,441.9,1841.24,441.9,2283.14,1,'RON','RO',13,'2015-02-27',NULL,'2015-03-06','AGIGEA',-1,'',134,'n','n','n','y',2,3,'i',11304,'DSD NOELL SRL','RO28350898','J35/870/2011','DSD','Aleea Cristalului, Nr. 2a, Ap. 3, C.P. 300708','Timisoara','Timis','Romania','BANCA COMERCIALA ROMANA','RO91RNCB0255121458020001',-1,'','','','17','TUDOR LUMINITA MONICA','2700405131216','60','61','0','0','n',0,2,'','',0,'ZAMFIROIU FLORIN','',NULL,'','','n',0,0,0,0);
INSERT INTO "facturi" VALUES(1761,128,99,'000109','XR',17078.77,13773.2,3305.57,13773.2,3305.57,17078.77,1,'RON','RO',13,'2015-02-27',NULL,'2015-03-06','OVIDIU',-1,'',134,'n','n','n','y',2,3,'i',11304,'DSD NOELL SRL','RO28350898','J35/870/2011','DSD','Aleea Cristalului, Nr. 2a, Ap. 3, C.P. 300708','Timisoara','Timis','Romania','BANCA COMERCIALA ROMANA','RO91RNCB0255121458020001',-1,'','','','17','TUDOR LUMINITA MONICA','2700405131216','60','61','0','0','n',0,2,'','',0,'ZAMFIROIU FLORIN','',NULL,'','','n',0,0,0,0);
INSERT INTO "facturi" VALUES(1762,128,99,'000110','XR',22714.1,18317.82,4396.28,18317.82,4396.28,22714.1,1,'RON','RO',13,'2015-02-27',NULL,'2015-03-06','CERNAVODA',-1,'',134,'n','n','n','y',2,3,'i',11304,'DSD NOELL SRL','RO28350898','J35/870/2011','DSD','Aleea Cristalului, Nr. 2a, Ap. 3, C.P. 300708','Timisoara','Timis','Romania','BANCA COMERCIALA ROMANA','RO91RNCB0255121458020001',-1,'','','','17','TUDOR LUMINITA MONICA','2700405131216','60','61','0','0','n',0,2,'','',0,'ZAMFIROIU FLORIN','',NULL,'','','n',0,0,0,0);
INSERT INTO "facturi" VALUES(1763,128,99,'000111','XR',810.3,653.47,156.83,653.47,156.83,810.3,1,'RON','RO',13,'2015-02-27',NULL,'2015-03-06','',-1,'',134,'n','n','n','y',2,3,'i',11322,'PETROCONST SA','RO6162290','J13/3113/1994','','Str. I.c.bratianu 45','Constanta','Constanta','Romania','','',-1,'','','','17','TUDOR LUMINITA MONICA','2700405131216','60','61','0','0','n',0,2,'','',0,'','',NULL,'','','n',0,0,0,0);
INSERT INTO "facturi" VALUES(1764,128,99,'000112','XR',380.57,306.91,73.66,306.91,73.66,380.57,1,'RON','RO',13,'2015-02-27',NULL,'2015-03-06','',-1,'',134,'n','n','n','y',2,3,'i',11330,'HOUSE CONSULT S.R.L.','RO17617974','J40/9325/2005','','str Fabrica de Caramida nr 1A, vila nr 8, sector 1','Bucuresti','Bucuresti','Romania','RAIFFEISEN BANK','RO60RZBR0000060006663310',-1,'','','','17','TUDOR LUMINITA MONICA','2700405131216','60','61','0','0','n',0,2,'','',0,'','',NULL,'','','n',0,0,0,0);
INSERT INTO "facturi" VALUES(1765,128,99,'000113','XR',14418.04,11627.45,2790.59,11627.45,2790.59,14418.04,1,'RON','RO',13,'2015-02-27',NULL,'','',-1,'',134,'n','n','n','y',2,3,'i',11332,'TOP VISION SRL','RO2753668','J13/4594/1992','','Str. T3 (zona Tabara Nord) 2','Navodari','Constanta','Romania','','',-1,'','','','15','DOBRE NICOLETA','2771029135710','60','61','0','0','n',0,2,'','',0,'','',NULL,'','','n',0,0,0,0);
INSERT INTO "facturi" VALUES(1766,128,99,'000114','XR',9380.05,7564.56,1815.49,7564.56,1815.49,9380.05,1,'RON','RO',13,'2015-03-03',NULL,'2015-05-04','',-1,'',134,'n','n','n','n',2,3,'i',11316,'XEROX (ROMANIA) ECHIPAMENTE SI SERVICII SA','RO10453114','J40/3577/1998','','B-Dul Dimitrie Pompeiu 5-7','Bucuresti','Bucuresti','Romania','CITIBANK ROMANIA','RO65CITI0000000725081006',12,'TRIMIS CURIER','','','16','DRAGOI DANIELA','2701204131233','60','61','0','0','n',0,2,'','mihaela.garcoveanu@xerox.com',0,'MIHAELA GARCOVEANU','',NULL,'','','n',0,0,0,0);
INSERT INTO "facturi" VALUES(1767,128,99,'000115','XR',395.73,319.14,76.59,319.14,76.59,395.73,1,'RON','RO',13,'2015-03-03',NULL,'2015-05-04','',-1,'',134,'n','n','n','n',2,3,'i',11316,'XEROX (ROMANIA) ECHIPAMENTE SI SERVICII SA','RO10453114','J40/3577/1998','','B-Dul Dimitrie Pompeiu 5-7','Bucuresti','Bucuresti','Romania','CITIBANK ROMANIA','RO65CITI0000000725081006',12,'TRIMIS CURIER','','','16','DRAGOI DANIELA','2701204131233','60','61','0','0','n',0,2,'','mihaela.garcoveanu@xerox.com',0,'MIHAELA GARCOVEANU','',NULL,'','','n',0,0,0,0);
INSERT INTO "facturi" VALUES(1768,128,99,'000116','XR',120,96.77,23.23,96.77,23.23,120,1,'RON','RO',13,'2015-03-04',NULL,'','',-1,'',134,'n','n','n','y',2,1,'i',11333,'SERBAN D. MIHAELA-LAVINIA - BIROU INDIVIDUAL NOTARIAL','RO20414384','-/-/-','','Str. General Manu 64','Constanta','Constanta','Romania','','',-1,'','','','15','DOBRE NICOLETA','2771029135710','60','61','0','0','n',0,2,'','',1,'','',NULL,'','','n',0,0,0,0);
INSERT INTO "facturi" VALUES(1769,128,99,'000117','XR',7728,6232.26,1495.74,6232.26,1495.74,7728,1,'RON','RO',13,'2015-03-06',NULL,'2015-03-13','',-1,'',134,'n','n','n','y',2,3,'i',11322,'PETROCONST SA','RO6162290','J13/3113/1994','','Str. I.c.bratianu 45','Constanta','Constanta','Romania','','',-1,'','','','15','DOBRE NICOLETA','2771029135710','60','61','0','0','n',0,2,'','',0,'','',NULL,'','','n',0,0,0,0);
INSERT INTO "facturi" VALUES(1770,128,99,'000118','XR',4740.57,3823.04,917.53,3823.04,917.53,4740.57,1,'RON','RO',13,'2015-03-06',NULL,'2015-04-06','cf contract 12/6.03.2015',-1,'',134,'n','n','n','p',2,3,'i',11335,'T.M. CONT EXPERT SERV SRL','24233259','J13/2636/2008','','Str. Baba Novac 29','Constanta','Constanta','Romania','GARANTIBANK INTERNATIONAL NV ‚Äì SUCURSALA ROMANIA','RO22UGBI0000452003370RON',-1,'','','','15','DOBRE NICOLETA','2771029135710','60','61','0','0','n',0,2,'','',0,'','',NULL,'','','n',0,0,0,0);
INSERT INTO "facturi" VALUES(1772,128,99,'000119','XR',1156.24,932.45,223.79,932.45,223.79,1156.24,1,'RON','RO',13,'2015-03-09',NULL,'','',-1,'',134,'n','n','n','y',2,1,'i',11334,'ANTONESCU T. RALUCA-LILIANA','31247338','-/-/-','','Aleea Caprioarei 3','Constanta','Constanta','Romania','','',-1,'','','','15','DOBRE NICOLETA','2771029135710','60','61','0','0','n',0,2,'','',0,'','',NULL,'','','n',0,0,0,0);
INSERT INTO "facturi" VALUES(1773,128,99,'000120','XR',120,96.77,23.23,96.77,23.23,120,1,'RON','RO',13,'2015-03-10',NULL,'2015-03-10','',-1,'',134,'n','n','n','y',2,1,'i',11308,'CMI UDMA D. LILIANA DIABET ZAHARAT, NUTRITIE SI BOLI METABOLICE','33329990','','','ALEEA MACILOR,NR.2,BL.2,AP.22','CONSTANTA','Constanta','Romania','','',-1,'','','','17','TUDOR LUMINITA MONICA','2700405131216','60','61','0','0','n',0,2,'','',0,'','',NULL,'','','n',0,0,0,0);
INSERT INTO "facturi" VALUES(1774,128,99,'000121','XR',530,427.42,102.58,427.42,102.58,530,1,'RON','RO',13,'2015-03-10',NULL,'2015-03-20','',-1,'',134,'n','n','n','n',2,3,'i',11336,'MEDIA RESPONSIVE SRL','RO31062470','J13/21/2013','','Str. Mircea Cel Batran 99','Constanta','Constanta','Romania','','',-1,'','','','-1','','','60','61','0','0','n',0,2,'','',1,'','',NULL,'','','n',0,0,0,0);
INSERT INTO "facturi" VALUES(1775,128,99,'000122','XR',237.9,191.85,46.05,191.85,46.05,237.9,1,'RON','RO',13,'2015-03-11',NULL,'','',-1,'',134,'n','n','n','y',2,1,'i',11337,'MIND EVOLUTION SRL','21996280','J13/2124/2007','','Str. Biruintei 9','Constanta','Constanta','Romania','','',-1,'','','','15','DOBRE NICOLETA','2771029135710','60','61','0','0','n',0,2,'','',1,'','',NULL,'','','n',0,0,0,0);
INSERT INTO "facturi" VALUES(1776,128,99,'000123','XR',150,120.97,29.03,120.97,29.03,150,1,'RON','RO',13,'2015-03-16',NULL,'2015-04-06','',-1,'',134,'n','n','n','n',2,3,'i',11325,'SOCEP SA','RO1870767','J13/643/1991','','Incinta Port Nou Dana 34','- Constanta','Constanta','Romania','','',17,'MIRELA APOLOZAN','','','16','DRAGOI DANIELA','2701204131233','60','61','0','0','n',0,2,'','',0,'','',NULL,'','','n',0,0,0,0);
INSERT INTO "facturi" VALUES(1777,128,99,'000124','XR',390.93,315.27,75.66,315.27,75.66,390.93,1,'RON','RO',13,'2015-03-17',NULL,'2015-03-23','',-1,'',134,'n','n','n','p',2,3,'i',11338,'SIGNSTORE S.R.L.','RO28972971','J13/1849/2011','','Sos. Mangaliei - Constanta','Constanta','Constanta','Romania','','',-1,'','','','15','DOBRE NICOLETA','2771029135710','60','61','0','0','n',0,2,'','',1,'','',NULL,'','','n',0,0,0,0);
INSERT INTO "facturi" VALUES(1778,128,99,'000125','XR',337.05,271.81,65.24,271.81,65.24,337.05,1,'RON','RO',13,'2015-03-20',NULL,'2015-03-27','',-1,'',134,'n','n','n','n',2,3,'i',11303,'EXPRESS MARK GROUP SRL','RO17166220','J13/239/2005','EXPR','Str. Pescarilor, Nr. 11, Bl. Mz5, Sc. A, Ap. 2, C.P. 900533','Constanta','Constanta','Romania','TRANSILVANIA CONSTANTA','',-1,'','','','17','TUDOR LUMINITA MONICA','2700405131216','60','61','0','0','n',0,2,'','',0,'COJOCARU RADU','0723576623',NULL,'','','n',0,0,0,0);
INSERT INTO "facturi" VALUES(1779,128,99,'000126','XR',1378.12,1111.39,266.73,1111.39,266.73,1378.12,1,'RON','RO',13,'2015-03-24',NULL,'2015-04-03','',-1,'',134,'n','n','n','n',2,3,'i',11303,'EXPRESS MARK GROUP SRL','RO17166220','J13/239/2005','EXPR','Str. Pescarilor, Nr. 11, Bl. Mz5, Sc. A, Ap. 2, C.P. 900533','Constanta','Constanta','Romania','TRANSILVANIA CONSTANTA','',11,'COJOCARU RADU','KT890471','','16','DRAGOI DANIELA','2701204131233','60','61','0','0','n',0,2,'','',0,'COJOCARU RADU','0723576623',NULL,'','','n',0,0,0,0);
INSERT INTO "facturi" VALUES(1780,128,99,'000127','XR',302.09,243.62,58.47,243.62,58.47,302.09,1,'RON','RO',13,'2015-03-24',NULL,'2015-04-03','',-1,'',134,'n','n','n','n',2,3,'i',11314,'MARCRIS BEST SOLUTIONS S.R.L.','25464650','J13/1060/2009','','B-Dul I.gh. Duca 81','Constanta','Constanta','Romania','BANCA TRANSILVANIA','RO90BTRL01401202J77249XX',18,'MIRCEA GIUGLEA','KT819369','','16','DRAGOI DANIELA','2701204131233','60','61','0','0','n',0,2,'','',0,'','',NULL,'','','n',0,0,0,0);
INSERT INTO "facturi" VALUES(1781,128,99,'000128','XR',889.45,717.3,172.15,717.3,172.15,889.45,1,'RON','RO',13,'2015-03-25',NULL,'2015-03-28','',-1,'',134,'n','n','n','n',2,3,'i',11339,'VIFRANA S.A.','RO10684445','J13/1566/1998','','Inc.port Dana 15','cl.adm.romtrans - Constanta','Constanta','Romania','','',-1,'','','','15','DOBRE NICOLETA','2771029135710','60','61','0','0','n',0,2,'','',0,'','',NULL,'','','n',0,0,0,0);
/**** ERROR: (11) database disk image is malformed *****/
/**** ERROR: (11) database disk image is malformed *****/
CREATE TABLE avize (
  aviz_id           integer PRIMARY KEY AUTOINCREMENT NOT NULL,
  configuratie_id      numeric(50),
  serie_id             integer,
  numar                varchar(30),
  serie                varchar(50),
  valoare_totala       numeric(50),
  valoare              numeric(50),
  valoare_TVA          numeric(50),
  v_valoare            numeric(50),
  v_valoare_TVA        numeric(50),
  v_valoare_totala     numeric(50),
  curs_schimb          numeric(50),
  moneda               varchar(10),
  cod_limba            varchar(10),
  cota_TVA             numeric(10),
  data_emiterii        date,
  ora_emitere          varchar(10),  
  data_scadentei       date,
  mentiuni             text,
  termen_plata         numeric(50),
  flag_id              integer,
  tip_factura          char(1) DEFAULT 'n',
  stornata             char(1) DEFAULT 'n',
  discount             char(1) DEFAULT 'n',
  incasata             char(1) DEFAULT 'n',
  layout_id            integer DEFAULT 1,
  print_id             integer DEFAULT 1,
  tip_operatiune       char(1) DEFAULT i,
  client_id            numeric(50),
  client_denumire      varchar(50),
  client_cif           varchar(50),
  client_reg_com       varchar(50),
  cod_client           varchar(50),
  client_adresa        text,
  client_localitate    varchar(50),
  client_judet         varchar(50),
  client_tara          varchar(50) DEFAULT 'Romania',
  client_banca         varchar(50),
  client_IBAN          varchar(50),
  delegat_id           numeric(10),
  delegat_nume         varchar(50),
  delegat_buletin      varchar(50),
  delegat_auto         varchar(50),
  intocmitor_id        varchar(10),
  intocmitor_nume      varchar(50),
  intocmitor_cnp       varchar(50),
  iban_id1             varchar(10),
  iban_id2             varchar(10),
  iban_id3             varchar(10),
  iban_id4             varchar(10), 
  anulata              char(1) DEFAULT 'n',
  user_id              integer
, client_precizie integer, data_expedierii date, client_email varchar(50), client_nou integer default 0, client_pers_contact varchar(50), client_telefon varchar(20), observatii varchar(250), data_livrarii DATE DEFAULT '', data_incasarii_avans DATE DEFAULT '', tva_la_incasare CHAR( 1 ) DEFAULT 'n', valoare_baza_colectata NUMERIC( 50 ) DEFAULT 0, valoare_tva_colectata NUMERIC( 50 ) DEFAULT 0, v_valoare_baza_colectata NUMERIC( 50 ) DEFAULT 0, v_valoare_tva_colectata NUMERIC( 50 ) DEFAULT 0);
CREATE TABLE facturi_articole (
  fa_id        integer PRIMARY KEY AUTOINCREMENT NOT NULL,
  articol_id      numeric(50),
  factura_id      numeric(50),
  denumire        text,
  pret            numeric(50),
  um              text,
  cantitate       numeric(50),
  valoare         numeric(50),
  tva             numeric(50),
  cota_tva        numeric(50) DEFAULT '19',
  tva_id          integer,
  storno_id       numeric(50),
  articol_tradus  text,
  um_tradus       text
, storno_pt_factura_id numeric(50) default -1, fa_stornata_id numeric(50) default -1, isDiscount char(1) NOT NULL DEFAULT 'n', bon_id integer default NULL, cod varchar(20), gestiune_predatoare varchar(50), procent_discount numeric(10), is_serviciu integer default 0);
INSERT INTO "facturi_articole" VALUES(1963,435,'','SERVICII COPIERE PLAN A/N',3.23,'BUC',16,51.61,12.39,19,13,-1,'','',0,-1,'n',NULL,'','',0,1);
INSERT INTO "facturi_articole" VALUES(1964,436,'','SERVICII COPIERE A4 A/N',0.12,'BUC',267,32.3,7.75,19,13,-1,'','',0,-1,'n',NULL,'','',0,1);
INSERT INTO "facturi_articole" VALUES(1965,437,'','SERVICII COPIERE A3 A/N',0.24,'BUC',16,3.87,0.93,19,13,-1,'','',0,-1,'n',NULL,'','',0,1);
INSERT INTO "facturi_articole" VALUES(1966,435,1701,'SERVICII COPIERE PLAN A/N',3.23,'BUC',16,51.61,12.39,19,13,-1,'','',0,-1,'n',NULL,'','',0,1);
INSERT INTO "facturi_articole" VALUES(1967,436,1701,'SERVICII COPIERE A4 A/N',0.12,'BUC',267,32.3,7.75,19,13,-1,'','',0,-1,'n',NULL,'','',0,1);
INSERT INTO "facturi_articole" VALUES(1968,437,1701,'SERVICII COPIERE A3 A/N',0.24,'BUC',16,3.87,0.93,19,13,-1,'','',0,-1,'n',NULL,'','',0,1);
INSERT INTO "facturi_articole" VALUES(1976,426,1700,'EPSON LX 350',758.07,'buc',4,3032.28,727.75,19,13,-1,'','',0,-1,'n',NULL,'C11CC24031','XEROGRAFICA',0,0);
INSERT INTO "facturi_articole" VALUES(1977,424,1700,'TONER BLACK HP C285A',237.91,'buc',2,475.82,114.2,19,13,-1,'','',0,-1,'n',NULL,'CE285A','XEROGRAFICA',0,0);
INSERT INTO "facturi_articole" VALUES(1978,425,1700,'RIBON EPSON BLACK',20.16,'buc',10,201.6,48.38,19,13,-1,'','',0,-1,'n',NULL,'C13S015637','XEROGRAFICA',0,0);
INSERT INTO "facturi_articole" VALUES(1979,436,1703,'SERVICII COPIERE A4 A/N',0.12,'BUC',950,114.92,27.58,19,13,-1,'','',0,-1,'n',NULL,'','',0,1);
INSERT INTO "facturi_articole" VALUES(1980,440,1704,'SET NOTES',31.61,'BUC',30,948.3,227.59,19,13,-1,'','',0,-1,'n',NULL,'SETNOT','XEROGRAFICA',0,0);
INSERT INTO "facturi_articole" VALUES(1981,441,1704,'SET SCRIS',45.98,'BUC',30,1379.4,331.06,19,13,-1,'','',0,-1,'n',NULL,'SETSCRI','XEROGRAFICA',0,0);
INSERT INTO "facturi_articole" VALUES(1982,442,1704,'BRELOC MULTIFUNCTIONAL',36.97,'BUC',30,1109.1,266.18,19,13,-1,'','',0,-1,'n',NULL,'BREL','XEROGRAFICA',0,0);
INSERT INTO "facturi_articole" VALUES(1983,446,1704,'CALENDAR BIROU',8.53,'BUC',20,170.6,40.94,19,13,-1,'','',0,-1,'n',NULL,'12253','XEROGRAFICA',0,0);
INSERT INTO "facturi_articole" VALUES(1984,445,1704,'PUNGA',12.5,'BUC',50,625,150,19,13,-1,'','',0,-1,'n',NULL,'PNGA','XEROGRAFICA',0,0);
INSERT INTO "facturi_articole" VALUES(1985,440,1705,'SET NOTES',31.61,'BUC',20,632.2,151.73,19,13,-1,'','',0,-1,'n',NULL,'SETNOT','XEROGRAFICA',0,0);
INSERT INTO "facturi_articole" VALUES(1986,441,1705,'SET SCRIS',45.98,'BUC',30,1379.4,331.06,19,13,-1,'','',0,-1,'n',NULL,'SETSCRI','XEROGRAFICA',0,0);
INSERT INTO "facturi_articole" VALUES(1987,442,1705,'BRELOC MULTIFUNCTIONAL',36.97,'BUC',30,1109.1,266.18,19,13,-1,'','',0,-1,'n',NULL,'BREL','XEROGRAFICA',0,0);
INSERT INTO "facturi_articole" VALUES(1988,443,1705,'INCARCATOR',48.22,'BUC',30,1446.6,347.18,19,13,-1,'','',0,-1,'n',NULL,'INCARC','XEROGRAFICA',0,0);
INSERT INTO "facturi_articole" VALUES(1989,444,1705,'MULTIFUNCTIONAL LASER',75,'BUC',30,2250,540,19,13,-1,'','',0,-1,'n',NULL,'MFLS','XEROGRAFICA',0,0);
INSERT INTO "facturi_articole" VALUES(1990,446,1705,'CALENDAR BIROU',8.53,'BUC',10,85.3,20.47,19,13,-1,'','',0,-1,'n',NULL,'12253','XEROGRAFICA',0,0);
INSERT INTO "facturi_articole" VALUES(1991,445,1705,'PUNGA',12.5,'BUC',50,625,150,19,13,-1,'','',0,-1,'n',NULL,'PNGA','XEROGRAFICA',0,0);
INSERT INTO "facturi_articole" VALUES(2026,435,1706,'SERVICII COPIERE PLAN A/N',3.23,'MP',436,1406.45,337.55,19,13,-1,'','',0,-1,'n',NULL,'','',0,1);
INSERT INTO "facturi_articole" VALUES(2027,449,1706,'SERVICII PLIERE PLAN',1.05,'MP',436,457.1,109.7,19,13,-1,'','',0,-1,'n',NULL,'','',0,1);
INSERT INTO "facturi_articole" VALUES(2028,436,1706,'SERVICII COPIERE A4 A/N',0.1,'BUC',795,83.35,20,19,13,-1,'','',0,-1,'n',NULL,'','',0,1);
INSERT INTO "facturi_articole" VALUES(2029,437,1706,'SERVICII COPIERE A3 A/N',0.24,'BUC',2,0.48,0.12,19,13,-1,'','',0,-1,'n',NULL,'','',0,1);
INSERT INTO "facturi_articole" VALUES(2030,450,1706,'SERVICII COPIERE A4 COLOR',0.65,'BUC',279,180,43.2,19,13,-1,'','',0,-1,'n',NULL,'','',0,1);
INSERT INTO "facturi_articole" VALUES(2031,451,1706,'SERVICII SCANARE A4 A/N',0.4,'BUC',274,110.48,26.52,19,13,-1,'','',0,-1,'n',NULL,'','',0,1);
INSERT INTO "facturi_articole" VALUES(2032,452,1706,'SERVICII SCANARE A4 COLOR',1.21,'BUC',336,406.45,97.55,19,13,-1,'','',0,-1,'n',NULL,'','',0,1);
INSERT INTO "facturi_articole" VALUES(2033,453,1706,'SERVICII TRIMITERE MAIL',2.42,'BUC',1,2.42,0.58,19,13,-1,'','',0,-1,'n',NULL,'','',0,1);
INSERT INTO "facturi_articole" VALUES(2034,454,1706,'SERVICII SCRIERE CD/DVD',4.03,'BUC',8,32.26,7.74,19,13,-1,'','',0,-1,'n',NULL,'','',0,1);
INSERT INTO "facturi_articole" VALUES(2035,455,1706,'SERVICII INDOSARIERE DOSAR SINA PLASTIC',1.21,'BUC',6,7.26,1.74,19,13,-1,'','',0,-1,'n',NULL,'','',0,1);
INSERT INTO "facturi_articole" VALUES(2036,456,1706,'SERVICII INDOSARIERE BIBLIORAFT',6.45,'BUC',15,96.77,23.23,19,13,-1,'','',0,-1,'n',NULL,'','',0,1);
INSERT INTO "facturi_articole" VALUES(2037,423,1706,'ALONJE AUTOADEZIVE',0.4,'buc',433,173.2,41.57,19,13,-1,'','',0,-1,'n',NULL,'VEL-2002000','XEROGRAFICA',0,0);
INSERT INTO "facturi_articole" VALUES(2038,430,1706,'DOSAR PVC SINA NOKY',1,'buc',6,6,1.44,19,13,-1,'','',0,-1,'n',NULL,'0246','XEROGRAFICA',0,0);
INSERT INTO "facturi_articole" VALUES(2039,428,1706,'BIBLIORAFT A4, 75MM, AKKO',8,'buc',8,64,15.36,19,13,-1,'','',0,-1,'n',NULL,'0215','XEROGRAFICA',0,0);
INSERT INTO "facturi_articole" VALUES(2040,429,1706,'BIBLIORAFT A4, 50MM, AKKO',8,'buc',7,56,13.44,19,13,-1,'','',0,-1,'n',NULL,'2853','XEROGRAFICA',0,0);
INSERT INTO "facturi_articole" VALUES(2041,404,1706,'CD VERBATIM EXTRA',1.1,'buc',8,8.8,2.11,19,13,-1,'','',0,-1,'n',NULL,'10394','XEROGRAFICA',0,0);
INSERT INTO "facturi_articole" VALUES(2042,403,1706,'PLIC CD',0.15,'buc',8,1.2,0.29,19,13,-1,'','',0,-1,'n',NULL,'10314','XEROGRAFICA',0,0);
INSERT INTO "facturi_articole" VALUES(2043,435,1707,'SERVICII COPIERE PLAN A/N',3.23,'MP',246,793.55,190.45,19,13,-1,'','',0,-1,'n',NULL,'','',0,1);
INSERT INTO "facturi_articole" VALUES(2044,449,1707,'SERVICII PLIERE PLAN',1.05,'MP',246,257.9,61.9,19,13,-1,'','',0,-1,'n',NULL,'','',0,1);
INSERT INTO "facturi_articole" VALUES(2045,450,1707,'SERVICII COPIERE A4 COLOR',0.65,'BUC',402,259.35,62.25,19,13,-1,'','',0,-1,'n',NULL,'','',0,1);
INSERT INTO "facturi_articole" VALUES(2046,436,1707,'SERVICII COPIERE A4 A/N',0.1,'BUC',1698,178.02,42.72,19,13,-1,'','',0,-1,'n',NULL,'','',0,1);
INSERT INTO "facturi_articole" VALUES(2047,451,1707,'SERVICII SCANARE A4 A/N',0.4,'BUC',108,43.55,10.45,19,13,-1,'','',0,-1,'n',NULL,'','',0,1);
INSERT INTO "facturi_articole" VALUES(2048,452,1707,'SERVICII SCANARE A4 COLOR',1.21,'BUC',4,4.84,1.16,19,13,-1,'','',0,-1,'n',NULL,'','',0,1);
INSERT INTO "facturi_articole" VALUES(2049,454,1707,'SERVICII SCRIERE CD/DVD',4.03,'BUC',27,108.87,26.13,19,13,-1,'','',0,-1,'n',NULL,'','',0,1);
INSERT INTO "facturi_articole" VALUES(2050,455,1707,'SERVICII INDOSARIERE DOSAR SINA PLASTIC',1.21,'BUC',9,10.89,2.61,19,13,-1,'','',0,-1,'n',NULL,'','',0,1);
INSERT INTO "facturi_articole" VALUES(2051,457,1707,'SERVICII SPIRALARE',6.45,'BUC',12,77.42,18.58,19,13,-1,'','',0,-1,'n',NULL,'','',0,1);
INSERT INTO "facturi_articole" VALUES(2052,456,1707,'SERVICII INDOSARIERE BIBLIORAFT',6.45,'BUC',12,77.42,18.58,19,13,-1,'','',0,-1,'n',NULL,'','',0,1);
INSERT INTO "facturi_articole" VALUES(2053,423,1707,'ALONJE AUTOADEZIVE',0.4,'buc',234,93.6,22.46,19,13,-1,'','',0,-1,'n',NULL,'VEL-2002000','XEROGRAFICA',0,0);
INSERT INTO "facturi_articole" VALUES(2054,428,1707,'BIBLIORAFT A4, 75MM, AKKO',8,'buc',12,96,23.04,19,13,-1,'','',0,-1,'n',NULL,'0215','XEROGRAFICA',0,0);
INSERT INTO "facturi_articole" VALUES(2055,422,1707,'DOSAR PVC SINA',0.31,'buc',9,2.79,0.67,19,13,-1,'','',0,-1,'n',NULL,'D37','XEROGRAFICA',0,0);
INSERT INTO "facturi_articole" VALUES(2056,404,1707,'CD VERBATIM EXTRA',1.1,'buc',27,29.7,7.13,19,13,-1,'','',0,-1,'n',NULL,'10394','XEROGRAFICA',0,0);
INSERT INTO "facturi_articole" VALUES(2057,403,1707,'PLIC CD',0.15,'buc',27,4.05,0.97,19,13,-1,'','',0,-1,'n',NULL,'10314','XEROGRAFICA',0,0);
INSERT INTO "facturi_articole" VALUES(2058,435,1708,'SERVICII COPIERE PLAN A/N',3.23,'MP',10,32.26,7.74,19,13,-1,'','',0,-1,'n',NULL,'','',0,1);
INSERT INTO "facturi_articole" VALUES(2059,449,1708,'SERVICII PLIERE PLAN',1.05,'MP',9.5,9.96,2.39,19,13,-1,'','',0,-1,'n',NULL,'','',0,1);
INSERT INTO "facturi_articole" VALUES(2060,434,1708,'SERVICII COPIERE PLAN COLOR',25.81,'MP',0.5,12.9,3.1,19,13,-1,'','',0,-1,'n',NULL,'','',0,1);
INSERT INTO "facturi_articole" VALUES(2061,450,1708,'SERVICII COPIERE A4 COLOR',0.65,'BUC',6,3.87,0.93,19,13,-1,'','',0,-1,'n',NULL,'','',0,1);
INSERT INTO "facturi_articole" VALUES(2062,436,1708,'SERVICII COPIERE A4 A/N',0.1,'BUC',70,7.34,1.76,19,13,-1,'','',0,-1,'n',NULL,'','',0,1);
INSERT INTO "facturi_articole" VALUES(2063,455,1708,'SERVICII INDOSARIERE DOSAR SINA PLASTIC',1.21,'BUC',3,3.63,0.87,19,13,-1,'','',0,-1,'n',NULL,'','',0,1);
INSERT INTO "facturi_articole" VALUES(2064,423,1708,'ALONJE AUTOADEZIVE',0.4,'buc',10,4,0.96,19,13,-1,'','',0,-1,'n',NULL,'VEL-2002000','XEROGRAFICA',0,0);
INSERT INTO "facturi_articole" VALUES(2065,422,1708,'DOSAR PVC SINA',0.31,'buc',3,0.93,0.22,19,13,-1,'','',0,-1,'n',NULL,'D37','XEROGRAFICA',0,0);
INSERT INTO "facturi_articole" VALUES(2066,448,1709,'DISTRUGATOR FELLOWES DS-13C 13 COLI CROSS CUT 4X35MM, 18L, UZ MODERAT',810,'BUC',1,810,194.4,19,13,-1,'','',0,-1,'n',NULL,'3019801','XEROGRAFICA',0,0);
INSERT INTO "facturi_articole" VALUES(2100,462,1710,'SET AGENDE',106,'BUC',100,10600,2544,19,13,-1,'','',0,-1,'n',NULL,'SETA','XEROGRAFICA',0,0);
INSERT INTO "facturi_articole" VALUES(2101,460,1710,'AGENDA PATRATA SAPTAMANALA',49,'BUC',100,4900,1176,19,13,-1,'','',0,-1,'n',NULL,'AGPT','XEROGRAFICA',0,0);
INSERT INTO "facturi_articole" VALUES(2102,461,1710,'AGENDA NEDATATA',32,'BUC',320,10240,2457.6,19,13,-1,'','',0,-1,'n',NULL,'AGNE','XEROGRAFICA',0,0);
INSERT INTO "facturi_articole" VALUES(2103,465,1710,'CALENDAR BIROU',22.5,'BUC',60,1350,324,19,13,-1,'','',0,-1,'n',NULL,'CALB','XEROGRAFICA',0,0);
INSERT INTO "facturi_articole" VALUES(2104,464,1710,'CALENDAR PERETE',13.5,'BUC',420,5670,1360.8,19,13,-1,'','',0,-1,'n',NULL,'CALP','XEROGRAFICA',0,0);
INSERT INTO "facturi_articole" VALUES(2105,466,1710,'PIX PLASTIC PERSONALIZAT',6.9,'BUC',540,3726,894.24,19,13,-1,'','',0,-1,'n',NULL,'PPLP','XEROGRAFICA',0,0);
INSERT INTO "facturi_articole" VALUES(2106,467,1710,'PIX METALIC PERSONALIZAT',11.28,'BUC',120,1353.6,324.86,19,13,-1,'','',0,-1,'n',NULL,'PMPE','XEROGRAFICA',0,0);
INSERT INTO "facturi_articole" VALUES(2107,468,1710,'RAMA FOTO',29,'BUC',60,1740,417.6,19,13,-1,'','',0,-1,'n',NULL,'RAMF','XEROGRAFICA',0,0);
INSERT INTO "facturi_articole" VALUES(2108,463,1710,'PUNGA KRAFT',13.3,'BUC',200,2660,638.4,19,13,-1,'','',0,-1,'n',NULL,'PGKR','XEROGRAFICA',0,0);
INSERT INTO "facturi_articole" VALUES(2109,438,1710,'PLIC DL',0.2,'BUC',420,84,20.16,19,13,-1,'','',0,-1,'n',NULL,'11452','XEROGRAFICA',0,0);
INSERT INTO "facturi_articole" VALUES(2110,447,1710,'FELICITARI',2.85,'BUC',420,1197,287.28,19,13,-1,'','',0,-1,'n',NULL,'12256','XEROGRAFICA',0,0);
INSERT INTO "facturi_articole" VALUES(2111,470,1711,'SERVICII MANOPERA ECHIPAMENT',1275.85,'BUC',1,1275.85,306.2,19,13,-1,'','',0,-1,'n',NULL,'','',0,1);
INSERT INTO "facturi_articole" VALUES(2114,445,1712,'PUNGA',12.5,'BUC',20,250,60,19,13,-1,'','',0,-1,'n',NULL,'PNGA','XEROGRAFICA',0,0);
INSERT INTO "facturi_articole" VALUES(2115,458,1712,'CALENDAR BIROU',8.53,'BUC',10,85.3,20.47,19,13,-1,'','',0,-1,'n',NULL,'12269','XEROGRAFICA',0,0);
INSERT INTO "facturi_articole" VALUES(2129,0,1714,'ABONAMENT SERVICE CONFORM CONTRACT NR 5/21.11.2014 XEROX WC7220 ST CU T',410.28,'BUC',1,410.28,98.47,19,13,-1,'','',0,-1,'n',NULL,'','',0,1);
INSERT INTO "facturi_articole" VALUES(2130,473,1715,'ABONAMENT SERVICE CONFORM CONTRACT NR 4/20.11.2014 XEROX 560 ST CU T',11522.36,'BUC',1,11522.36,2765.37,19,13,-1,'','',0,-1,'n',NULL,'','',0,1);
INSERT INTO "facturi_articole" VALUES(2131,436,1716,'SERVICII COPIERE A4 A/N',0.12,'BUC',800,96.77,23.23,19,13,-1,'','',0,-1,'n',NULL,'','',0,1);
INSERT INTO "facturi_articole" VALUES(2132,474,1717,'ABONAMENT SERVICE CONFORM CONTRACT NR 6/21.11.2014 XEROX WORKCENTRE 3325 ST CU T',232.02,'BUC',1,232.02,55.68,19,13,-1,'','',0,-1,'n',NULL,'','',0,1);
INSERT INTO "facturi_articole" VALUES(2133,459,1718,'CARTI VIZITA 300G COLOR',0.28,'BUC',48,13.44,3.23,19,13,-1,'','',0,-1,'n',NULL,'CV300','XEROGRAFICA',0,0);
INSERT INTO "facturi_articole" VALUES(2134,475,1718,'SERVICII PRINTARE ETICHETE',16.13,'BUC',1,16.13,3.87,19,13,-1,'','',0,-1,'n',NULL,'','',0,1);
INSERT INTO "facturi_articole" VALUES(2135,476,'','Instalari conform contract nr. 742/21.10.2014, curs dolar = 3,6885',331.97,'buc',1,331.97,79.67,19,13,-1,'','',0,-1,'n',NULL,'','',0,1);
INSERT INTO "facturi_articole" VALUES(2136,477,'','Instalari rompetrol conform contract nr. 742/21.10.2014 , curs dolar = 3,6885',7229.46,'buc',1,7229.46,1735.07,19,13,-1,'','',0,-1,'n',NULL,'','',0,1);
INSERT INTO "facturi_articole" VALUES(2139,480,1721,'ABONAMENT SERVICE CONFORM CTR. 742/21.10.2014, FSMA, DEC. 2014, CURS: 3.7797',1804.37,'BUC',1,1804.37,433.05,19,13,-1,'','',0,-1,'n',NULL,'','',0,1);
INSERT INTO "facturi_articole" VALUES(2140,481,1721,'ABONAMENT SERVICE CONFORM CTR.742/21.10.2014, FM, DEC 2014, CURS: 3.7797',1588.15,'BUC',1,1588.15,381.16,19,13,-1,'','',0,-1,'n',NULL,'','',0,1);
INSERT INTO "facturi_articole" VALUES(2141,478,1720,'Instalari conform contract nr. 742/21.10.2014, curs dolar = 3,7797',340.17,'buc',1,340.17,81.64,19,13,-1,'','',0,-1,'n',NULL,'','',0,1);
INSERT INTO "facturi_articole" VALUES(2142,479,1720,'Instalari rompetrol conform contract nr. 742/21.10.2014 , curs dolar = 3,7797',7408.21,'buc',1,7408.21,1777.97,19,13,-1,'','',0,-1,'n',NULL,'','',0,1);
INSERT INTO "facturi_articole" VALUES(2143,482,1722,'REVIZIE ON CALL - PRINT SI COPIE FOND GALBEN',134.95,'BUC',1,134.95,32.39,19,13,-1,'','',0,-1,'n',NULL,'','',0,1);
INSERT INTO "facturi_articole" VALUES(2150,434,'','SERVICII COPIERE PLAN COLOR',30.65,'MP',2,61.29,14.71,19,13,-1,'','',0,-1,'n',NULL,'','',0,1);
INSERT INTO "facturi_articole" VALUES(2151,472,'','SERVICII SCANARE PLAN COLOR',16.13,'MP',1,16.13,3.87,19,13,-1,'','',0,-1,'n',NULL,'','',0,1);
INSERT INTO "facturi_articole" VALUES(2152,483,'','SERVICII SALVARE INFORMATII MEMORIE FLASH USB',2.42,'BUC',1,2.42,0.58,19,13,-1,'','',0,-1,'n',NULL,'','',0,1);
INSERT INTO "facturi_articole" VALUES(2153,434,1724,'SERVICII COPIERE PLAN COLOR',30.65,'MP',2,61.29,14.71,19,13,-1,'','',0,-1,'n',NULL,'','',0,1);
INSERT INTO "facturi_articole" VALUES(2154,472,1724,'SERVICII SCANARE PLAN COLOR',16.13,'MP',1,16.13,3.87,19,13,-1,'','',0,-1,'n',NULL,'','',0,1);
INSERT INTO "facturi_articole" VALUES(2155,483,1724,'SERVICII SALVARE INFORMATII MEMORIE FLASH USB',2.42,'BUC',1,2.42,0.58,19,13,-1,'','',0,-1,'n',NULL,'','',0,1);
INSERT INTO "facturi_articole" VALUES(2156,485,1725,'DADH FEED ROLL KIT',151.61,'BUC',1,151.61,36.39,19,13,-1,'','',0,-1,'n',NULL,'113r00718','XEROGRAFICA',0,0);
INSERT INTO "facturi_articole" VALUES(2157,445,1713,'PUNGA',12.5,'BUC',80,1000,240,19,13,-1,'','',0,-1,'n',NULL,'PNGA','XEROGRAFICA',0,0);
INSERT INTO "facturi_articole" VALUES(2158,440,1713,'SET NOTES',31.61,'BUC',50,1580.5,379.32,19,13,-1,'','',0,-1,'n',NULL,'SETNOT','XEROGRAFICA',0,0);
INSERT INTO "facturi_articole" VALUES(2159,458,1713,'CALENDAR BIROU',8.53,'BUC',20,170.6,40.94,19,13,-1,'','',0,-1,'n',NULL,'12269','XEROGRAFICA',0,0);
INSERT INTO "facturi_articole" VALUES(2160,471,1713,'SERVICII DE TRANSPORT URGENT',434.44,'buc',1,434.44,104.27,19,13,-1,'','',0,-1,'n',NULL,'','',0,1);
INSERT INTO "facturi_articole" VALUES(2161,486,1726,'HIGH CAPACITY CARTRIDGE 3210/3220',404.42,'BUC',1,404.42,97.06,19,13,-1,'','',0,-1,'n',NULL,'106R01487','XEROGRAFICA',0,0);
INSERT INTO "facturi_articole" VALUES(2162,487,1727,'AGRAFE MET 33MM',0.73,'CUT',4,2.92,0.7,19,13,-1,'','',0,-1,'n',NULL,'A121','XEROGRAFICA',0,0);
INSERT INTO "facturi_articole" VALUES(2163,488,1727,'AGRAFE MET 70MM',3.6,'CUT',4,14.4,3.46,19,13,-1,'','',0,-1,'n',NULL,'A106','XEROGRAFICA',0,0);
INSERT INTO "facturi_articole" VALUES(2164,489,1727,'CREION MECANIC',3.06,'buc',2,6.12,1.47,19,13,-1,'','',0,-1,'n',NULL,'15263','XEROGRAFICA',0,0);
INSERT INTO "facturi_articole" VALUES(2165,490,1727,'CLIPS 25MM 12 BUC/CUT',2.83,'CUT',2,5.66,1.36,19,13,-1,'','',0,-1,'n',NULL,'C763','XEROGRAFICA',0,0);
INSERT INTO "facturi_articole" VALUES(2166,491,1727,'CAIET A4 60 FILE',2.2,'BUC',6,13.2,3.17,19,13,-1,'','',0,-1,'n',NULL,'10660','XEROGRAFICA',0,0);
INSERT INTO "facturi_articole" VALUES(2167,492,1727,'CAPSE 24/6',0.8,'CUT',6,4.8,1.15,19,13,-1,'','',0,-1,'n',NULL,'13945','XEROGRAFICA',0,0);
INSERT INTO "facturi_articole" VALUES(2168,493,1727,'CREION CU GUMA',0.4,'BUC',6,2.4,0.58,19,13,-1,'','',0,-1,'n',NULL,'16193','XEROGRAFICA',0,0);
INSERT INTO "facturi_articole" VALUES(2169,494,1727,'CREION CORECTOR',3.9,'BUC',3,11.7,2.81,19,13,-1,'','',0,-1,'n',NULL,'12567','XEROGRAFICA',0,0);
INSERT INTO "facturi_articole" VALUES(2170,495,1727,'REZERVA CUB 9X9 ALB',2.2,'BUC',5,11,2.64,19,13,-1,'','',0,-1,'n',NULL,'R59','XEROGRAFICA',0,0);
INSERT INTO "facturi_articole" VALUES(2171,422,1727,'DOSAR PVC SINA',0.6,'buc',20,12,2.88,19,13,-1,'','',0,-1,'n',NULL,'D37','XEROGRAFICA',0,0);
INSERT INTO "facturi_articole" VALUES(2172,496,1727,'DOSAR CARTON ALB CU SINA',0.4,'BUC',10,4,0.96,19,13,-1,'','',0,-1,'n',NULL,'D31','XEROGRAFICA',0,0);
INSERT INTO "facturi_articole" VALUES(2173,497,1727,'DOSAR CARTON ALB SIMPLU',0.3,'BUC',30,9,2.16,19,13,-1,'','',0,-1,'n',NULL,'10769','XEROGRAFICA',0,0);
INSERT INTO "facturi_articole" VALUES(2174,498,1727,'DOSAR CARTON ALB PLIC',0.4,'BUC',20,8,1.92,19,13,-1,'','',0,-1,'n',NULL,'D30','XEROGRAFICA',0,0);
INSERT INTO "facturi_articole" VALUES(2175,499,1727,'FOLII DE PROTECTIE A4 100/SET',6,'SET',2,12,2.88,19,13,-1,'','',0,-1,'n',NULL,'124445','XEROGRAFICA',0,0);
INSERT INTO "facturi_articole" VALUES(2176,500,1727,'TEXTMARKER OFFICE COVER 213',1.5,'BUC',2,3,0.72,19,13,-1,'','',0,-1,'n',NULL,'T146','XEROGRAFICA',0,0);
INSERT INTO "facturi_articole" VALUES(2177,501,1727,'TEXTMARKER VD 80050',1.5,'BUC',1,1.5,0.36,19,13,-1,'','',0,-1,'n',NULL,'15711','XEROGRAFICA',0,0);
INSERT INTO "facturi_articole" VALUES(2178,502,1727,'TEXTMARKER OFFICE COVER 213',1.5,'BUC',1,1.5,0.36,19,13,-1,'','',0,-1,'n',NULL,'T147','XEROGRAFICA',0,0);
INSERT INTO "facturi_articole" VALUES(2179,503,1727,'MINA CREION 0.5',0.75,'CUT',3,2.25,0.54,19,13,-1,'','',0,-1,'n',NULL,'M78','XEROGRAFICA',0,0);
INSERT INTO "facturi_articole" VALUES(2180,504,1727,'MINA CREION 0.7',0.75,'CUT',3,2.25,0.54,19,13,-1,'','',0,-1,'n',NULL,'M79','XEROGRAFICA',0,0);
INSERT INTO "facturi_articole" VALUES(2181,505,1727,'PIX TRATTO',0.8,'BUC',20,16,3.84,19,13,-1,'','',0,-1,'n',NULL,'14591','XEROGRAFICA',0,0);
INSERT INTO "facturi_articole" VALUES(2182,506,1727,'PLIC C6',0.12,'BUC',100,12,2.88,19,13,-1,'','',0,-1,'n',NULL,'P430','XEROGRAFICA',0,0);
INSERT INTO "facturi_articole" VALUES(2183,507,1727,'PLIC C5',0.2,'BUC',100,20,4.8,19,13,-1,'','',0,-1,'n',NULL,'P639','XEROGRAFICA',0,0);
INSERT INTO "facturi_articole" VALUES(2184,508,1727,'PLIC C4',0.25,'BUC',50,12.5,3,19,13,-1,'','',0,-1,'n',NULL,'P643','XEROGRAFICA',0,0);
INSERT INTO "facturi_articole" VALUES(2185,509,1727,'PLIC BURDUF B4T',1,'BUC',20,20,4.8,19,13,-1,'','',0,-1,'n',NULL,'P661','XEROGRAFICA',0,0);
INSERT INTO "facturi_articole" VALUES(2186,510,1727,'POST-IT 75X75MM 100 COLI',1.07,'BUC',10,10.7,2.57,19,13,-1,'','',0,-1,'n',NULL,'N62','XEROGRAFICA',0,0);
INSERT INTO "facturi_articole" VALUES(2187,511,1727,'RADIERA HELIX',0.45,'BUC',4,1.8,0.43,19,13,-1,'','',0,-1,'n',NULL,'G55','XEROGRAFICA',0,0);
INSERT INTO "facturi_articole" VALUES(2188,512,1727,'BANDA ADEZIVA 48MMX66M TRANSPARENTA',2.35,'BUC',5,11.75,2.82,19,13,-1,'','',0,-1,'n',NULL,'14330','XEROGRAFICA',0,0);
INSERT INTO "facturi_articole" VALUES(2189,513,1727,'FLUID CORECTOR',1.4,'BUC',2,2.8,0.67,19,13,-1,'','',0,-1,'n',NULL,'F72','XEROGRAFICA',0,0);
INSERT INTO "facturi_articole" VALUES(2190,514,1727,'REGISTRU 100 COLI A4',6.4,'BUC',4,25.6,6.14,19,13,-1,'','',0,-1,'n',NULL,'R06','XEROGRAFICA',0,0);
INSERT INTO "facturi_articole" VALUES(2191,515,1727,'SFOARA BUMBAC',3,'BUC',4,12,2.88,19,13,-1,'','',0,-1,'n',NULL,'S47','XEROGRAFICA',0,0);
INSERT INTO "facturi_articole" VALUES(2193,517,1729,'SERVICII PRINTARE PLAN COLOR',31.85,'MP',0.4,12.74,3.06,19,13,-1,'','',0,-1,'n',NULL,'','',0,1);
INSERT INTO "facturi_articole" VALUES(2195,518,1730,'ABONAMENT SERVICE CONFORM CONTRACT NR.5/21.11.2014 XEROX WORKCENTRE 7220 ST CU T',147.11,'BUC',1,147.11,35.31,19,13,-1,'','',0,-1,'n',NULL,'','',0,1);
INSERT INTO "facturi_articole" VALUES(2196,474,1731,'ABONAMENT SERVICE CONFORM CONTRACT NR 6/21.11.2014 XEROX WORKCENTRE 3325 ST CU T',253.46,'BUC',1,253.46,60.83,19,13,-1,'','',0,-1,'n',NULL,'','',0,1);
INSERT INTO "facturi_articole" VALUES(2197,416,1732,'TONER 6204',595.45,'buc',2,1190.9,285.82,19,13,-1,'','',0,-1,'n',NULL,'006R01238','XEROGRAFICA',0,0);
INSERT INTO "facturi_articole" VALUES(2200,516,1728,'REPARATIE SURSA LVPS',185.48,'BUC',1,185.48,44.52,19,13,-1,'','',0,-1,'n',NULL,'','',0,1);
INSERT INTO "facturi_articole" VALUES(2201,519,'','FEED ASSY DADF',818.77,'BUC',1,818.77,196.5,19,13,-1,'','',0,-1,'n',NULL,'059K67731','XEROGRAFICA',0,0);
INSERT INTO "facturi_articole" VALUES(2202,473,1734,'ABONAMENT SERVICE CONFORM CONTRACT NR 4/20.11.2014 XEROX 560 ST CU T',5125.95,'BUC',1,5125.95,1230.23,19,13,-1,'','',0,-1,'n',NULL,'','',0,1);
INSERT INTO "facturi_articole" VALUES(2203,519,1735,'FEED ASSY DADF',837.65,'BUC',1,837.65,201.04,19,13,-1,'','',0,-1,'n',NULL,'059K67731','XEROGRAFICA',0,0);
INSERT INTO "facturi_articole" VALUES(2204,521,1735,'SERVICII MANOPERA ECHIPAMENT XEROX 7425',119.66,'BUC',1,119.66,28.72,19,13,-1,'','',0,-1,'n',NULL,'','',0,1);
INSERT INTO "facturi_articole" VALUES(2205,521,1736,'SERVICII MANOPERA ECHIPAMENT XEROX 7425',143.27,'BUC',1,143.27,34.38,19,13,-1,'','',0,-1,'n',NULL,'','',0,1);
INSERT INTO "facturi_articole" VALUES(2206,522,1736,'SERVICII MANOPERA ECHIPAMENT XEROX 5645',127.19,'BUC',1,127.19,30.53,19,13,-1,'','',0,-1,'n',NULL,'','',0,1);
INSERT INTO "facturi_articole" VALUES(2207,435,1737,'SERVICII COPIERE PLAN A/N',3.23,'MP',7,22.58,5.42,19,13,-1,'','',0,-1,'n',NULL,'','',0,1);
INSERT INTO "facturi_articole" VALUES(2208,449,1737,'SERVICII PLIERE PLAN',1.05,'MP',7,7.34,1.76,19,13,-1,'','',0,-1,'n',NULL,'','',0,1);
INSERT INTO "facturi_articole" VALUES(2209,523,1738,'ABONAMENT SERVICE CONFORM CONTRACT NR.8/23.12.2014 XEROX WC 250 ST / T, FSMA',1220.82,'BUC',1,1220.82,293,19,13,-1,'','',0,-1,'n',NULL,'','',0,1);
INSERT INTO "facturi_articole" VALUES(2210,436,1739,'SERVICII COPIERE A4 A/N',0.1,'BUC',2298,240.92,57.82,19,13,-1,'','',0,-1,'n',NULL,'','',0,1);
INSERT INTO "facturi_articole" VALUES(2211,450,1739,'SERVICII COPIERE A4 COLOR',0.65,'BUC',1069,689.68,165.52,19,13,-1,'','',0,-1,'n',NULL,'','',0,1);
INSERT INTO "facturi_articole" VALUES(2212,435,1739,'SERVICII COPIERE PLAN A/N',3.23,'MP',298.5,962.9,231.1,19,13,-1,'','',0,-1,'n',NULL,'','',0,1);
INSERT INTO "facturi_articole" VALUES(2213,434,1739,'SERVICII COPIERE PLAN COLOR',25.81,'MP',392,10116.13,2427.87,19,13,-1,'','',0,-1,'n',NULL,'','',0,1);
INSERT INTO "facturi_articole" VALUES(2214,449,1739,'SERVICII PLIERE PLAN',1.05,'MP',690.5,723.91,173.74,19,13,-1,'','',0,-1,'n',NULL,'','',0,1);
INSERT INTO "facturi_articole" VALUES(2215,452,1739,'SERVICII SCANARE A4 COLOR',1.21,'BUC',159,192.34,46.16,19,13,-1,'','',0,-1,'n',NULL,'','',0,1);
INSERT INTO "facturi_articole" VALUES(2216,472,1739,'SERVICII SCANARE PLAN COLOR',16.13,'MP',58.5,943.55,226.45,19,13,-1,'','',0,-1,'n',NULL,'','',0,1);
INSERT INTO "facturi_articole" VALUES(2217,451,1739,'SERVICII SCANARE A4 A/N',0.4,'BUC',348,140.32,33.68,19,13,-1,'','',0,-1,'n',NULL,'','',0,1);
INSERT INTO "facturi_articole" VALUES(2218,454,1739,'SERVICII SCRIERE CD/DVD',4.03,'BUC',34,137.1,32.9,19,13,-1,'','',0,-1,'n',NULL,'','',0,1);
INSERT INTO "facturi_articole" VALUES(2219,456,1739,'SERVICII INDOSARIERE BIBLIORAFT',6.45,'BUC',37,238.71,57.29,19,13,-1,'','',0,-1,'n',NULL,'','',0,1);
INSERT INTO "facturi_articole" VALUES(2220,455,1739,'SERVICII INDOSARIERE DOSAR SINA PLASTIC',1.21,'BUC',22,26.61,6.39,19,13,-1,'','',0,-1,'n',NULL,'','',0,1);
INSERT INTO "facturi_articole" VALUES(2221,429,1739,'BIBLIORAFT A4, 50MM, AKKO',6.45,'buc',37,238.65,57.28,19,13,-1,'','',0,-1,'n',NULL,'2853','XEROGRAFICA',0,0);
INSERT INTO "facturi_articole" VALUES(2222,430,1739,'DOSAR PVC SINA NOKY',0.81,'buc',22,17.82,4.28,19,13,-1,'','',0,-1,'n',NULL,'0246','XEROGRAFICA',0,0);
INSERT INTO "facturi_articole" VALUES(2223,423,1739,'ALONJE AUTOADEZIVE',0.32,'buc',752,240.64,57.75,19,13,-1,'','',0,-1,'n',NULL,'VEL-2002000','XEROGRAFICA',0,0);
INSERT INTO "facturi_articole" VALUES(2224,432,1739,'SEPARATOR CARTON COLOR',0.2,'buc',63,12.6,3.02,19,13,-1,'','',0,-1,'n',NULL,'0635','XEROGRAFICA',0,0);
INSERT INTO "facturi_articole" VALUES(2225,433,1739,'CD VERBATIM',0.81,'buc',31,25.11,6.03,19,13,-1,'','',0,-1,'n',NULL,'1581','XEROGRAFICA',0,0);
INSERT INTO "facturi_articole" VALUES(2226,431,1739,'PLIC SPECIAL CD',0.12,'buc',31,3.72,0.89,19,13,-1,'','',0,-1,'n',NULL,'2832','XEROGRAFICA',0,0);
INSERT INTO "facturi_articole" VALUES(2227,450,1740,'SERVICII COPIERE A4 COLOR',0.65,'BUC',294,189.68,45.52,19,13,-1,'','',0,-1,'n',NULL,'','',0,1);
INSERT INTO "facturi_articole" VALUES(2228,452,1740,'SERVICII SCANARE A4 COLOR',1.21,'BUC',49,59.27,14.23,19,13,-1,'','',0,-1,'n',NULL,'','',0,1);
INSERT INTO "facturi_articole" VALUES(2229,524,1740,'SERVICII COPIERE A4 COLOR-160gr.lucios',1.37,'BUC',136,186.45,44.75,19,13,-1,'','',0,-1,'n',NULL,'','',0,1);
INSERT INTO "facturi_articole" VALUES(2230,525,1740,'SERVICII COPIERE A4 A/N-160gr.lucios',0.73,'BUC',41,29.76,7.14,19,13,-1,'','',0,-1,'n',NULL,'','',0,1);
INSERT INTO "facturi_articole" VALUES(2231,456,1740,'SERVICII INDOSARIERE BIBLIORAFT',6.45,'BUC',1,6.45,1.55,19,13,-1,'','',0,-1,'n',NULL,'','',0,1);
INSERT INTO "facturi_articole" VALUES(2232,455,1740,'SERVICII INDOSARIERE DOSAR SINA PLASTIC',1.21,'BUC',18,21.77,5.23,19,13,-1,'','',0,-1,'n',NULL,'','',0,1);
INSERT INTO "facturi_articole" VALUES(2233,454,1740,'SERVICII SCRIERE CD/DVD',4.03,'BUC',21,84.68,20.32,19,13,-1,'','',0,-1,'n',NULL,'','',0,1);
INSERT INTO "facturi_articole" VALUES(2234,429,1740,'BIBLIORAFT A4, 50MM, AKKO',6.45,'buc',1,6.45,1.55,19,13,-1,'','',0,-1,'n',NULL,'2853','XEROGRAFICA',0,0);
INSERT INTO "facturi_articole" VALUES(2235,430,1740,'DOSAR PVC SINA NOKY',0.81,'buc',18,14.58,3.5,19,13,-1,'','',0,-1,'n',NULL,'0246','XEROGRAFICA',0,0);
INSERT INTO "facturi_articole" VALUES(2236,433,1740,'CD VERBATIM',0.81,'buc',21,17.01,4.08,19,13,-1,'','',0,-1,'n',NULL,'1581','XEROGRAFICA',0,0);
INSERT INTO "facturi_articole" VALUES(2237,431,1740,'PLIC SPECIAL CD',0.12,'buc',21,2.52,0.6,19,13,-1,'','',0,-1,'n',NULL,'2832','XEROGRAFICA',0,0);
INSERT INTO "facturi_articole" VALUES(2238,436,1741,'SERVICII COPIERE A4 A/N',0.1,'BUC',10803,1132.57,271.82,19,13,-1,'','',0,-1,'n',NULL,'','',0,1);
INSERT INTO "facturi_articole" VALUES(2239,450,1741,'SERVICII COPIERE A4 COLOR',0.65,'BUC',916,590.97,141.83,19,13,-1,'','',0,-1,'n',NULL,'','',0,1);
INSERT INTO "facturi_articole" VALUES(2240,435,1741,'SERVICII COPIERE PLAN A/N',3.23,'MP',144.7,466.77,112.03,19,13,-1,'','',0,-1,'n',NULL,'','',0,1);
INSERT INTO "facturi_articole" VALUES(2241,434,1741,'SERVICII COPIERE PLAN COLOR',25.81,'MP',132.7,3424.52,821.88,19,13,-1,'','',0,-1,'n',NULL,'','',0,1);
INSERT INTO "facturi_articole" VALUES(2242,526,1741,'SERVICII COPIERE A3 COLOR',1.61,'BUC',7,11.29,2.71,19,13,-1,'','',0,-1,'n',NULL,'','',0,1);
INSERT INTO "facturi_articole" VALUES(2243,449,1741,'SERVICII PLIERE PLAN',1.05,'MP',277.4,290.82,69.8,19,13,-1,'','',0,-1,'n',NULL,'','',0,1);
INSERT INTO "facturi_articole" VALUES(2244,451,1741,'SERVICII SCANARE A4 A/N',0.4,'BUC',1538,620.16,148.84,19,13,-1,'','',0,-1,'n',NULL,'','',0,1);
INSERT INTO "facturi_articole" VALUES(2245,452,1741,'SERVICII SCANARE A4 COLOR',1.21,'BUC',128,154.84,37.16,19,13,-1,'','',0,-1,'n',NULL,'','',0,1);
INSERT INTO "facturi_articole" VALUES(2246,527,1741,'SERVICII SCAN A3 COLOR',2.82,'BUC.',1,2.82,0.68,19,13,-1,'','',0,-1,'n',NULL,'','',0,1);
INSERT INTO "facturi_articole" VALUES(2247,472,1741,'SERVICII SCANARE PLAN COLOR',16.13,'MP',194,3129.03,750.97,19,13,-1,'','',0,-1,'n',NULL,'','',0,1);
INSERT INTO "facturi_articole" VALUES(2248,454,1741,'SERVICII SCRIERE CD/DVD',4.03,'BUC',47,189.52,45.48,19,13,-1,'','',0,-1,'n',NULL,'','',0,1);
INSERT INTO "facturi_articole" VALUES(2249,456,1741,'SERVICII INDOSARIERE BIBLIORAFT',6.45,'BUC',44,283.87,68.13,19,13,-1,'','',0,-1,'n',NULL,'','',0,1);
INSERT INTO "facturi_articole" VALUES(2250,455,1741,'SERVICII INDOSARIERE DOSAR SINA PLASTIC',1.21,'BUC',6,7.26,1.74,19,13,-1,'','',0,-1,'n',NULL,'','',0,1);
INSERT INTO "facturi_articole" VALUES(2251,423,1741,'ALONJE AUTOADEZIVE',0.32,'buc',331,105.92,25.42,19,13,-1,'','',0,-1,'n',NULL,'VEL-2002000','XEROGRAFICA',0,0);
INSERT INTO "facturi_articole" VALUES(2252,405,1741,'BIBLIORAFT MARMORAT',6.45,'buc',32,206.4,49.54,19,13,-1,'','',0,-1,'n',NULL,'10658','XEROGRAFICA',0,0);
INSERT INTO "facturi_articole" VALUES(2253,429,1741,'BIBLIORAFT A4, 50MM, AKKO',6.45,'buc',5,32.25,7.74,19,13,-1,'','',0,-1,'n',NULL,'2853','XEROGRAFICA',0,0);
INSERT INTO "facturi_articole" VALUES(2254,428,1741,'BIBLIORAFT A4, 75MM, AKKO',6.45,'buc',18,116.1,27.86,19,13,-1,'','',0,-1,'n',NULL,'0215','XEROGRAFICA',0,0);
INSERT INTO "facturi_articole" VALUES(2255,422,1741,'DOSAR PVC SINA',0.81,'buc',6,4.86,1.17,19,13,-1,'','',0,-1,'n',NULL,'D37','XEROGRAFICA',0,0);
INSERT INTO "facturi_articole" VALUES(2256,433,1741,'CD VERBATIM',0.81,'buc',47,38.07,9.14,19,13,-1,'','',0,-1,'n',NULL,'1581','XEROGRAFICA',0,0);
INSERT INTO "facturi_articole" VALUES(2257,403,1741,'PLIC CD',0.12,'buc',47,5.64,1.35,19,13,-1,'','',0,-1,'n',NULL,'10314','XEROGRAFICA',0,0);
INSERT INTO "facturi_articole" VALUES(2258,472,1742,'SERVICII SCANARE PLAN COLOR',16.13,'MP',16.4,264.52,63.48,19,13,-1,'','',0,-1,'n',NULL,'','',0,1);
INSERT INTO "facturi_articole" VALUES(2259,453,1742,'SERVICII TRIMITERE MAIL',2.42,'BUC',2,4.84,1.16,19,13,-1,'','',0,-1,'n',NULL,'','',0,1);
INSERT INTO "facturi_articole" VALUES(2260,436,1743,'SERVICII COPIERE A4 A/N',0.12,'BUC',800,96.77,23.23,19,13,-1,'','',0,-1,'n',NULL,'','',0,1);
INSERT INTO "facturi_articole" VALUES(2263,528,1744,'ABONAMENT SERVICE CONFORM CTR. 742/21.10.2014, FSMA, IAN. 2015, CURS: 3.8885',2614.11,'BUC',1,2614.11,627.39,19,13,-1,'','',0,-1,'n',NULL,'','',0,1);
INSERT INTO "facturi_articole" VALUES(2264,529,1744,'ABONAMENT SERVICE CONFORM CTR.742/21.10.2014, FM, IAN 2015, CURS: 3.8885',3760.5,'BUC',1,3760.5,902.52,19,13,-1,'','',0,-1,'n',NULL,'','',0,1);
INSERT INTO "facturi_articole" VALUES(2265,533,1745,'SERRVICII PRINTARE AUTOCOLANT',610,'BUC',1,610,146.4,19,13,-1,'','',0,-1,'n',NULL,'','',0,1);
INSERT INTO "facturi_articole" VALUES(2266,534,1746,'SERVICII PRINTARE CARTI VIZITA COLOR FATA-VERSO',0.3,'BUC',100,30,7.2,19,13,-1,'','',0,-1,'n',NULL,'','',0,1);
INSERT INTO "facturi_articole" VALUES(2267,534,1747,'SERVICII PRINTARE CARTI VIZITA COLOR FATA-VERSO',0.4,'BUC',100,40.32,9.68,19,13,-1,'','',0,-1,'n',NULL,'','',0,1);
INSERT INTO "facturi_articole" VALUES(2268,536,1748,'SERVICII PRINTARE A4 A/N',0.12,'BUC',500,60.48,14.52,19,13,-1,'','',0,-1,'n',NULL,'','',0,1);
INSERT INTO "facturi_articole" VALUES(2269,537,1748,'SERVICII PRINTARE A4 COLOR',0.4,'BUC',200,80.65,19.35,19,13,-1,'','',0,-1,'n',NULL,'','',0,1);
INSERT INTO "facturi_articole" VALUES(2270,434,1749,'SERVICII COPIERE PLAN COLOR',25.81,'MP',16.65,429.68,103.12,19,13,-1,'','',0,-1,'n',NULL,'','',0,1);
INSERT INTO "facturi_articole" VALUES(2271,449,1749,'SERVICII PLIERE PLAN',1.05,'MP',16.65,17.46,4.19,19,13,-1,'','',0,-1,'n',NULL,'','',0,1);
INSERT INTO "facturi_articole" VALUES(2272,436,1749,'SERVICII COPIERE A4 A/N',0.12,'BUC',138,16.69,4.01,19,13,-1,'','',0,-1,'n',NULL,'','',0,1);
INSERT INTO "facturi_articole" VALUES(2273,450,1749,'SERVICII COPIERE A4 COLOR',0.97,'BUC',40,38.71,9.29,19,13,-1,'','',0,-1,'n',NULL,'','',0,1);
INSERT INTO "facturi_articole" VALUES(2274,526,1749,'SERVICII COPIERE A3 COLOR',1.61,'BUC',11,17.74,4.26,19,13,-1,'','',0,-1,'n',NULL,'','',0,1);
INSERT INTO "facturi_articole" VALUES(2275,455,1749,'SERVICII INDOSARIERE DOSAR SINA PLASTIC',1.21,'BUC',8,9.68,2.32,19,13,-1,'','',0,-1,'n',NULL,'','',0,1);
INSERT INTO "facturi_articole" VALUES(2276,456,1749,'SERVICII INDOSARIERE BIBLIORAFT',6.45,'BUC',1,6.45,1.55,19,13,-1,'','',0,-1,'n',NULL,'','',0,1);
INSERT INTO "facturi_articole" VALUES(2277,474,1750,'ABONAMENT SERVICE CONFORM CONTRACT NR 6/21.11.2014 XEROX WORKCENTRE 3325 ST CU T',273.15,'BUC',1,273.15,65.56,19,13,-1,'','',0,-1,'n',NULL,'','',0,1);
INSERT INTO "facturi_articole" VALUES(2279,535,1752,'NETWORK OPTION KIT  5019/5021',311.45,'BUC',1,311.45,74.75,19,13,-1,'','',0,-1,'n',NULL,'497K13770','XEROGRAFICA',0,0);
INSERT INTO "facturi_articole" VALUES(2280,540,1752,'SERVICII MANOPERA SI REPARATIE ECHIPAMENTE SI INSTALARE SOFTWARE',356.73,'BUC',1,356.73,85.62,19,13,-1,'','',0,-1,'n',NULL,'','',0,1);
INSERT INTO "facturi_articole" VALUES(2281,518,1751,'ABONAMENT SERVICE CONFORM CONTRACT NR.5/21.11.2014 XEROX WORKCENTRE 7220 ST CU T',458.3,'BUC',1,458.3,109.99,19,13,-1,'','',0,-1,'n',NULL,'','',0,1);
INSERT INTO "facturi_articole" VALUES(2282,523,1753,'ABONAMENT SERVICE CONFORM CONTRACT NR.8/23.12.2014 XEROX WC 250 ST / T, FSMA',830.03,'BUC',1,830.03,199.21,19,13,-1,'','',0,-1,'n',NULL,'','',0,1);
INSERT INTO "facturi_articole" VALUES(2283,541,1754,'SERVICII EFECTUATE CF CTR. 15/27.01.15, SERVICII DE INTRETINERE A MASINII DE TIPARIT DIGITALA XEROX 550',781.46,'BUC',1,781.46,187.55,19,13,-1,'','',0,-1,'n',NULL,'','',0,1);
INSERT INTO "facturi_articole" VALUES(2284,542,1755,'INSTALARE ECHIPAMENT HP LASERJET P3015DN S/N VNFVGD81VM, CURS : 4,4709',89.42,'BUC',1,89.42,21.46,19,13,-1,'','',0,-1,'n',NULL,'','',0,1);
INSERT INTO "facturi_articole" VALUES(2285,543,1756,'ABONAMENT SERVICE CONFORM CONTRACT NR 4/20.11.2014 XEROX 560 ST/ T CURS : 3.8952',6247.77,'BUC',1,6247.77,1499.46,19,13,-1,'','',0,-1,'n',NULL,'','',0,1);
INSERT INTO "facturi_articole" VALUES(2286,539,1757,'HIGH CAPACITY CARTRIDGE WORKCENTRE 3550',580,'BUC',1,580,139.2,19,13,-1,'','',0,-1,'n',NULL,'106R01531','XEROGRAFICA',0,0);
INSERT INTO "facturi_articole" VALUES(2287,544,1758,'SERVICII LAMINARE',56.45,'BUC',1,56.45,13.55,19,13,-1,'','',0,-1,'n',NULL,'','',0,1);
INSERT INTO "facturi_articole" VALUES(2288,451,1759,'SERVICII SCANARE A4 A/N',0.4,'BUC',529,213.31,51.19,19,13,-1,'','',0,-1,'n',NULL,'','',0,1);
INSERT INTO "facturi_articole" VALUES(2289,545,1759,'SERVICII SCAN A3 A/N',1.21,'BUC',67,81.05,19.45,19,13,-1,'','',0,-1,'n',NULL,'','',0,1);
INSERT INTO "facturi_articole" VALUES(2290,454,1759,'SERVICII SCRIERE CD/DVD',4.03,'BUC',4,16.13,3.87,19,13,-1,'','',0,-1,'n',NULL,'','',0,1);
INSERT INTO "facturi_articole" VALUES(2291,433,1759,'CD VERBATIM',0.81,'buc',1,0.81,0.19,19,13,-1,'','',0,-1,'n',NULL,'1581','XEROGRAFICA',0,0);
INSERT INTO "facturi_articole" VALUES(2292,404,1759,'CD VERBATIM EXTRA',0.81,'buc',3,2.43,0.58,19,13,-1,'','',0,-1,'n',NULL,'10394','XEROGRAFICA',0,0);
INSERT INTO "facturi_articole" VALUES(2293,403,1759,'PLIC CD',0.12,'buc',4,0.48,0.12,19,13,-1,'','',0,-1,'n',NULL,'10314','XEROGRAFICA',0,0);
INSERT INTO "facturi_articole" VALUES(2294,544,1760,'SERVICII LAMINARE',94.56,'MP',4,378.23,90.77,19,13,-1,'','',0,-1,'n',NULL,'','',0,1);
INSERT INTO "facturi_articole" VALUES(2295,435,1760,'SERVICII COPIERE PLAN A/N',3.23,'MP',31.75,102.42,24.58,19,13,-1,'','',0,-1,'n',NULL,'','',0,1);
INSERT INTO "facturi_articole" VALUES(2296,449,1760,'SERVICII PLIERE PLAN',1.05,'MP',49.25,51.64,12.39,19,13,-1,'','',0,-1,'n',NULL,'','',0,1);
INSERT INTO "facturi_articole" VALUES(2297,434,1760,'SERVICII COPIERE PLAN COLOR',25.81,'MP',25.5,658.06,157.94,19,13,-1,'','',0,-1,'n',NULL,'','',0,1);
INSERT INTO "facturi_articole" VALUES(2298,436,1760,'SERVICII COPIERE A4 A/N',0.1,'BUC',647,67.83,16.28,19,13,-1,'','',0,-1,'n',NULL,'','',0,1);
INSERT INTO "facturi_articole" VALUES(2299,450,1760,'SERVICII COPIERE A4 COLOR',0.65,'BUC',392,252.9,60.7,19,13,-1,'','',0,-1,'n',NULL,'','',0,1);
INSERT INTO "facturi_articole" VALUES(2300,451,1760,'SERVICII SCANARE A4 A/N',0.4,'BUC',71,28.63,6.87,19,13,-1,'','',0,-1,'n',NULL,'','',0,1);
INSERT INTO "facturi_articole" VALUES(2301,452,1760,'SERVICII SCANARE A4 COLOR',1.21,'BUC',56,67.74,16.26,19,13,-1,'','',0,-1,'n',NULL,'','',0,1);
INSERT INTO "facturi_articole" VALUES(2302,472,1760,'SERVICII SCANARE PLAN COLOR',16.13,'MP',2.5,40.32,9.68,19,13,-1,'','',0,-1,'n',NULL,'','',0,1);
INSERT INTO "facturi_articole" VALUES(2303,454,1760,'SERVICII SCRIERE CD/DVD',4.03,'BUC',24,96.77,23.23,19,13,-1,'','',0,-1,'n',NULL,'','',0,1);
INSERT INTO "facturi_articole" VALUES(2304,423,1760,'ALONJE AUTOADEZIVE',0.32,'buc',62,19.84,4.76,19,13,-1,'','',0,-1,'n',NULL,'VEL-2002000','XEROGRAFICA',0,0);
INSERT INTO "facturi_articole" VALUES(2305,430,1760,'DOSAR PVC SINA NOKY',0.81,'buc',27,21.87,5.25,19,13,-1,'','',0,-1,'n',NULL,'0246','XEROGRAFICA',0,0);
INSERT INTO "facturi_articole" VALUES(2306,404,1760,'CD VERBATIM EXTRA',0.81,'buc',24,19.44,4.67,19,13,-1,'','',0,-1,'n',NULL,'10394','XEROGRAFICA',0,0);
INSERT INTO "facturi_articole" VALUES(2307,403,1760,'PLIC CD',0.12,'buc',24,2.88,0.69,19,13,-1,'','',0,-1,'n',NULL,'10314','XEROGRAFICA',0,0);
INSERT INTO "facturi_articole" VALUES(2308,455,1760,'SERVICII INDOSARIERE DOSAR SINA PLASTIC',1.21,'BUC',27,32.66,7.84,19,13,-1,'','',0,-1,'n',NULL,'','',0,1);
INSERT INTO "facturi_articole" VALUES(2309,436,1761,'SERVICII COPIERE A4 A/N',0.1,'BUC',4518,473.66,113.68,19,13,-1,'','',0,-1,'n',NULL,'','',0,1);
INSERT INTO "facturi_articole" VALUES(2310,450,1761,'SERVICII COPIERE A4 COLOR',0.65,'BUC',14533,9376.13,2250.27,19,13,-1,'','',0,-1,'n',NULL,'','',0,1);
INSERT INTO "facturi_articole" VALUES(2311,434,1761,'SERVICII COPIERE PLAN COLOR',25.81,'MP',7,180.65,43.35,19,13,-1,'','',0,-1,'n',NULL,'','',0,1);
INSERT INTO "facturi_articole" VALUES(2312,449,1761,'SERVICII PLIERE PLAN',1.05,'MP',7,7.34,1.76,19,13,-1,'','',0,-1,'n',NULL,'','',0,1);
INSERT INTO "facturi_articole" VALUES(2313,451,1761,'SERVICII SCANARE A4 A/N',0.4,'BUC',634,255.65,61.35,19,13,-1,'','',0,-1,'n',NULL,'','',0,1);
INSERT INTO "facturi_articole" VALUES(2314,452,1761,'SERVICII SCANARE A4 COLOR',1.21,'BUC',2075,2510.08,602.42,19,13,-1,'','',0,-1,'n',NULL,'','',0,1);
INSERT INTO "facturi_articole" VALUES(2315,546,1761,'SERVICII LAMINARE A4',1.61,'BUC',12,19.35,4.65,19,13,-1,'','',0,-1,'n',NULL,'','',0,1);
INSERT INTO "facturi_articole" VALUES(2316,454,1761,'SERVICII SCRIERE CD/DVD',4.03,'BUC',24,96.77,23.23,19,13,-1,'','',0,-1,'n',NULL,'','',0,1);
INSERT INTO "facturi_articole" VALUES(2317,456,1761,'SERVICII INDOSARIERE BIBLIORAFT',6.45,'BUC',42,270.97,65.03,19,13,-1,'','',0,-1,'n',NULL,'','',0,1);
INSERT INTO "facturi_articole" VALUES(2318,455,1761,'SERVICII INDOSARIERE DOSAR SINA PLASTIC',1.21,'BUC',7,8.47,2.03,19,13,-1,'','',0,-1,'n',NULL,'','',0,1);
INSERT INTO "facturi_articole" VALUES(2319,423,1761,'ALONJE AUTOADEZIVE',0.32,'buc',14,4.48,1.08,19,13,-1,'','',0,-1,'n',NULL,'VEL-2002000','XEROGRAFICA',0,0);
INSERT INTO "facturi_articole" VALUES(2320,429,1761,'BIBLIORAFT A4, 50MM, AKKO',6.45,'buc',42,270.9,65.02,19,13,-1,'','',0,-1,'n',NULL,'2853','XEROGRAFICA',0,0);
INSERT INTO "facturi_articole" VALUES(2321,430,1761,'DOSAR PVC SINA NOKY',0.81,'buc',7,5.67,1.36,19,13,-1,'','',0,-1,'n',NULL,'0246','XEROGRAFICA',0,0);
INSERT INTO "facturi_articole" VALUES(2322,404,1761,'CD VERBATIM EXTRA',0.81,'buc',24,19.44,4.67,19,13,-1,'','',0,-1,'n',NULL,'10394','XEROGRAFICA',0,0);
INSERT INTO "facturi_articole" VALUES(2323,403,1761,'PLIC CD',0.12,'buc',24,2.88,0.69,19,13,-1,'','',0,-1,'n',NULL,'10314','XEROGRAFICA',0,0);
INSERT INTO "facturi_articole" VALUES(2324,432,1761,'SEPARATOR CARTON COLOR',0.2,'buc',140,28,6.72,19,13,-1,'','',0,-1,'n',NULL,'0635','XEROGRAFICA',0,0);
INSERT INTO "facturi_articole" VALUES(2325,530,1761,'TABLA CONFERINTE 90X120CM',224.29,'BUC',1,224.29,53.83,19,13,-1,'','',0,-1,'n',NULL,'0995','XEROGRAFICA',0,0);
INSERT INTO "facturi_articole" VALUES(2326,531,1761,'MARKER WHITEBOARD 4 BUC/SET VF ROTUND 2MM',11.8,'SET',1,11.8,2.83,19,13,-1,'','',0,-1,'n',NULL,'2059','XEROGRAFICA',0,0);
INSERT INTO "facturi_articole" VALUES(2327,532,1761,'BURETEM MAGNETIC PENTRU TABLA',6.67,'BUC',1,6.67,1.6,19,13,-1,'','',0,-1,'n',NULL,'6572','XEROGRAFICA',0,0);
INSERT INTO "facturi_articole" VALUES(2328,435,1762,'SERVICII COPIERE PLAN A/N',3.23,'MP',141,454.84,109.16,19,13,-1,'','',0,-1,'n',NULL,'','',0,1);
INSERT INTO "facturi_articole" VALUES(2329,434,1762,'SERVICII COPIERE PLAN COLOR',25.81,'MP',395.2,10198.71,2447.69,19,13,-1,'','',0,-1,'n',NULL,'','',0,1);
INSERT INTO "facturi_articole" VALUES(2330,449,1762,'SERVICII PLIERE PLAN',1.05,'MP',520.2,545.37,130.89,19,13,-1,'','',0,-1,'n',NULL,'','',0,1);
INSERT INTO "facturi_articole" VALUES(2331,436,1762,'SERVICII COPIERE A4 A/N',0.1,'BUC',6656,697.81,167.47,19,13,-1,'','',0,-1,'n',NULL,'','',0,1);
INSERT INTO "facturi_articole" VALUES(2332,437,1762,'SERVICII COPIERE A3 A/N',0.24,'BUC',15,3.63,0.87,19,13,-1,'','',0,-1,'n',NULL,'','',0,1);
INSERT INTO "facturi_articole" VALUES(2333,547,1762,'SERVICII SCAN PLAN A/N',8.06,'MP',1.4,11.29,2.71,19,13,-1,'','',0,-1,'n',NULL,'','',0,1);
INSERT INTO "facturi_articole" VALUES(2334,472,1762,'SERVICII SCANARE PLAN COLOR',16.13,'MP',54.2,874.19,209.81,19,13,-1,'','',0,-1,'n',NULL,'','',0,1);
INSERT INTO "facturi_articole" VALUES(2335,453,1762,'SERVICII TRIMITERE MAIL',2.42,'BUC',2,4.84,1.16,19,13,-1,'','',0,-1,'n',NULL,'','',0,1);
INSERT INTO "facturi_articole" VALUES(2336,450,1762,'SERVICII COPIERE A4 COLOR',0.65,'BUC',3994,2576.77,618.43,19,13,-1,'','',0,-1,'n',NULL,'','',0,1);
INSERT INTO "facturi_articole" VALUES(2337,526,1762,'SERVICII COPIERE A3 COLOR',1.61,'BUC',236,380.65,91.35,19,13,-1,'','',0,-1,'n',NULL,'','',0,1);
INSERT INTO "facturi_articole" VALUES(2338,451,1762,'SERVICII SCANARE A4 A/N',0.4,'BUC',1049,422.98,101.52,19,13,-1,'','',0,-1,'n',NULL,'','',0,1);
INSERT INTO "facturi_articole" VALUES(2339,452,1762,'SERVICII SCANARE A4 COLOR',1.21,'BUC',469,567.34,136.16,19,13,-1,'','',0,-1,'n',NULL,'','',0,1);
INSERT INTO "facturi_articole" VALUES(2340,454,1762,'SERVICII SCRIERE CD/DVD',4.03,'BUC',96,387.1,92.9,19,13,-1,'','',0,-1,'n',NULL,'','',0,1);
INSERT INTO "facturi_articole" VALUES(2341,456,1762,'SERVICII INDOSARIERE BIBLIORAFT',6.45,'BUC',44,283.87,68.13,19,13,-1,'','',0,-1,'n',NULL,'','',0,1);
INSERT INTO "facturi_articole" VALUES(2342,455,1762,'SERVICII INDOSARIERE DOSAR SINA PLASTIC',1.21,'BUC',73,88.31,21.19,19,13,-1,'','',0,-1,'n',NULL,'','',0,1);
INSERT INTO "facturi_articole" VALUES(2343,423,1762,'ALONJE AUTOADEZIVE',0.32,'buc',712,227.84,54.68,19,13,-1,'','',0,-1,'n',NULL,'VEL-2002000','XEROGRAFICA',0,0);
INSERT INTO "facturi_articole" VALUES(2344,429,1762,'BIBLIORAFT A4, 50MM, AKKO',6.45,'buc',8,51.6,12.38,19,13,-1,'','',0,-1,'n',NULL,'2853','XEROGRAFICA',0,0);
INSERT INTO "facturi_articole" VALUES(2345,428,1762,'BIBLIORAFT A4, 75MM, AKKO',6.45,'buc',36,232.2,55.73,19,13,-1,'','',0,-1,'n',NULL,'0215','XEROGRAFICA',0,0);
INSERT INTO "facturi_articole" VALUES(2346,430,1762,'DOSAR PVC SINA NOKY',0.81,'buc',73,59.13,14.19,19,13,-1,'','',0,-1,'n',NULL,'0246','XEROGRAFICA',0,0);
INSERT INTO "facturi_articole" VALUES(2347,403,1762,'PLIC CD',0.12,'buc',64,7.68,1.84,19,13,-1,'','',0,-1,'n',NULL,'10314','XEROGRAFICA',0,0);
INSERT INTO "facturi_articole" VALUES(2348,431,1762,'PLIC SPECIAL CD',0.12,'buc',42,5.04,1.21,19,13,-1,'','',0,-1,'n',NULL,'2832','XEROGRAFICA',0,0);
INSERT INTO "facturi_articole" VALUES(2349,432,1762,'SEPARATOR CARTON COLOR',0.2,'buc',140,28,6.72,19,13,-1,'','',0,-1,'n',NULL,'0635','XEROGRAFICA',0,0);
INSERT INTO "facturi_articole" VALUES(2350,548,1762,'SERVICII PRINTARE-AUTOCOLANT',108.67,'MP',0.92,99.98,23.99,19,13,-1,'','',0,-1,'n',NULL,'','',0,1);
INSERT INTO "facturi_articole" VALUES(2351,544,1762,'SERVICII LAMINARE',108.67,'MP',1,108.67,26.08,19,13,-1,'','',0,-1,'n',NULL,'','',0,1);
INSERT INTO "facturi_articole" VALUES(2352,435,1763,'SERVICII COPIERE PLAN A/N',3.23,'MP',141,454.84,109.16,19,13,-1,'','',0,-1,'n',NULL,'','',0,1);
INSERT INTO "facturi_articole" VALUES(2353,449,1763,'SERVICII PLIERE PLAN',1.05,'MP',141,147.82,35.48,19,13,-1,'','',0,-1,'n',NULL,'','',0,1);
INSERT INTO "facturi_articole" VALUES(2354,546,1763,'SERVICII LAMINARE A4',1.21,'BUC',42,50.81,12.19,19,13,-1,'','',0,-1,'n',NULL,'','',0,1);
INSERT INTO "facturi_articole" VALUES(2355,434,1764,'SERVICII COPIERE PLAN COLOR',30.65,'MP',4.1,125.65,30.15,19,13,-1,'','',0,-1,'n',NULL,'','',0,1);
INSERT INTO "facturi_articole" VALUES(2356,449,1764,'SERVICII PLIERE PLAN',1.05,'MP',9.35,9.81,2.35,19,13,-1,'','',0,-1,'n',NULL,'','',0,1);
INSERT INTO "facturi_articole" VALUES(2357,451,1764,'SERVICII SCANARE A4 A/N',0.4,'BUC',1,0.4,0.1,19,13,-1,'','',0,-1,'n',NULL,'','',0,1);
INSERT INTO "facturi_articole" VALUES(2358,527,1764,'SERVICII SCAN A3 COLOR',2.82,'BUC.',33,93.15,22.35,19,13,-1,'','',0,-1,'n',NULL,'','',0,1);
INSERT INTO "facturi_articole" VALUES(2359,452,1764,'SERVICII SCANARE A4 COLOR',1.21,'BUC',2,2.42,0.58,19,13,-1,'','',0,-1,'n',NULL,'','',0,1);
INSERT INTO "facturi_articole" VALUES(2360,453,1764,'SERVICII TRIMITERE MAIL',2.42,'BUC',1,2.42,0.58,19,13,-1,'','',0,-1,'n',NULL,'','',0,1);
INSERT INTO "facturi_articole" VALUES(2361,450,1764,'SERVICII COPIERE A4 COLOR',0.65,'BUC',2,1.29,0.31,19,13,-1,'','',0,-1,'n',NULL,'','',0,1);
INSERT INTO "facturi_articole" VALUES(2362,549,1764,'SERVICII  PRINTARE A3 COLOR',1.61,'BUC',42,67.74,16.26,19,13,-1,'','',0,-1,'n',NULL,'','',0,1);
INSERT INTO "facturi_articole" VALUES(2363,430,1764,'DOSAR PVC SINA NOKY',0.81,'buc',2,1.62,0.39,19,13,-1,'','',0,-1,'n',NULL,'0246','XEROGRAFICA',0,0);
INSERT INTO "facturi_articole" VALUES(2364,455,1764,'SERVICII INDOSARIERE DOSAR SINA PLASTIC',1.21,'BUC',2,2.42,0.58,19,13,-1,'','',0,-1,'n',NULL,'','',0,1);
INSERT INTO "facturi_articole" VALUES(2365,552,1765,'WORKCENTRE 7200 PRINTER/COPIER/SCANER 20PPM DADF/STAND',10277.4,'BUC',1,10277.4,2466.58,19,13,-1,'','',0,-1,'n',NULL,'7200V_S','XEROGRAFICA',0,0);
INSERT INTO "facturi_articole" VALUES(2366,553,1765,'DMO WC7220 INITIALISATION KIT',1083.12,'BUC',1,1083.12,259.95,19,13,-1,'','',0,-1,'n',NULL,'097S04455','XEROGRAFICA',0,0);
INSERT INTO "facturi_articole" VALUES(2367,554,1765,'POSTSCRIPT KIT WORKCENTRE 72XX',266.93,'BUC',1,266.93,64.06,19,13,-1,'','',0,-1,'n',NULL,'320S00649','XEROGRAFICA',0,0);
INSERT INTO "facturi_articole" VALUES(2368,560,1766,'ABONAMENT SERVICE CONFORM CTR. 742/21.10.2014, FSMA, FEB. 2015, CURS: 3.9892',3077.52,'BUC',1,3077.52,738.6,19,13,-1,'','',0,-1,'n',NULL,'','',0,1);
INSERT INTO "facturi_articole" VALUES(2369,561,1766,'ABONAMENT SERVICE CONFORM CTR.742/21.10.2014, FM, FEB 2015, CURS: 3.9892',4487.04,'BUC',1,4487.04,1076.89,19,13,-1,'','',0,-1,'n',NULL,'','',0,1);
INSERT INTO "facturi_articole" VALUES(2370,562,1767,'Instalari conform contract nr. 742/21.10.2014, curs dolar = 3,9892, luna februrie',319.14,'buc',1,319.14,76.59,19,13,-1,'','',0,-1,'n',NULL,'','',0,1);
INSERT INTO "facturi_articole" VALUES(2371,0,1768,'SERVICII PRINTARE CARTI VIZITA COLOR FATA',0.24,'BUC',400,96.77,23.23,19,13,-1,'','',0,-1,'n',NULL,'','',0,1);
INSERT INTO "facturi_articole" VALUES(2372,557,1769,'PANOU SEMNALIZARE COLOR FORMAT A0',241.95,'BUC',10,2419.5,580.68,19,13,-1,'','',0,-1,'n',NULL,'PANA0','XEROGRAFICA',0,0);
INSERT INTO "facturi_articole" VALUES(2373,558,1769,'PANPOU SEMNALIZARE COLOR A1',153.23,'BUC',10,1532.3,367.75,19,13,-1,'','',0,-1,'n',NULL,'PANA1','XEROGRAFICA',0,0);
INSERT INTO "facturi_articole" VALUES(2374,559,1769,'PANOU SEMNALIZARE COLOR A3',41.89,'BUC',6,251.34,60.32,19,13,-1,'','',0,-1,'n',NULL,'PANA3','XEROGRAFICA',0,0);
INSERT INTO "facturi_articole" VALUES(2375,566,1769,'SERVICII PRINTARE PLAN A2 COLOR 200G',9.68,'BUC',34,329.12,78.99,19,13,-1,'','',0,-1,'n',NULL,'','',0,1);
INSERT INTO "facturi_articole" VALUES(2376,556,1769,'RAMA PROFIL PVC 59.4CM X42CM',50,'BUC',34,1700,408,19,13,-1,'','',0,-1,'n',NULL,'RAMA2','XEROGRAFICA',0,0);
INSERT INTO "facturi_articole" VALUES(2377,563,1770,'XEROX WORKCENTRE 5024',3438.13,'BUC',1,3438.13,825.15,19,13,-1,'','',0,-1,'n',NULL,'5024V_U','XEROGRAFICA',0,0);
INSERT INTO "facturi_articole" VALUES(2378,564,1770,'PCL NETWORK OPTION KIT',384.91,'BUC',1,384.91,92.38,19,13,-1,'','',0,-1,'n',NULL,'497K14820','XEROGRAFICA',0,0);
INSERT INTO "facturi_articole" VALUES(2379,565,'','XEROX WORKCENTRE 3225',933.53,'BUC',1,933.53,224.05,19,13,-1,'','',0,-1,'n',NULL,'3225V_DNIY','XEROGRAFICA',0,0);
INSERT INTO "facturi_articole" VALUES(2380,565,1772,'XEROX WORKCENTRE 3225',932.45,'BUC',1,932.45,223.79,19,13,-1,'','',0,-1,'n',NULL,'3225V_DNIY','XEROGRAFICA',0,0);
INSERT INTO "facturi_articole" VALUES(2381,436,1773,'SERVICII COPIERE A4 A/N',0.12,'BUC',800,96.77,23.23,19,13,-1,'','',0,-1,'n',NULL,'','',0,1);
INSERT INTO "facturi_articole" VALUES(2382,567,1774,'SERVICII PRINTARE HARTI - A0',2.42,'BUC',160,387.1,92.9,19,13,-1,'','',0,-1,'n',NULL,'','',0,1);
INSERT INTO "facturi_articole" VALUES(2383,568,1774,'SERVICII PRINTARE HARTI - DIAGRAMA A1',2.02,'BUC',20,40.32,9.68,19,13,-1,'','',0,-1,'n',NULL,'','',0,1);
INSERT INTO "facturi_articole" VALUES(2384,536,1775,'SERVICII PRINTARE A4 A/N',0.1,'BUC',1830,191.85,46.05,19,13,-1,'','',0,-1,'n',NULL,'','',0,1);
INSERT INTO "facturi_articole" VALUES(2385,534,1776,'SERVICII PRINTARE CARTI VIZITA COLOR FATA-VERSO',0.4,'BUC',300,120.97,29.03,19,13,-1,'','',0,-1,'n',NULL,'','',0,1);
INSERT INTO "facturi_articole" VALUES(2386,555,1777,'TONER BLACK XEROX WORKCENTRE 5325/5330/5335',315.27,'BUC',1,315.27,75.66,19,13,-1,'','',0,-1,'n',NULL,'006R01160','XEROGRAFICA',0,0);
INSERT INTO "facturi_articole" VALUES(2387,436,1778,'SERVICII COPIERE A4 A/N',0.12,'BUC',46,5.56,1.34,19,13,-1,'','',0,-1,'n',NULL,'','',0,1);
INSERT INTO "facturi_articole" VALUES(2388,450,1778,'SERVICII COPIERE A4 COLOR',0.97,'BUC',28,27.1,6.5,19,13,-1,'','',0,-1,'n',NULL,'','',0,1);
INSERT INTO "facturi_articole" VALUES(2389,437,1778,'SERVICII COPIERE A3 A/N',0.24,'BUC',0.3,0.07,0.02,19,13,-1,'','',0,-1,'n',NULL,'','',0,1);
INSERT INTO "facturi_articole" VALUES(2390,526,1778,'SERVICII COPIERE A3 COLOR',1.61,'BUC',2,3.23,0.77,19,13,-1,'','',0,-1,'n',NULL,'','',0,1);
INSERT INTO "facturi_articole" VALUES(2391,434,1778,'SERVICII COPIERE PLAN COLOR',25.81,'MP',8,206.45,49.55,19,13,-1,'','',0,-1,'n',NULL,'','',0,1);
INSERT INTO "facturi_articole" VALUES(2392,435,1778,'SERVICII COPIERE PLAN A/N',3.23,'MP',3.5,11.29,2.71,19,13,-1,'','',0,-1,'n',NULL,'','',0,1);
INSERT INTO "facturi_articole" VALUES(2393,449,1778,'SERVICII PLIERE PLAN',1.05,'MP',11.5,12.06,2.89,19,13,-1,'','',0,-1,'n',NULL,'','',0,1);
INSERT INTO "facturi_articole" VALUES(2394,430,1778,'DOSAR PVC SINA NOKY',0.81,'buc',3,2.43,0.58,19,13,-1,'','',0,-1,'n',NULL,'0246','XEROGRAFICA',0,0);
INSERT INTO "facturi_articole" VALUES(2395,455,1778,'SERVICII INDOSARIERE DOSAR SINA PLASTIC',1.21,'BUC',3,3.63,0.87,19,13,-1,'','',0,-1,'n',NULL,'','',0,1);
INSERT INTO "facturi_articole" VALUES(2396,523,1779,'ABONAMENT SERVICE CONFORM CONTRACT NR.8/23.12.2014 XEROX WC 250 ST / T, FSMA',1111.39,'BUC',1,1111.39,266.73,19,13,-1,'','',0,-1,'n',NULL,'','',0,1);
INSERT INTO "facturi_articole" VALUES(2397,474,1780,'ABONAMENT SERVICE CONFORM CONTRACT NR 6/21.11.2014 XEROX WORKCENTRE 3325 ST CU T',243.62,'BUC',1,243.62,58.47,19,13,-1,'','',0,-1,'n',NULL,'','',0,1);
INSERT INTO "facturi_articole" VALUES(2398,580,1781,'DRUM XEROX WORKCENTRE 118/123/128/133',717.3,'BUC',1,717.3,172.15,19,13,-1,'','',0,-1,'n',NULL,'013R00589','XEROGRAFICA',0,0);
CREATE TABLE avize_articole (
  aa_id        integer PRIMARY KEY AUTOINCREMENT NOT NULL,
  articol_id      numeric(50),
  aviz_id      numeric(50),
  denumire        text,
  pret            numeric(50),
  um              text,
  cantitate       numeric(50),
  valoare         numeric(50),
  tva             numeric(50),
  cota_tva        numeric(50) DEFAULT '19',
  tva_id          integer,
  storno_id       numeric(50),
  articol_tradus  text,
  um_tradus       text
, cod varchar(20), isDiscount character (2) NOT NULL DEFAULT 'n', procent_discount numeric(10), gestiune_predatoare varchar(50), is_serviciu integer default 0, storno_pt_aviz_id numeric(50) default -1, aa_stornat_id numeric(50) default -1);
CREATE TABLE proforme_articole (
  pa_id        integer PRIMARY KEY AUTOINCREMENT NOT NULL,
  articol_id      numeric(50),
  proforma_id      numeric(50),
  denumire        text,
  pret            numeric(50),
  um              text,
  cantitate       numeric(50),
  valoare         numeric(50),
  tva             numeric(50),
  cota_tva        numeric(50) DEFAULT '19',
  tva_id          integer,
  storno_id       numeric(50),
  articol_tradus  text,
  um_tradus       text
, cod varchar(20), gestiune_predatoare varchar(50), isDiscount character (2)  NOT NULL DEFAULT 'n', procent_discount numeric(10), is_serviciu integer default 0);
INSERT INTO "proforme_articole" VALUES(607,550,349,'TONER BLACK XEROX WORKCENTRE 5016/5020',55,'BUC',2,110,26.4,19,13,-1,'','','106R01277/D','','n',0,0);
INSERT INTO "proforme_articole" VALUES(608,551,349,'CRU XEROX WORKCENTRE 5016/5020',653,'BUC',1,653,156.72,19,13,-1,'','','101R00432','','n',0,0);
INSERT INTO "proforme_articole" VALUES(612,552,350,'WORKCENTRE 7200 PRINTER/COPIER/SCANER 20PPM DADF/STAND',10277.4,'BUC',1,10277.4,2466.58,19,13,-1,'','','7200V_S','XEROGRAFICA','n',0,0);
INSERT INTO "proforme_articole" VALUES(613,553,350,'DMO WC7220 INITIALISATION KIT',1083.12,'BUC',1,1083.12,259.95,19,13,-1,'','','097S04455','XEROGRAFICA','n',0,0);
INSERT INTO "proforme_articole" VALUES(614,554,350,'POSTSCRIPT KIT WORKCENTRE 72XX',266.93,'BUC',1,266.93,64.06,19,13,-1,'','','320S00649','XEROGRAFICA','n',0,0);
CREATE TABLE incasari_proforme (
  incasari_proforme_id  integer PRIMARY KEY AUTOINCREMENT NOT NULL,
  proforma_id           integer,
  factura_id            integer,
  data_incasarii        date,
  valoare_fara_tva      float(50),
  valoare_tva           numeric(50)
);
INSERT INTO "incasari_proforme" VALUES(249,350,1765,'2015-02-27',10277.4,2466.58);
INSERT INTO "incasari_proforme" VALUES(250,350,1765,'2015-02-27',1083.12,259.95);
INSERT INTO "incasari_proforme" VALUES(251,350,1765,'2015-02-27',266.93,64.06);
CREATE TABLE intocmitori (
  intocmitor_id  integer PRIMARY KEY AUTOINCREMENT NOT NULL,
  nume           varchar(40),
  cnp            varchar(20)
, deleted char(1) DEFAULT 'n');
INSERT INTO "intocmitori" VALUES(15,'DOBRE NICOLETA','2771029135710','n');
INSERT INTO "intocmitori" VALUES(16,'DRAGOI DANIELA','2701204131233','n');
INSERT INTO "intocmitori" VALUES(17,'TUDOR LUMINITA MONICA','2700405131216','n');
CREATE TABLE flags (
  flag_id           integer PRIMARY KEY AUTOINCREMENT NOT NULL,
  f_termen_plata    char(1) DEFAULT 'n',
  f_ora_emitere     char(1) DEFAULT 'n',
  f_capital_social  char(1) DEFAULT 'y',
  f_email           char(1) DEFAULT 'n',
  f_website         char(1) DEFAULT 'n',
  f_logo            char(1) DEFAULT 'y',
  f_background      char(1) DEFAULT 'n',
  f_telefon         char(1) DEFAULT 'y',
  f_fax             char(1) DEFAULT 'y',
  f_mentiuni        char(1) DEFAULT 'n',
  f_curs_online     char(1) DEFAULT 'y',
  curs_azi          char(1) DEFAULT 'y',
  f_copie           char(1) DEFAULT 'y',
  adaos_curs        float(50)
, rez_pagina integer(10), insert_articole char(1) DEFAULT 'y', f_un_user_no_login char(1) DEFAULT n, f_precizie char(1) DEFAULT n, f_suggester_mentiuni char(1) DEFAULT 'y', f_date_aditionale char(1) DEFAULT 'n', date_aditionale varchar(50), f_stamp char(1) DEFAULT 'n', f_cod_client char(1) default 'n', f_data_ora char(1) default 'n', termen_plata numeric(50) DEFAULT 15);
INSERT INTO "flags" VALUES(1,'n','n','n','n','n','n','n','n','n','n','y','y','y',NULL,NULL,'y','n','n','y','n','','n','n','n',15);
INSERT INTO "flags" VALUES(133,'n','n','y','n','y','y','y','y','y','n','y','y','y',NULL,NULL,'y','n','n','y','y','PCT. LUCRU Constanta, str. Ciprian Porumbescu nr 63','n','n','n',15);
INSERT INTO "flags" VALUES(134,'n','n','y','n','y','y','y','y','y','n','y','y','y',NULL,NULL,'y','n','n','y','n','','n','n','n',15);
CREATE TABLE cote_tva (
  tva_id    integer PRIMARY KEY AUTOINCREMENT NOT NULL UNIQUE,
  denumire  varchar(50),
  procent   numeric(10),
  implicit  char(1) DEFAULT 'n'
, deleted char(50) DEFAULT 'n', grupa_tva_casa integer default NULL, taxare_inversa char(1) default 'n', procent_decl numeric(50) default 0, deletable char(1) default 'y');
INSERT INTO "cote_tva" VALUES(1,'Normala',19,'n','y',NULL,'n',19,'n');
INSERT INTO "cote_tva" VALUES(2,'Redusa',9,'n','n',NULL,'n',9,'n');
INSERT INTO "cote_tva" VALUES(3,'SFDD',0,'n','n',NULL,'n',0,'n');
INSERT INTO "cote_tva" VALUES(4,'SDD',0,'n','n',NULL,'n',0,'n');
INSERT INTO "cote_tva" VALUES(5,'T Inversa',0,'n','y',NULL,'y',0,'n');
INSERT INTO "cote_tva" VALUES(6,'TVA Inclus',0,'n','n',NULL,'n',0,'n');
INSERT INTO "cote_tva" VALUES(7,'Redusa Locuinte',5,'n','n',NULL,'n',5,'n');
INSERT INTO "cote_tva" VALUES(13,'Normala',24,'y','n',NULL,'n',24,'n');
INSERT INTO "cote_tva" VALUES(14,'T Inversa',0,'n','n',NULL,'y',24,'n');
INSERT INTO "cote_tva" VALUES(15,'T Inversa',0,'n','n',NULL,'y',9,'n');
INSERT INTO "cote_tva" VALUES(16,'T Inversa',0,'n','n',NULL,'y',5,'n');
CREATE TABLE articole (
  articol_id  integer PRIMARY KEY AUTOINCREMENT NOT NULL,
  denumire    text,
  um          varchar(30),
  pret        numeric(50,2),
  moneda      varchar(20),
  tva_id      integer,
  cu_tva      char(1) DEFAULT 'n',
  deleted     char(1) DEFAULT 'n'
, cod varchar(20), is_serviciu integer default 0);
INSERT INTO "articole" VALUES(403,'PLIC CD','buc',0.04,'RON',13,'n','n','10314',0);
INSERT INTO "articole" VALUES(404,'CD VERBATIM EXTRA','buc',0.58,'RON',13,'n','n','10394',0);
INSERT INTO "articole" VALUES(405,'BIBLIORAFT MARMORAT','buc',3.7,'RON',13,'n','n','10658',0);
INSERT INTO "articole" VALUES(406,'HARTIE A3 ABSOLUT','top',20.5,'RON',13,'n','n','12551',0);
INSERT INTO "articole" VALUES(407,'HARTIE A4 ABSOLUT','top',8.9,'RON',13,'n','n','13187',0);
INSERT INTO "articole" VALUES(408,'M-JET COPY 80G, 841, 3" BLACK','rola',70.14,'RON',13,'n','n','243485',0);
INSERT INTO "articole" VALUES(409,'M-JET COPY 80G, 594, 3" BLACK','rola',49.27,'RON',13,'n','n','243495',0);
INSERT INTO "articole" VALUES(410,'M-JET COPY 80G, 420, 3" BLACK','rola',35.36,'RON',13,'n','n','243497',0);
INSERT INTO "articole" VALUES(411,'M-JET COPY 80G, 914, 2" COLOR','rola',70.91,'RON',13,'n','n','243506',0);
INSERT INTO "articole" VALUES(412,'M-JET COPY 80G, 914, 3" BLACK','rola',76.08,'RON',13,'n','n','243510',0);
INSERT INTO "articole" VALUES(413,'M-JET COPY 80G, 841, 2" COLOR','rola',65.25,'RON',13,'n','n','243511',0);
INSERT INTO "articole" VALUES(414,'M-JET COPY 80G, 594, 2" COLOR','rola',45.95,'RON',13,'n','n','243704',0);
INSERT INTO "articole" VALUES(415,'M-PHOTO 200G,914','rola',281.26,'RON',13,'n','n','450194',0);
INSERT INTO "articole" VALUES(416,'TONER 6204','buc',520.09,'RON',13,'n','n','006R01238',0);
INSERT INTO "articole" VALUES(417,'INK PFI-703 MATTE BLACK IPF 815','buc',851.91,'RON',13,'n','n','CF2962',0);
INSERT INTO "articole" VALUES(418,'INK PFI-703 PHOTO BLACK IPF 815','buc',851.91,'RON',13,'n','n','CF2963',0);
INSERT INTO "articole" VALUES(419,'INK PFI-703 CYAN IPF 815','buc',851.91,'RON',13,'n','n','CF2964',0);
INSERT INTO "articole" VALUES(420,'INK PFI-703 MAGENTA IPF 815','buc',851.91,'RON',13,'n','n','CF2965',0);
INSERT INTO "articole" VALUES(421,'INK PFI-703 YELLOW IPF 815','buc',851.91,'RON',13,'n','n','CF2966',0);
INSERT INTO "articole" VALUES(422,'DOSAR PVC SINA','buc',0.31,'RON',13,'n','n','D37',0);
INSERT INTO "articole" VALUES(423,'ALONJE AUTOADEZIVE','buc',0.27,'RON',13,'n','n','VEL-2002000',0);
INSERT INTO "articole" VALUES(424,'TONER BLACK HP C285A','buc',206.88,'RON',13,'n','n','CE285A',0);
INSERT INTO "articole" VALUES(425,'RIBON EPSON BLACK','buc',19.48,'RON',13,'n','n','C13S015637',0);
INSERT INTO "articole" VALUES(426,'EPSON LX 350','buc',694.82,'RON',13,'n','n','C11CC24031',0);
INSERT INTO "articole" VALUES(427,'HARTIE SRA3 90G COLOR COPY','top',56.61,'RON',13,'n','n','5370',0);
INSERT INTO "articole" VALUES(428,'BIBLIORAFT A4, 75MM, AKKO','buc',3.99,'RON',13,'n','n','0215',0);
INSERT INTO "articole" VALUES(429,'BIBLIORAFT A4, 50MM, AKKO','buc',3.99,'RON',13,'n','n','2853',0);
INSERT INTO "articole" VALUES(430,'DOSAR PVC SINA NOKY','buc',0.35,'RON',13,'n','n','0246',0);
INSERT INTO "articole" VALUES(431,'PLIC SPECIAL CD','buc',0.06,'RON',13,'n','n','2832',0);
INSERT INTO "articole" VALUES(432,'SEPARATOR CARTON COLOR','buc',0.04,'RON',13,'n','n','0635',0);
INSERT INTO "articole" VALUES(433,'CD VERBATIM','buc',0.68,'RON',13,'n','n','1581',0);
INSERT INTO "articole" VALUES(434,'SERVICII COPIERE PLAN COLOR','MP',32,'RON',13,'y','n','',1);
INSERT INTO "articole" VALUES(435,'SERVICII COPIERE PLAN A/N','MP',4,'RON',13,'y','n','',1);
INSERT INTO "articole" VALUES(436,'SERVICII COPIERE A4 A/N','BUC',0.15,'RON',13,'y','n','',1);
INSERT INTO "articole" VALUES(437,'SERVICII COPIERE A3 A/N','BUC',0.3,'RON',13,'y','n','',1);
INSERT INTO "articole" VALUES(438,'PLIC DL','BUC',0,'RON',13,'n','n','11452',0);
INSERT INTO "articole" VALUES(439,'M-JET COPY 80G, 297, 3"  BLACK','rola',26.08,'RON',13,'n','n','243499',0);
INSERT INTO "articole" VALUES(440,'SET NOTES','BUC',26.34,'RON',13,'n','n','SETNOT',0);
INSERT INTO "articole" VALUES(441,'SET SCRIS','BUC',38.31,'RON',13,'n','n','SETSCRI',0);
INSERT INTO "articole" VALUES(442,'BRELOC MULTIFUNCTIONAL','BUC',30.81,'RON',13,'n','n','BREL',0);
INSERT INTO "articole" VALUES(443,'INCARCATOR','BUC',40.18,'RON',13,'n','n','INCARC',0);
INSERT INTO "articole" VALUES(444,'MULTIFUNCTIONAL LASER','BUC',62.5,'RON',13,'n','n','MFLS',0);
INSERT INTO "articole" VALUES(445,'PUNGA','BUC',10.27,'RON',13,'n','n','PNGA',0);
INSERT INTO "articole" VALUES(446,'CALENDAR BIROU','BUC',7,'RON',13,'n','n','12253',0);
INSERT INTO "articole" VALUES(447,'FELICITARI','BUC',2.16,'RON',13,'n','n','12256',0);
INSERT INTO "articole" VALUES(448,'DISTRUGATOR FELLOWES DS-13C 13 COLI CROSS CUT 4X35MM, 18L, UZ MODERAT','BUC',675.29,'RON',13,'n','n','3019801',0);
INSERT INTO "articole" VALUES(449,'SERVICII PLIERE PLAN','MP',1.3,'RON',13,'y','n','',1);
INSERT INTO "articole" VALUES(450,'SERVICII COPIERE A4 COLOR','BUC',1.2,'RON',13,'y','n','',1);
INSERT INTO "articole" VALUES(451,'SERVICII SCANARE A4 A/N','BUC',0.5,'RON',13,'y','n','',1);
INSERT INTO "articole" VALUES(452,'SERVICII SCANARE A4 COLOR','BUC',1.5,'RON',13,'y','n','',1);
INSERT INTO "articole" VALUES(453,'SERVICII TRIMITERE MAIL','BUC',3,'RON',13,'y','n','',1);
INSERT INTO "articole" VALUES(454,'SERVICII SCRIERE CD/DVD','BUC',5,'RON',13,'y','n','',1);
INSERT INTO "articole" VALUES(455,'SERVICII INDOSARIERE DOSAR SINA PLASTIC','BUC',1.5,'RON',13,'y','n','',1);
INSERT INTO "articole" VALUES(456,'SERVICII INDOSARIERE BIBLIORAFT','BUC',8,'RON',13,'y','n','',1);
INSERT INTO "articole" VALUES(457,'SERVICII SPIRALARE','BUC',8,'RON',13,'y','n','',1);
INSERT INTO "articole" VALUES(458,'CALENDAR BIROU','BUC',7,'RON',13,'n','n','12269',0);
INSERT INTO "articole" VALUES(459,'CARTI VIZITA 300G COLOR','BUC',0.15,'RON',13,'n','n','CV300',0);
INSERT INTO "articole" VALUES(460,'AGENDA PATRATA SAPTAMANALA','BUC',37.85,'RON',13,'n','n','AGPT',0);
INSERT INTO "articole" VALUES(461,'AGENDA NEDATATA','BUC',25.75,'RON',13,'n','n','AGNE',0);
INSERT INTO "articole" VALUES(462,'SET AGENDE','BUC',81.69,'RON',13,'n','n','SETA',0);
INSERT INTO "articole" VALUES(463,'PUNGA KRAFT','BUC',9.41,'RON',13,'n','n','PGKR',0);
INSERT INTO "articole" VALUES(464,'CALENDAR PERETE','BUC',8.51,'RON',13,'n','n','CALP',0);
INSERT INTO "articole" VALUES(465,'CALENDAR BIROU','BUC',17.06,'RON',13,'n','n','CALB',0);
INSERT INTO "articole" VALUES(466,'PIX PLASTIC PERSONALIZAT','BUC',5.37,'RON',13,'n','n','PPLP',0);
INSERT INTO "articole" VALUES(467,'PIX METALIC PERSONALIZAT','BUC',8.73,'RON',13,'n','n','PMPE',0);
INSERT INTO "articole" VALUES(468,'RAMA FOTO','BUC',22.53,'RON',13,'n','n','RAMF',0);
INSERT INTO "articole" VALUES(469,'CARTI VIZITA FATA/VERSO SERIGRAFIE','BUC',1.93,'RON',13,'n','n','CVSE',0);
INSERT INTO "articole" VALUES(470,'SERVICII MANOPERA ECHIPAMENT','BUC',1275.85,'RON',13,'n','n','',1);
INSERT INTO "articole" VALUES(471,'SERVICII DE TRANSPORT URGENT','buc',434.44,'RON',13,'n','n','',1);
INSERT INTO "articole" VALUES(472,'SERVICII SCANARE PLAN COLOR','MP',20,'RON',13,'y','n','',1);
INSERT INTO "articole" VALUES(473,'ABONAMENT SERVICE CONFORM CONTRACT NR 4/20.11.2014 XEROX 560 ST CU T','BUC',5125.95,'RON',13,'n','n','',1);
INSERT INTO "articole" VALUES(474,'ABONAMENT SERVICE CONFORM CONTRACT NR 6/21.11.2014 XEROX WORKCENTRE 3325 ST CU T','BUC',243.62,'RON',13,'n','n','',1);
INSERT INTO "articole" VALUES(475,'SERVICII PRINTARE ETICHETE','BUC',16.13,'RON',13,'n','n','',1);
INSERT INTO "articole" VALUES(476,'Instalari conform contract nr. 742/21.10.2014, curs dolar = 3,6885','buc',331.97,'RON',13,'n','n','',1);
INSERT INTO "articole" VALUES(477,'Instalari rompetrol conform contract nr. 742/21.10.2014 , curs dolar = 3,6885','buc',7229.46,'RON',13,'n','n','',1);
INSERT INTO "articole" VALUES(478,'Instalari conform contract nr. 742/21.10.2014, curs dolar = 3,7797','buc',340.17,'RON',13,'n','n','',1);
INSERT INTO "articole" VALUES(479,'Instalari rompetrol conform contract nr. 742/21.10.2014 , curs dolar = 3,7797','buc',7408.21,'RON',13,'n','n','',1);
INSERT INTO "articole" VALUES(480,'ABONAMENT SERVICE CONFORM CTR. 742/21.10.2014, FSMA, DEC. 2014, CURS: 3.7797','BUC',1804.37,'RON',13,'n','y','',1);
INSERT INTO "articole" VALUES(481,'ABONAMENT SERVICE CONFORM CTR.742/21.10.2014, FM, DEC 2014, CURS: 3.7797','BUC',1588.15,'RON',13,'n','y','',1);
INSERT INTO "articole" VALUES(482,'REVIZIE ON CALL - PRINT SI COPIE FOND GALBEN','BUC',134.95,'RON',13,'n','n','',1);
INSERT INTO "articole" VALUES(483,'SERVICII SALVARE INFORMATII MEMORIE FLASH USB','BUC',3,'RON',13,'y','n','',1);
INSERT INTO "articole" VALUES(484,'maintenance cartridge mc-09','buc',187.84,'RON',13,'n','n','mc-09',0);
INSERT INTO "articole" VALUES(485,'DADH FEED ROLL KIT','BUC',98.56,'RON',13,'n','n','113r00718',0);
INSERT INTO "articole" VALUES(486,'HIGH CAPACITY CARTRIDGE 3210/3220','BUC',328.03,'RON',13,'n','n','106R01487',0);
INSERT INTO "articole" VALUES(487,'AGRAFE MET 33MM','CUT',0.61,'RON',13,'n','n','A121',0);
INSERT INTO "articole" VALUES(488,'AGRAFE MET 70MM','CUT',2.99,'RON',13,'n','n','A106',0);
INSERT INTO "articole" VALUES(489,'CREION MECANIC','buc',2.55,'RON',13,'n','n','15263',0);
INSERT INTO "articole" VALUES(490,'CLIPS 25MM 12 BUC/CUT','CUT',2.36,'RON',13,'n','n','C763',0);
INSERT INTO "articole" VALUES(491,'CAIET A4 60 FILE','BUC',1.84,'RON',13,'n','n','10660',0);
INSERT INTO "articole" VALUES(492,'CAPSE 24/6','CUT',0.66,'RON',13,'n','n','13945',0);
INSERT INTO "articole" VALUES(493,'CREION CU GUMA','BUC',0.25,'RON',13,'n','n','16193',0);
INSERT INTO "articole" VALUES(494,'CREION CORECTOR','BUC',3.25,'RON',13,'n','n','12567',0);
INSERT INTO "articole" VALUES(495,'REZERVA CUB 9X9 ALB','BUC',1.82,'RON',13,'n','n','R59',0);
INSERT INTO "articole" VALUES(496,'DOSAR CARTON ALB CU SINA','BUC',0.22,'RON',13,'n','n','D31',0);
INSERT INTO "articole" VALUES(497,'DOSAR CARTON ALB SIMPLU','BUC',0.18,'RON',13,'n','n','10769',0);
INSERT INTO "articole" VALUES(498,'DOSAR CARTON ALB PLIC','BUC',0.25,'RON',13,'n','n','D30',0);
INSERT INTO "articole" VALUES(499,'FOLII DE PROTECTIE A4 100/SET','SET',4.15,'RON',13,'n','n','124445',0);
INSERT INTO "articole" VALUES(500,'TEXTMARKER OFFICE COVER 213','BUC',0.98,'RON',13,'n','n','T146',0);
INSERT INTO "articole" VALUES(501,'TEXTMARKER VD 80050','BUC',1.1,'RON',13,'n','n','15711',0);
INSERT INTO "articole" VALUES(502,'TEXTMARKER OFFICE COVER 213','BUC',0.98,'RON',13,'n','n','T147',0);
INSERT INTO "articole" VALUES(503,'MINA CREION 0.5','CUT',0.55,'RON',13,'n','n','M78',0);
INSERT INTO "articole" VALUES(504,'MINA CREION 0.7','CUT',0.55,'RON',13,'n','n','M79',0);
INSERT INTO "articole" VALUES(505,'PIX TRATTO','BUC',0.34,'RON',13,'n','n','14591',0);
INSERT INTO "articole" VALUES(506,'PLIC C6','BUC',0.06,'RON',13,'n','n','P430',0);
INSERT INTO "articole" VALUES(507,'PLIC C5','BUC',0.11,'RON',13,'n','n','P639',0);
INSERT INTO "articole" VALUES(508,'PLIC C4','BUC',0.18,'RON',13,'n','n','P643',0);
INSERT INTO "articole" VALUES(509,'PLIC BURDUF B4T','BUC',0.59,'RON',13,'n','n','P661',0);
INSERT INTO "articole" VALUES(510,'POST-IT 75X75MM 100 COLI','BUC',0.89,'RON',13,'n','n','N62',0);
INSERT INTO "articole" VALUES(511,'RADIERA HELIX','BUC',0.38,'RON',13,'n','n','G55',0);
INSERT INTO "articole" VALUES(512,'BANDA ADEZIVA 48MMX66M TRANSPARENTA','BUC',1.95,'RON',13,'n','n','14330',0);
INSERT INTO "articole" VALUES(513,'FLUID CORECTOR','BUC',1.15,'RON',13,'n','n','F72',0);
INSERT INTO "articole" VALUES(514,'REGISTRU 100 COLI A4','BUC',5.3,'RON',13,'n','n','R06',0);
INSERT INTO "articole" VALUES(515,'SFOARA BUMBAC','BUC',2.25,'RON',13,'n','n','S47',0);
INSERT INTO "articole" VALUES(516,'REPARATIE SURSA LVPS','BUC',23,'RON',13,'y','n','',1);
INSERT INTO "articole" VALUES(517,'SERVICII PRINTARE PLAN COLOR','MP',39.5,'RON',13,'y','n','',1);
INSERT INTO "articole" VALUES(518,'ABONAMENT SERVICE CONFORM CONTRACT NR.5/21.11.2014 XEROX WORKCENTRE 7220 ST CU T','BUC',424.5,'RON',13,'n','n','',1);
INSERT INTO "articole" VALUES(519,'FEED ASSY DADF','BUC',386.29,'RON',13,'n','n','059K67731',0);
INSERT INTO "articole" VALUES(520,'CARTON DUBLUCRETAT LUCIOS A4 150G 100COLI/TOP','TOP',8.21,'RON',13,'n','n','1418',0);
INSERT INTO "articole" VALUES(521,'SERVICII MANOPERA ECHIPAMENT XEROX 7425','BUC',143.27,'RON',13,'n','n','',1);
INSERT INTO "articole" VALUES(522,'SERVICII MANOPERA ECHIPAMENT XEROX 5645','BUC',127.19,'RON',13,'n','n','',1);
INSERT INTO "articole" VALUES(523,'ABONAMENT SERVICE CONFORM CONTRACT NR.8/23.12.2014 XEROX WC 250 ST / T, FSMA','BUC',1111.39,'RON',13,'n','n','',1);
INSERT INTO "articole" VALUES(524,'SERVICII COPIERE A4 COLOR-160gr.lucios','BUC',1.7,'RON',13,'y','n','',1);
INSERT INTO "articole" VALUES(525,'SERVICII COPIERE A4 A/N-160gr.lucios','BUC',0.9,'RON',13,'y','n','',1);
INSERT INTO "articole" VALUES(526,'SERVICII COPIERE A3 COLOR','BUC',2,'RON',13,'y','n','',1);
INSERT INTO "articole" VALUES(527,'SERVICII SCAN A3 COLOR','BUC.',3.5,'RON',13,'y','n','',1);
INSERT INTO "articole" VALUES(528,'ABONAMENT SERVICE CONFORM CTR. 742/21.10.2014, FSMA, IAN. 2015, CURS: 3.8885','BUC',1565.95,'RON',13,'n','n','',1);
INSERT INTO "articole" VALUES(529,'ABONAMENT SERVICE CONFORM CTR.742/21.10.2014, FM, IAN 2015, CURS: 3.8885','BUC',3797.41,'RON',13,'n','n','',1);
INSERT INTO "articole" VALUES(530,'TABLA CONFERINTE 90X120CM','BUC',172.54,'RON',13,'n','n','0995',0);
INSERT INTO "articole" VALUES(531,'MARKER WHITEBOARD 4 BUC/SET VF ROTUND 2MM','SET',11.8,'RON',13,'n','n','2059',0);
INSERT INTO "articole" VALUES(532,'BURETEM MAGNETIC PENTRU TABLA','BUC',6.67,'RON',13,'n','n','6572',0);
INSERT INTO "articole" VALUES(533,'SERRVICII PRINTARE AUTOCOLANT','BUC',610,'RON',13,'n','n','',1);
INSERT INTO "articole" VALUES(534,'SERVICII PRINTARE CARTI VIZITA COLOR FATA-VERSO','BUC',0.5,'RON',13,'y','n','',1);
INSERT INTO "articole" VALUES(535,'NETWORK OPTION KIT  5019/5021','BUC',262.7,'RON',13,'n','n','497K13770',0);
INSERT INTO "articole" VALUES(536,'SERVICII PRINTARE A4 A/N','BUC',0.13,'RON',13,'y','n','',1);
INSERT INTO "articole" VALUES(537,'SERVICII PRINTARE A4 COLOR','BUC',0.5,'RON',13,'y','n','',1);
INSERT INTO "articole" VALUES(538,'CD VERBATIM 700MB, 52X','BUC',0.87,'RON',13,'n','n','3962',0);
INSERT INTO "articole" VALUES(539,'HIGH CAPACITY CARTRIDGE WORKCENTRE 3550','BUC',511.01,'RON',13,'n','n','106R01531',0);
INSERT INTO "articole" VALUES(540,'SERVICII MANOPERA SI REPARATIE ECHIPAMENTE SI INSTALARE SOFTWARE','BUC',356.73,'RON',13,'n','n','',1);
INSERT INTO "articole" VALUES(541,'SERVICII EFECTUATE CF CTR. 15/27.01.15, SERVICII DE INTRETINERE A MASINII DE TIPARIT DIGITALA XEROX 550','BUC',781.46,'RON',13,'n','n','',1);
INSERT INTO "articole" VALUES(542,'INSTALARE ECHIPAMENT HP LASERJET P3015DN S/N VNFVGD81VM, CURS : 4,4709','BUC',89.42,'RON',13,'n','n','',1);
INSERT INTO "articole" VALUES(543,'ABONAMENT SERVICE CONFORM CONTRACT NR 4/20.11.2014 XEROX 560 ST/ T CURS : 3.8952','BUC',6247.77,'RON',13,'n','n','',1);
INSERT INTO "articole" VALUES(544,'SERVICII LAMINARE','MP',134.75,'RON',13,'y','n','',1);
INSERT INTO "articole" VALUES(545,'SERVICII SCAN A3 A/N','BUC',1.5,'RON',13,'y','n','',1);
INSERT INTO "articole" VALUES(546,'SERVICII LAMINARE A4','BUC',1.5,'RON',13,'y','n','',1);
INSERT INTO "articole" VALUES(547,'SERVICII SCAN PLAN A/N','MP',10,'RON',13,'y','n','',1);
INSERT INTO "articole" VALUES(548,'SERVICII PRINTARE-AUTOCOLANT','MP',134.75,'RON',13,'y','n','',1);
INSERT INTO "articole" VALUES(549,'SERVICII  PRINTARE A3 COLOR','BUC',2,'RON',13,'y','n','',1);
INSERT INTO "articole" VALUES(550,'TONER BLACK XEROX WORKCENTRE 5016/5020','BUC',55,'RON',13,'n','n','106R01277/D',0);
INSERT INTO "articole" VALUES(551,'CRU XEROX WORKCENTRE 5016/5020','BUC',653,'RON',13,'n','n','101R00432',0);
INSERT INTO "articole" VALUES(552,'WORKCENTRE 7200 PRINTER/COPIER/SCANER 20PPM DADF/STAND','BUC',8859.83,'RON',13,'n','n','7200V_S',0);
INSERT INTO "articole" VALUES(553,'DMO WC7220 INITIALISATION KIT','BUC',933.72,'RON',13,'n','n','097S04455',0);
INSERT INTO "articole" VALUES(554,'POSTSCRIPT KIT WORKCENTRE 72XX','BUC',230.11,'RON',13,'n','n','320S00649',0);
INSERT INTO "articole" VALUES(555,'TONER BLACK XEROX WORKCENTRE 5325/5330/5335','BUC',286.61,'RON',13,'n','n','006R01160',0);
INSERT INTO "articole" VALUES(556,'RAMA PROFIL PVC 59.4CM X42CM','BUC',37.29,'RON',13,'n','n','RAMA2',0);
INSERT INTO "articole" VALUES(557,'PANOU SEMNALIZARE COLOR FORMAT A0','BUC',197.6,'RON',13,'n','n','PANA0',0);
INSERT INTO "articole" VALUES(558,'PANPOU SEMNALIZARE COLOR A1','BUC',121,'RON',13,'n','n','PANA1',0);
INSERT INTO "articole" VALUES(559,'PANOU SEMNALIZARE COLOR A3','BUC',33,'RON',13,'n','n','PANA3',0);
INSERT INTO "articole" VALUES(560,'ABONAMENT SERVICE CONFORM CTR. 742/21.10.2014, FSMA, FEB. 2015, CURS: 3.9892','BUC',3077.52,'RON',13,'n','n','',1);
INSERT INTO "articole" VALUES(561,'ABONAMENT SERVICE CONFORM CTR.742/21.10.2014, FM, FEB 2015, CURS: 3.9892','BUC',4487.04,'RON',13,'n','n','',1);
INSERT INTO "articole" VALUES(562,'Instalari conform contract nr. 742/21.10.2014, curs dolar = 3,9892, luna februrie','buc',319.14,'RON',13,'n','n','',1);
INSERT INTO "articole" VALUES(563,'XEROX WORKCENTRE 5024','BUC',3337.99,'RON',13,'n','n','5024V_U',0);
INSERT INTO "articole" VALUES(564,'PCL NETWORK OPTION KIT','BUC',374.69,'RON',13,'n','n','497K14820',0);
INSERT INTO "articole" VALUES(565,'XEROX WORKCENTRE 3225','BUC',847.29,'RON',13,'n','n','3225V_DNIY',0);
INSERT INTO "articole" VALUES(566,'SERVICII PRINTARE PLAN A2 COLOR 200G','BUC',9.68,'RON',13,'n','n','',1);
INSERT INTO "articole" VALUES(567,'SERVICII PRINTARE HARTI - A0','BUC',3,'RON',13,'y','n','',1);
INSERT INTO "articole" VALUES(568,'SERVICII PRINTARE HARTI - DIAGRAMA A1','BUC',2.5,'RON',13,'y','n','',1);
INSERT INTO "articole" VALUES(569,'TONER BLACK XEROX WORKCENTRE 5019/5021/5022/5024','BUC',100.35,'RON',13,'n','n','006R01573',0);
INSERT INTO "articole" VALUES(570,'TEXTIL BANNER LIGHT FRII 120G 914MMx30Mx2"','rola',426.44,'RON',13,'n','n','600136',0);
INSERT INTO "articole" VALUES(571,'XEROX WORKCENTRE 3615','BUC',2692.21,'RON',13,'n','n','3615V_DN',0);
INSERT INTO "articole" VALUES(572,'DMO NATKIT - 3210/3220/3615','BUC',23.2,'RON',13,'n','n','SCANFAXKDI',0);
INSERT INTO "articole" VALUES(573,'INELE PLASTIC 8MM NEGRE','CUT',6.8,'RON',13,'n','n','INEL8MM',0);
INSERT INTO "articole" VALUES(574,'INELE PLASTIC 16MM NEGRE','CUT',20.48,'RON',13,'n','n','INEL16MM',0);
INSERT INTO "articole" VALUES(575,'COPERTA PVC GRI FUMURIU A4 150MIC','TOP',19.6,'RON',13,'n','n','COPPVC',0);
INSERT INTO "articole" VALUES(576,'COPERTI IMITATIE PIELE NEGRU 230G/MP','TOP',17,'RON',13,'n','n','COPIM',0);
INSERT INTO "articole" VALUES(577,'INELE METALICE 9.5MM ALB','CUT',24.95,'RON',13,'n','n','INELMET',0);
INSERT INTO "articole" VALUES(578,'INELE METALICE 12.7MM NEGRE','CUT',35.92,'RON',13,'n','n','INELMETB',0);
INSERT INTO "articole" VALUES(579,'HARTIE A4 TRAFFIC','TOP',8.9,'RON',13,'n','n','16675',0);
INSERT INTO "articole" VALUES(580,'DRUM XEROX WORKCENTRE 118/123/128/133','BUC',640.44,'RON',13,'n','n','013R00589',0);
/**** ERROR: (11) database disk image is malformed *****/
/**** ERROR: (11) database disk image is malformed *****/
CREATE TABLE traduceri_articole (
  articol_id  int NOT NULL,
  cod_limba   varchar(10) NOT NULL,
  denumire    text,
  um          varchar(50),
  PRIMARY KEY (articol_id, cod_limba)
);
INSERT INTO "traduceri_articole" VALUES(438,'FR','',NULL);
INSERT INTO "traduceri_articole" VALUES(438,'EN','',NULL);
INSERT INTO "traduceri_articole" VALUES(438,'DE','',NULL);
INSERT INTO "traduceri_articole" VALUES(438,'IT','',NULL);
INSERT INTO "traduceri_articole" VALUES(438,'SP','',NULL);
INSERT INTO "traduceri_articole" VALUES(438,'HU','',NULL);
INSERT INTO "traduceri_articole" VALUES(435,'FR','',NULL);
INSERT INTO "traduceri_articole" VALUES(435,'EN','',NULL);
INSERT INTO "traduceri_articole" VALUES(435,'DE','',NULL);
INSERT INTO "traduceri_articole" VALUES(435,'IT','',NULL);
INSERT INTO "traduceri_articole" VALUES(435,'SP','',NULL);
INSERT INTO "traduceri_articole" VALUES(435,'HU','',NULL);
INSERT INTO "traduceri_articole" VALUES(434,'FR','',NULL);
INSERT INTO "traduceri_articole" VALUES(434,'EN','',NULL);
INSERT INTO "traduceri_articole" VALUES(434,'DE','',NULL);
INSERT INTO "traduceri_articole" VALUES(434,'IT','',NULL);
INSERT INTO "traduceri_articole" VALUES(434,'SP','',NULL);
INSERT INTO "traduceri_articole" VALUES(434,'HU','',NULL);
INSERT INTO "traduceri_articole" VALUES(437,'FR','',NULL);
INSERT INTO "traduceri_articole" VALUES(437,'EN','',NULL);
INSERT INTO "traduceri_articole" VALUES(437,'DE','',NULL);
INSERT INTO "traduceri_articole" VALUES(437,'IT','',NULL);
INSERT INTO "traduceri_articole" VALUES(437,'SP','',NULL);
INSERT INTO "traduceri_articole" VALUES(437,'HU','',NULL);
CREATE TABLE "users" (user_id integer NOT NULL ON CONFLICT REPLACE PRIMARY KEY AUTOINCREMENT, 
username varchar(50), 
parola varchar(50), 
nume varchar(50), 
prenume varchar(50), 
drept_emitere char(1) DEFAULT 'n', 
deleted char(1) DEFAULT 'n', 
remember varchar(1) DEFAULT 'n', 
cnp varchar(15), drept_editare varchar(1) default 'y', admin char(1) default 'n');
INSERT INTO "users" VALUES(1,'admin','5xYAp7+a5FI=','','','y','n','y','','y','y');
CREATE TABLE salvare (
  id_salvare  integer PRIMARY KEY AUTOINCREMENT NOT NULL,
  data        timestamp
);
INSERT INTO "salvare" VALUES(415,1226227028437);
INSERT INTO "salvare" VALUES(416,1233230738656);
INSERT INTO "salvare" VALUES(417,1236862103500);
INSERT INTO "salvare" VALUES(418,1236862148109);
INSERT INTO "salvare" VALUES(419,1236862957453);
INSERT INTO "salvare" VALUES(420,1238161644890);
INSERT INTO "salvare" VALUES(421,1238165264765);
INSERT INTO "salvare" VALUES(422,1238170592500);
INSERT INTO "salvare" VALUES(423,1238405649156);
INSERT INTO "salvare" VALUES(424,1238849056078);
INSERT INTO "salvare" VALUES(425,1239018063046);
INSERT INTO "salvare" VALUES(426,1239027595093);
INSERT INTO "salvare" VALUES(427,1239029892343);
INSERT INTO "salvare" VALUES(428,1239696710265);
INSERT INTO "salvare" VALUES(429,1239697563781);
INSERT INTO "salvare" VALUES(430,1239697594718);
INSERT INTO "salvare" VALUES(431,1239722701109);
INSERT INTO "salvare" VALUES(432,1239723370375);
INSERT INTO "salvare" VALUES(433,1239727268937);
INSERT INTO "salvare" VALUES(434,1239727826562);
INSERT INTO "salvare" VALUES(435,1239727871390);
INSERT INTO "salvare" VALUES(436,1239731676218);
INSERT INTO "salvare" VALUES(437,1239733965515);
INSERT INTO "salvare" VALUES(438,1239734275031);
INSERT INTO "salvare" VALUES(439,1239734342718);
INSERT INTO "salvare" VALUES(440,1239734404921);
INSERT INTO "salvare" VALUES(441,1239734783281);
INSERT INTO "salvare" VALUES(442,1239787058078);
INSERT INTO "salvare" VALUES(443,1239787146421);
INSERT INTO "salvare" VALUES(444,1239787166406);
INSERT INTO "salvare" VALUES(445,1239790960734);
INSERT INTO "salvare" VALUES(446,1239790971656);
INSERT INTO "salvare" VALUES(447,1239800735593);
INSERT INTO "salvare" VALUES(448,1239804259750);
INSERT INTO "salvare" VALUES(449,1239813949953);
INSERT INTO "salvare" VALUES(450,1239873580390);
INSERT INTO "salvare" VALUES(451,1239873650140);
INSERT INTO "salvare" VALUES(452,1239874879875);
INSERT INTO "salvare" VALUES(453,1239876749234);
INSERT INTO "salvare" VALUES(454,1239886034562);
INSERT INTO "salvare" VALUES(455,1239888903281);
INSERT INTO "salvare" VALUES(456,1239892341828);
INSERT INTO "salvare" VALUES(457,1243354852375);
INSERT INTO "salvare" VALUES(458,1243355111125);
INSERT INTO "salvare" VALUES(459,1243355943843);
INSERT INTO "salvare" VALUES(460,1243355971468);
INSERT INTO "salvare" VALUES(461,1243356897000);
INSERT INTO "salvare" VALUES(462,1243357071937);
INSERT INTO "salvare" VALUES(463,1243358057031);
INSERT INTO "salvare" VALUES(464,1243409667268);
INSERT INTO "salvare" VALUES(465,1243411542940);
INSERT INTO "salvare" VALUES(466,1243412487799);
INSERT INTO "salvare" VALUES(467,1243412674346);
INSERT INTO "salvare" VALUES(468,1243412951783);
INSERT INTO "salvare" VALUES(469,1243413949690);
INSERT INTO "salvare" VALUES(470,1243415051643);
INSERT INTO "salvare" VALUES(471,1243415123408);
INSERT INTO "salvare" VALUES(472,1243415259862);
INSERT INTO "salvare" VALUES(473,1243415590424);
INSERT INTO "salvare" VALUES(474,1243415717112);
INSERT INTO "salvare" VALUES(475,1243415773268);
INSERT INTO "salvare" VALUES(476,1243416028283);
INSERT INTO "salvare" VALUES(477,1243416443612);
INSERT INTO "salvare" VALUES(478,1243416853862);
INSERT INTO "salvare" VALUES(479,1243417370002);
INSERT INTO "salvare" VALUES(480,1243419138096);
INSERT INTO "salvare" VALUES(481,1243425131721);
INSERT INTO "salvare" VALUES(482,1243425279862);
INSERT INTO "salvare" VALUES(483,1243425906815);
INSERT INTO "salvare" VALUES(484,1243426061205);
INSERT INTO "salvare" VALUES(485,1243426132705);
INSERT INTO "salvare" VALUES(486,1243426313127);
INSERT INTO "salvare" VALUES(487,1243426727799);
INSERT INTO "salvare" VALUES(488,1243426805627);
INSERT INTO "salvare" VALUES(489,1243426943565);
INSERT INTO "salvare" VALUES(490,1243427149283);
INSERT INTO "salvare" VALUES(491,1243427296112);
INSERT INTO "salvare" VALUES(492,1243427404315);
INSERT INTO "salvare" VALUES(493,1243429921440);
INSERT INTO "salvare" VALUES(494,1243430364440);
INSERT INTO "salvare" VALUES(495,1243437575580);
INSERT INTO "salvare" VALUES(496,1243437735471);
INSERT INTO "salvare" VALUES(497,1243463679046);
INSERT INTO "salvare" VALUES(498,1243866585109);
INSERT INTO "salvare" VALUES(499,1243866628234);
INSERT INTO "salvare" VALUES(500,1243866784515);
INSERT INTO "salvare" VALUES(501,1243866802968);
INSERT INTO "salvare" VALUES(502,1243936144484);
INSERT INTO "salvare" VALUES(503,1244020287162);
INSERT INTO "salvare" VALUES(504,1244020339099);
INSERT INTO "salvare" VALUES(505,1244020396865);
INSERT INTO "salvare" VALUES(506,1244020430318);
INSERT INTO "salvare" VALUES(507,1244020476053);
INSERT INTO "salvare" VALUES(508,1244020503615);
INSERT INTO "salvare" VALUES(509,1244020930974);
INSERT INTO "salvare" VALUES(510,1244020982178);
INSERT INTO "salvare" VALUES(511,1244021385459);
INSERT INTO "salvare" VALUES(512,1244021432974);
INSERT INTO "salvare" VALUES(513,1244024571162);
INSERT INTO "salvare" VALUES(514,1244024655099);
INSERT INTO "salvare" VALUES(515,1244025005115);
INSERT INTO "salvare" VALUES(516,1244026597240);
INSERT INTO "salvare" VALUES(517,1244029695662);
INSERT INTO "salvare" VALUES(518,1244030553599);
INSERT INTO "salvare" VALUES(519,1244031310271);
INSERT INTO "salvare" VALUES(520,1244031532912);
INSERT INTO "salvare" VALUES(521,1244033697037);
INSERT INTO "salvare" VALUES(522,1244034960803);
INSERT INTO "salvare" VALUES(523,1244038134365);
INSERT INTO "salvare" VALUES(524,1244038694099);
INSERT INTO "salvare" VALUES(525,1244039127224);
INSERT INTO "salvare" VALUES(526,1244039340459);
INSERT INTO "salvare" VALUES(527,1244039502396);
INSERT INTO "salvare" VALUES(528,1244039745271);
INSERT INTO "salvare" VALUES(529,1244039865740);
INSERT INTO "salvare" VALUES(530,1244039951678);
INSERT INTO "salvare" VALUES(531,1244040083209);
INSERT INTO "salvare" VALUES(532,1244040185912);
INSERT INTO "salvare" VALUES(533,1244040262724);
INSERT INTO "salvare" VALUES(534,1244040396709);
INSERT INTO "salvare" VALUES(535,1244040504271);
INSERT INTO "salvare" VALUES(536,1244040661084);
INSERT INTO "salvare" VALUES(537,1244101389421);
INSERT INTO "salvare" VALUES(538,1244101426671);
INSERT INTO "salvare" VALUES(539,1244196007609);
INSERT INTO "salvare" VALUES(540,1244197427828);
INSERT INTO "salvare" VALUES(541,1244207072000);
INSERT INTO "salvare" VALUES(542,1244208306921);
INSERT INTO "salvare" VALUES(543,1244209027734);
INSERT INTO "salvare" VALUES(544,1244209214140);
INSERT INTO "salvare" VALUES(545,1244209520937);
INSERT INTO "salvare" VALUES(546,1244209680125);
INSERT INTO "salvare" VALUES(547,1244209694312);
INSERT INTO "salvare" VALUES(548,1244209727859);
INSERT INTO "salvare" VALUES(549,1244209744546);
INSERT INTO "salvare" VALUES(550,1244209757000);
INSERT INTO "salvare" VALUES(551,1244209812718);
INSERT INTO "salvare" VALUES(552,1244209826234);
INSERT INTO "salvare" VALUES(553,1244209838640);
INSERT INTO "salvare" VALUES(554,1244209919343);
INSERT INTO "salvare" VALUES(555,1244209926187);
INSERT INTO "salvare" VALUES(556,1244209941984);
INSERT INTO "salvare" VALUES(557,1244209968781);
INSERT INTO "salvare" VALUES(558,1244210944250);
INSERT INTO "salvare" VALUES(559,1244211242640);
INSERT INTO "salvare" VALUES(560,1244211319500);
INSERT INTO "salvare" VALUES(561,1244211473093);
INSERT INTO "salvare" VALUES(562,1244211497687);
INSERT INTO "salvare" VALUES(563,1244211513937);
INSERT INTO "salvare" VALUES(564,1244211912281);
INSERT INTO "salvare" VALUES(565,1244211957640);
INSERT INTO "salvare" VALUES(566,1244448597656);
INSERT INTO "salvare" VALUES(567,1244448996562);
INSERT INTO "salvare" VALUES(568,1244450886468);
INSERT INTO "salvare" VALUES(569,1244450922421);
INSERT INTO "salvare" VALUES(570,1244450941234);
INSERT INTO "salvare" VALUES(571,1244450968187);
INSERT INTO "salvare" VALUES(572,1244451184718);
INSERT INTO "salvare" VALUES(573,1244451356703);
INSERT INTO "salvare" VALUES(574,1244451377671);
INSERT INTO "salvare" VALUES(575,1244451394062);
INSERT INTO "salvare" VALUES(576,1244451546218);
INSERT INTO "salvare" VALUES(577,1244451591953);
INSERT INTO "salvare" VALUES(578,1244451628203);
INSERT INTO "salvare" VALUES(579,1244451937312);
INSERT INTO "salvare" VALUES(580,1244451954765);
INSERT INTO "salvare" VALUES(581,1244451972656);
INSERT INTO "salvare" VALUES(582,1244451986156);
INSERT INTO "salvare" VALUES(583,1244452116031);
INSERT INTO "salvare" VALUES(584,1244453107250);
INSERT INTO "salvare" VALUES(585,1244453748281);
INSERT INTO "salvare" VALUES(586,1244453852234);
INSERT INTO "salvare" VALUES(587,1244456750406);
INSERT INTO "salvare" VALUES(588,1244457943156);
INSERT INTO "salvare" VALUES(589,1244457961062);
INSERT INTO "salvare" VALUES(590,1244458823843);
INSERT INTO "salvare" VALUES(591,1244462151546);
INSERT INTO "salvare" VALUES(592,1244462214718);
INSERT INTO "salvare" VALUES(593,1244462242375);
INSERT INTO "salvare" VALUES(594,1244490599187);
INSERT INTO "salvare" VALUES(595,1244490677484);
INSERT INTO "salvare" VALUES(596,1244490707609);
INSERT INTO "salvare" VALUES(597,1244492537437);
INSERT INTO "salvare" VALUES(598,1244492631765);
INSERT INTO "salvare" VALUES(599,1244545824031);
INSERT INTO "salvare" VALUES(600,1244546209625);
INSERT INTO "salvare" VALUES(601,1244620778239);
INSERT INTO "salvare" VALUES(602,1244621073864);
INSERT INTO "salvare" VALUES(603,1244621194051);
INSERT INTO "salvare" VALUES(604,1244633695453);
INSERT INTO "salvare" VALUES(605,1244633792468);
INSERT INTO "salvare" VALUES(606,1244633917546);
INSERT INTO "salvare" VALUES(607,1244634033062);
INSERT INTO "salvare" VALUES(608,1244636257265);
INSERT INTO "salvare" VALUES(609,1244642945078);
INSERT INTO "salvare" VALUES(610,1244643280640);
INSERT INTO "salvare" VALUES(611,1244644716421);
INSERT INTO "salvare" VALUES(612,1244719945796);
INSERT INTO "salvare" VALUES(613,1244792261437);
INSERT INTO "salvare" VALUES(614,1244797319187);
INSERT INTO "salvare" VALUES(615,1244798692671);
INSERT INTO "salvare" VALUES(616,1244799653265);
INSERT INTO "salvare" VALUES(617,1244800269609);
INSERT INTO "salvare" VALUES(618,1244800558453);
INSERT INTO "salvare" VALUES(619,1244808834359);
INSERT INTO "salvare" VALUES(620,1244808871796);
INSERT INTO "salvare" VALUES(621,1244808881265);
INSERT INTO "salvare" VALUES(622,1245057094062);
INSERT INTO "salvare" VALUES(623,1245057136500);
INSERT INTO "salvare" VALUES(624,1245060488656);
INSERT INTO "salvare" VALUES(625,1245068113281);
INSERT INTO "salvare" VALUES(626,1245069493015);
INSERT INTO "salvare" VALUES(627,1245069679562);
INSERT INTO "salvare" VALUES(628,1245070137281);
INSERT INTO "salvare" VALUES(629,1245070358031);
INSERT INTO "salvare" VALUES(630,1245070415078);
INSERT INTO "salvare" VALUES(631,1245140617453);
INSERT INTO "salvare" VALUES(632,1245142891687);
INSERT INTO "salvare" VALUES(633,1245144296859);
INSERT INTO "salvare" VALUES(634,1245144562500);
INSERT INTO "salvare" VALUES(635,1245144840750);
INSERT INTO "salvare" VALUES(636,1245145155843);
INSERT INTO "salvare" VALUES(637,1245145310046);
INSERT INTO "salvare" VALUES(638,1245145409984);
INSERT INTO "salvare" VALUES(639,1245145610796);
INSERT INTO "salvare" VALUES(640,1245146036390);
INSERT INTO "salvare" VALUES(641,1245147150375);
INSERT INTO "salvare" VALUES(642,1245147509562);
INSERT INTO "salvare" VALUES(643,1245149487250);
INSERT INTO "salvare" VALUES(644,1245149694812);
INSERT INTO "salvare" VALUES(645,1245150841781);
INSERT INTO "salvare" VALUES(646,1245151382640);
INSERT INTO "salvare" VALUES(647,1245151472609);
INSERT INTO "salvare" VALUES(648,1245152038765);
INSERT INTO "salvare" VALUES(649,1245152273468);
INSERT INTO "salvare" VALUES(650,1245153259437);
INSERT INTO "salvare" VALUES(651,1245153599453);
INSERT INTO "salvare" VALUES(652,1245153624968);
INSERT INTO "salvare" VALUES(653,1245153768968);
INSERT INTO "salvare" VALUES(654,1245154948812);
INSERT INTO "salvare" VALUES(655,1245157237625);
INSERT INTO "salvare" VALUES(656,1245159590578);
INSERT INTO "salvare" VALUES(657,1245244287140);
INSERT INTO "salvare" VALUES(658,1245319673281);
INSERT INTO "salvare" VALUES(659,1245320102968);
INSERT INTO "salvare" VALUES(660,1245320259750);
INSERT INTO "salvare" VALUES(661,1245323095500);
INSERT INTO "salvare" VALUES(662,1245404440625);
INSERT INTO "salvare" VALUES(663,1245405591406);
INSERT INTO "salvare" VALUES(664,1245405622234);
INSERT INTO "salvare" VALUES(665,1245407182015);
INSERT INTO "salvare" VALUES(666,1245407448812);
INSERT INTO "salvare" VALUES(667,1245407510531);
INSERT INTO "salvare" VALUES(668,1245407840312);
INSERT INTO "salvare" VALUES(669,1245411887328);
INSERT INTO "salvare" VALUES(670,1245412536109);
INSERT INTO "salvare" VALUES(671,1245413003109);
INSERT INTO "salvare" VALUES(672,1245415140093);
INSERT INTO "salvare" VALUES(673,1245415340453);
INSERT INTO "salvare" VALUES(674,1245415497859);
INSERT INTO "salvare" VALUES(675,1245415662250);
INSERT INTO "salvare" VALUES(676,1245415716468);
INSERT INTO "salvare" VALUES(677,1245415838640);
INSERT INTO "salvare" VALUES(678,1245415968750);
INSERT INTO "salvare" VALUES(679,1245416186625);
INSERT INTO "salvare" VALUES(680,1245416269781);
INSERT INTO "salvare" VALUES(681,1245416417859);
INSERT INTO "salvare" VALUES(682,1245416646046);
INSERT INTO "salvare" VALUES(683,1245416708187);
INSERT INTO "salvare" VALUES(684,1245416833203);
INSERT INTO "salvare" VALUES(685,1245416934500);
INSERT INTO "salvare" VALUES(686,1245417246125);
INSERT INTO "salvare" VALUES(687,1245417660656);
INSERT INTO "salvare" VALUES(688,1245417726328);
INSERT INTO "salvare" VALUES(689,1245417763421);
INSERT INTO "salvare" VALUES(690,1245417779953);
INSERT INTO "salvare" VALUES(691,1245417851109);
INSERT INTO "salvare" VALUES(692,1245417975062);
INSERT INTO "salvare" VALUES(693,1245417992359);
INSERT INTO "salvare" VALUES(694,1245421240484);
INSERT INTO "salvare" VALUES(695,1245421285140);
INSERT INTO "salvare" VALUES(696,1245421332937);
INSERT INTO "salvare" VALUES(697,1245421364953);
INSERT INTO "salvare" VALUES(698,1245421491609);
INSERT INTO "salvare" VALUES(699,1245421520281);
INSERT INTO "salvare" VALUES(700,1245422081125);
INSERT INTO "salvare" VALUES(701,1245680816796);
INSERT INTO "salvare" VALUES(702,1245681432593);
INSERT INTO "salvare" VALUES(703,1245681609890);
INSERT INTO "salvare" VALUES(704,1245682004296);
INSERT INTO "salvare" VALUES(705,1245748479546);
INSERT INTO "salvare" VALUES(706,1245751663812);
INSERT INTO "salvare" VALUES(707,1245751895718);
INSERT INTO "salvare" VALUES(708,1245752035156);
INSERT INTO "salvare" VALUES(709,1245768134484);
INSERT INTO "salvare" VALUES(710,1245840443850);
INSERT INTO "salvare" VALUES(711,1245842620131);
INSERT INTO "salvare" VALUES(712,1245843364085);
INSERT INTO "salvare" VALUES(713,1245845933053);
INSERT INTO "salvare" VALUES(714,1245850240178);
INSERT INTO "salvare" VALUES(715,1245850308116);
INSERT INTO "salvare" VALUES(716,1245850352897);
INSERT INTO "salvare" VALUES(717,1245850524756);
INSERT INTO "salvare" VALUES(718,1245851471756);
INSERT INTO "salvare" VALUES(719,1245851630881);
INSERT INTO "salvare" VALUES(720,1245851993444);
INSERT INTO "salvare" VALUES(721,1245852448710);
INSERT INTO "salvare" VALUES(722,1245852680928);
INSERT INTO "salvare" VALUES(723,1245853024913);
INSERT INTO "salvare" VALUES(724,1245853569506);
INSERT INTO "salvare" VALUES(725,1245853724819);
INSERT INTO "salvare" VALUES(726,1245853820381);
INSERT INTO "salvare" VALUES(727,1245853878600);
INSERT INTO "salvare" VALUES(728,1245916591156);
INSERT INTO "salvare" VALUES(729,1245917513843);
INSERT INTO "salvare" VALUES(730,1245923575046);
INSERT INTO "salvare" VALUES(731,1245925431921);
INSERT INTO "salvare" VALUES(732,1245925512656);
INSERT INTO "salvare" VALUES(733,1245926999437);
INSERT INTO "salvare" VALUES(734,1245927126671);
INSERT INTO "salvare" VALUES(735,1245927638343);
INSERT INTO "salvare" VALUES(736,1245927817437);
INSERT INTO "salvare" VALUES(737,1245929014031);
INSERT INTO "salvare" VALUES(738,1245929509968);
INSERT INTO "salvare" VALUES(739,1245933031703);
INSERT INTO "salvare" VALUES(740,1245933288343);
INSERT INTO "salvare" VALUES(741,1245937551984);
INSERT INTO "salvare" VALUES(742,1246003641609);
INSERT INTO "salvare" VALUES(743,1246004457843);
INSERT INTO "salvare" VALUES(744,1246005109234);
INSERT INTO "salvare" VALUES(745,1246006705015);
INSERT INTO "salvare" VALUES(746,1246009803625);
INSERT INTO "salvare" VALUES(747,1246009995468);
INSERT INTO "salvare" VALUES(748,1246013008890);
INSERT INTO "salvare" VALUES(749,1246013483750);
INSERT INTO "salvare" VALUES(750,1246013593609);
INSERT INTO "salvare" VALUES(751,1246268046234);
INSERT INTO "salvare" VALUES(752,1246268194562);
INSERT INTO "salvare" VALUES(753,1246268330609);
INSERT INTO "salvare" VALUES(754,1246268491546);
INSERT INTO "salvare" VALUES(755,1246268532468);
INSERT INTO "salvare" VALUES(756,1246268609562);
INSERT INTO "salvare" VALUES(757,1246268646937);
INSERT INTO "salvare" VALUES(758,1246268689656);
INSERT INTO "salvare" VALUES(759,1246268730187);
INSERT INTO "salvare" VALUES(760,1246268944203);
INSERT INTO "salvare" VALUES(761,1246271723828);
INSERT INTO "salvare" VALUES(762,1246272158093);
INSERT INTO "salvare" VALUES(763,1246274093031);
INSERT INTO "salvare" VALUES(764,1246274247812);
INSERT INTO "salvare" VALUES(765,1246281334109);
INSERT INTO "salvare" VALUES(766,1246282421765);
INSERT INTO "salvare" VALUES(767,1246282488625);
INSERT INTO "salvare" VALUES(768,1246283605000);
INSERT INTO "salvare" VALUES(769,1246283624328);
INSERT INTO "salvare" VALUES(770,1246283896828);
INSERT INTO "salvare" VALUES(771,1246283970609);
INSERT INTO "salvare" VALUES(772,1246284987578);
INSERT INTO "salvare" VALUES(773,1246285019500);
INSERT INTO "salvare" VALUES(774,1246285070250);
INSERT INTO "salvare" VALUES(775,1246285103531);
INSERT INTO "salvare" VALUES(776,1246285136734);
INSERT INTO "salvare" VALUES(777,1246286945812);
INSERT INTO "salvare" VALUES(778,1246287131500);
INSERT INTO "salvare" VALUES(779,1246287192953);
INSERT INTO "salvare" VALUES(780,1246287275156);
INSERT INTO "salvare" VALUES(781,1246287380640);
INSERT INTO "salvare" VALUES(782,1246287573390);
INSERT INTO "salvare" VALUES(783,1246287951203);
INSERT INTO "salvare" VALUES(784,1246288004203);
INSERT INTO "salvare" VALUES(785,1246288078312);
INSERT INTO "salvare" VALUES(786,1246289541875);
INSERT INTO "salvare" VALUES(787,1246289560578);
INSERT INTO "salvare" VALUES(788,1246289651046);
INSERT INTO "salvare" VALUES(789,1246289694781);
INSERT INTO "salvare" VALUES(790,1246289754609);
INSERT INTO "salvare" VALUES(791,1246289802906);
INSERT INTO "salvare" VALUES(792,1246289814859);
INSERT INTO "salvare" VALUES(793,1246289855625);
INSERT INTO "salvare" VALUES(794,1246289873796);
INSERT INTO "salvare" VALUES(795,1246289908750);
INSERT INTO "salvare" VALUES(796,1246289940781);
INSERT INTO "salvare" VALUES(797,1246291640234);
INSERT INTO "salvare" VALUES(798,1246291827718);
INSERT INTO "salvare" VALUES(799,1246292409765);
INSERT INTO "salvare" VALUES(800,1246292735218);
INSERT INTO "salvare" VALUES(801,1246293145328);
INSERT INTO "salvare" VALUES(802,1246433326953);
INSERT INTO "salvare" VALUES(803,1246433741312);
INSERT INTO "salvare" VALUES(804,1246433771390);
INSERT INTO "salvare" VALUES(805,1246434266453);
INSERT INTO "salvare" VALUES(806,1246434362953);
INSERT INTO "salvare" VALUES(807,1246434437140);
INSERT INTO "salvare" VALUES(808,1246440032820);
INSERT INTO "salvare" VALUES(809,1246440178961);
INSERT INTO "salvare" VALUES(810,1246441511523);
INSERT INTO "salvare" VALUES(811,1246441577461);
INSERT INTO "salvare" VALUES(812,1246441913601);
INSERT INTO "salvare" VALUES(813,1246441954914);
INSERT INTO "salvare" VALUES(814,1246444355953);
INSERT INTO "salvare" VALUES(815,1246444787968);
INSERT INTO "salvare" VALUES(816,1246448540234);
INSERT INTO "salvare" VALUES(817,1246448619843);
INSERT INTO "salvare" VALUES(818,1246448932562);
INSERT INTO "salvare" VALUES(819,1246449094750);
INSERT INTO "salvare" VALUES(820,1246449122046);
INSERT INTO "salvare" VALUES(821,1246449250453);
INSERT INTO "salvare" VALUES(822,1246449348328);
INSERT INTO "salvare" VALUES(823,1246449450406);
INSERT INTO "salvare" VALUES(824,1246449481687);
INSERT INTO "salvare" VALUES(825,1246454159234);
INSERT INTO "salvare" VALUES(826,1246454208796);
INSERT INTO "salvare" VALUES(827,1246454220984);
INSERT INTO "salvare" VALUES(828,1246454450828);
INSERT INTO "salvare" VALUES(829,1246454820906);
INSERT INTO "salvare" VALUES(830,1246454855703);
INSERT INTO "salvare" VALUES(831,1246455095890);
INSERT INTO "salvare" VALUES(832,1246455154578);
INSERT INTO "salvare" VALUES(833,1246455226546);
INSERT INTO "salvare" VALUES(834,1246455267562);
INSERT INTO "salvare" VALUES(835,1246455516140);
INSERT INTO "salvare" VALUES(836,1246455660890);
INSERT INTO "salvare" VALUES(837,1246455673609);
INSERT INTO "salvare" VALUES(838,1246455726734);
INSERT INTO "salvare" VALUES(839,1246455814468);
INSERT INTO "salvare" VALUES(840,1246456005375);
INSERT INTO "salvare" VALUES(841,1246466614312);
INSERT INTO "salvare" VALUES(842,1246467724437);
INSERT INTO "salvare" VALUES(843,1246467774500);
INSERT INTO "salvare" VALUES(844,1246467861906);
INSERT INTO "salvare" VALUES(845,1246467938421);
INSERT INTO "salvare" VALUES(846,1246467993578);
INSERT INTO "salvare" VALUES(847,1246468660718);
INSERT INTO "salvare" VALUES(848,1246469893218);
INSERT INTO "salvare" VALUES(849,1247125392046);
INSERT INTO "salvare" VALUES(850,1247125575515);
INSERT INTO "salvare" VALUES(851,1247125777828);
INSERT INTO "salvare" VALUES(852,1247127643750);
INSERT INTO "salvare" VALUES(853,1247132112078);
INSERT INTO "salvare" VALUES(854,1247132425156);
INSERT INTO "salvare" VALUES(855,1247135601609);
INSERT INTO "salvare" VALUES(856,1247137672859);
INSERT INTO "salvare" VALUES(857,1247138484140);
INSERT INTO "salvare" VALUES(858,1247139970937);
INSERT INTO "salvare" VALUES(859,1247147296359);
INSERT INTO "salvare" VALUES(860,1247147480750);
INSERT INTO "salvare" VALUES(861,1247147510609);
INSERT INTO "salvare" VALUES(862,1247148115968);
INSERT INTO "salvare" VALUES(863,1247148717312);
INSERT INTO "salvare" VALUES(864,1247149389656);
INSERT INTO "salvare" VALUES(865,1247149702265);
INSERT INTO "salvare" VALUES(866,1247150027421);
INSERT INTO "salvare" VALUES(867,1247150687843);
INSERT INTO "salvare" VALUES(868,1247151418812);
INSERT INTO "salvare" VALUES(869,1247152144281);
INSERT INTO "salvare" VALUES(870,1247152884609);
INSERT INTO "salvare" VALUES(871,1247154619093);
INSERT INTO "salvare" VALUES(872,1247155681046);
INSERT INTO "salvare" VALUES(873,1247216469437);
INSERT INTO "salvare" VALUES(874,1247217166734);
INSERT INTO "salvare" VALUES(875,1247217334953);
INSERT INTO "salvare" VALUES(876,1247218077000);
INSERT INTO "salvare" VALUES(877,1247218128453);
INSERT INTO "salvare" VALUES(878,1247218219125);
INSERT INTO "salvare" VALUES(879,1247218318625);
INSERT INTO "salvare" VALUES(880,1247218451453);
INSERT INTO "salvare" VALUES(881,1247219311421);
INSERT INTO "salvare" VALUES(882,1247220005031);
INSERT INTO "salvare" VALUES(883,1247224039437);
INSERT INTO "salvare" VALUES(884,1247224248984);
INSERT INTO "salvare" VALUES(885,1247224269750);
INSERT INTO "salvare" VALUES(886,1247224333484);
INSERT INTO "salvare" VALUES(887,1247224346531);
INSERT INTO "salvare" VALUES(888,1247224569812);
INSERT INTO "salvare" VALUES(889,1247224774687);
INSERT INTO "salvare" VALUES(890,1247224833421);
INSERT INTO "salvare" VALUES(891,1247224979984);
INSERT INTO "salvare" VALUES(892,1247225050687);
INSERT INTO "salvare" VALUES(893,1247225097875);
INSERT INTO "salvare" VALUES(894,1247225262359);
INSERT INTO "salvare" VALUES(895,1247225333234);
INSERT INTO "salvare" VALUES(896,1247225677687);
INSERT INTO "salvare" VALUES(897,1247559118390);
INSERT INTO "salvare" VALUES(898,1247561379203);
INSERT INTO "salvare" VALUES(899,1247565851125);
INSERT INTO "salvare" VALUES(900,1247568173031);
INSERT INTO "salvare" VALUES(901,1247569821109);
INSERT INTO "salvare" VALUES(902,1247569942359);
INSERT INTO "salvare" VALUES(903,1247571927734);
INSERT INTO "salvare" VALUES(904,1247573134187);
INSERT INTO "salvare" VALUES(905,1247577993578);
INSERT INTO "salvare" VALUES(906,1247578249140);
INSERT INTO "salvare" VALUES(907,1247578385609);
INSERT INTO "salvare" VALUES(908,1247583270406);
INSERT INTO "salvare" VALUES(909,1248177816109);
INSERT INTO "salvare" VALUES(910,1248178006453);
INSERT INTO "salvare" VALUES(911,1248178223953);
INSERT INTO "salvare" VALUES(912,1248178291859);
INSERT INTO "salvare" VALUES(913,1248178780609);
INSERT INTO "salvare" VALUES(914,1248178982703);
INSERT INTO "salvare" VALUES(915,1248179024500);
INSERT INTO "salvare" VALUES(916,1249897844093);
INSERT INTO "salvare" VALUES(917,1249897950984);
INSERT INTO "salvare" VALUES(918,1249898253453);
INSERT INTO "salvare" VALUES(919,1249898721453);
INSERT INTO "salvare" VALUES(920,1249898833281);
INSERT INTO "salvare" VALUES(921,1249898851578);
INSERT INTO "salvare" VALUES(922,1249898910781);
INSERT INTO "salvare" VALUES(923,1249900225296);
INSERT INTO "salvare" VALUES(924,1249906252359);
INSERT INTO "salvare" VALUES(925,1249910777890);
INSERT INTO "salvare" VALUES(926,1249915313890);
INSERT INTO "salvare" VALUES(927,1249917121625);
INSERT INTO "salvare" VALUES(928,1249917717328);
INSERT INTO "salvare" VALUES(929,1249917753078);
INSERT INTO "salvare" VALUES(930,1249917816093);
INSERT INTO "salvare" VALUES(931,1249977286031);
INSERT INTO "salvare" VALUES(932,1249977572281);
INSERT INTO "salvare" VALUES(933,1249980697171);
INSERT INTO "salvare" VALUES(934,1249984899687);
INSERT INTO "salvare" VALUES(935,1249987918984);
INSERT INTO "salvare" VALUES(936,1249988557203);
INSERT INTO "salvare" VALUES(937,1249988870937);
INSERT INTO "salvare" VALUES(938,1249995951078);
INSERT INTO "salvare" VALUES(939,1250071524812);
INSERT INTO "salvare" VALUES(940,1250081348974);
INSERT INTO "salvare" VALUES(941,1250081436334);
INSERT INTO "salvare" VALUES(942,1250082435349);
INSERT INTO "salvare" VALUES(943,1250083788115);
INSERT INTO "salvare" VALUES(944,1250090527505);
INSERT INTO "salvare" VALUES(945,1250156897531);
INSERT INTO "salvare" VALUES(946,1250171961125);
INSERT INTO "salvare" VALUES(947,1250172349156);
INSERT INTO "salvare" VALUES(948,1250172378750);
INSERT INTO "salvare" VALUES(949,1250174389015);
INSERT INTO "salvare" VALUES(950,1250243714062);
INSERT INTO "salvare" VALUES(951,1250244420812);
INSERT INTO "salvare" VALUES(952,1250245474109);
INSERT INTO "salvare" VALUES(953,1250245956937);
INSERT INTO "salvare" VALUES(954,1250246099437);
INSERT INTO "salvare" VALUES(955,1250246150734);
INSERT INTO "salvare" VALUES(956,1250501685015);
INSERT INTO "salvare" VALUES(957,1250504137640);
INSERT INTO "salvare" VALUES(958,1250504223843);
INSERT INTO "salvare" VALUES(959,1250509741406);
INSERT INTO "salvare" VALUES(960,1250509787656);
INSERT INTO "salvare" VALUES(961,1250509817500);
INSERT INTO "salvare" VALUES(962,1250509955531);
INSERT INTO "salvare" VALUES(963,1250510058953);
INSERT INTO "salvare" VALUES(964,1250516837734);
INSERT INTO "salvare" VALUES(965,1250517286609);
INSERT INTO "salvare" VALUES(966,1250517357500);
INSERT INTO "salvare" VALUES(967,1250517472093);
INSERT INTO "salvare" VALUES(968,1250518508250);
INSERT INTO "salvare" VALUES(969,1250518711312);
INSERT INTO "salvare" VALUES(970,1250521547343);
INSERT INTO "salvare" VALUES(971,1250521654187);
INSERT INTO "salvare" VALUES(972,1250521865609);
INSERT INTO "salvare" VALUES(973,1250521917984);
INSERT INTO "salvare" VALUES(974,1250522110562);
INSERT INTO "salvare" VALUES(975,1250522715812);
INSERT INTO "salvare" VALUES(976,1250580897281);
INSERT INTO "salvare" VALUES(977,1250585465078);
INSERT INTO "salvare" VALUES(978,1250585564390);
INSERT INTO "salvare" VALUES(979,1250587103796);
INSERT INTO "salvare" VALUES(980,1250594584453);
INSERT INTO "salvare" VALUES(981,1250595015359);
INSERT INTO "salvare" VALUES(982,1250598827531);
INSERT INTO "salvare" VALUES(983,1250598942843);
INSERT INTO "salvare" VALUES(984,1250600702609);
INSERT INTO "salvare" VALUES(985,1251881826328);
INSERT INTO "salvare" VALUES(986,1251893100875);
INSERT INTO "salvare" VALUES(987,1251894968562);
INSERT INTO "salvare" VALUES(988,1251895863531);
INSERT INTO "salvare" VALUES(989,1251900671609);
INSERT INTO "salvare" VALUES(990,1251904274640);
INSERT INTO "salvare" VALUES(991,1251966902531);
INSERT INTO "salvare" VALUES(992,1251967287078);
INSERT INTO "salvare" VALUES(993,1251970480859);
INSERT INTO "salvare" VALUES(994,1251974898312);
INSERT INTO "salvare" VALUES(995,1251975682203);
INSERT INTO "salvare" VALUES(996,1251976618109);
INSERT INTO "salvare" VALUES(997,1251976996203);
INSERT INTO "salvare" VALUES(998,1251977262546);
INSERT INTO "salvare" VALUES(999,1251977450218);
INSERT INTO "salvare" VALUES(1000,1251977650078);
INSERT INTO "salvare" VALUES(1001,1251978226890);
INSERT INTO "salvare" VALUES(1002,1251982513156);
INSERT INTO "salvare" VALUES(1003,1251987716734);
INSERT INTO "salvare" VALUES(1004,1251987809421);
INSERT INTO "salvare" VALUES(1005,1251987852500);
INSERT INTO "salvare" VALUES(1006,1251987892968);
INSERT INTO "salvare" VALUES(1007,1251988227375);
INSERT INTO "salvare" VALUES(1008,1251988296656);
INSERT INTO "salvare" VALUES(1009,1251988349328);
INSERT INTO "salvare" VALUES(1010,1251989048187);
INSERT INTO "salvare" VALUES(1011,1251989208078);
INSERT INTO "salvare" VALUES(1012,1251989285718);
INSERT INTO "salvare" VALUES(1013,1251989337828);
INSERT INTO "salvare" VALUES(1014,1252057795796);
INSERT INTO "salvare" VALUES(1015,1252326408500);
INSERT INTO "salvare" VALUES(1016,1252329625312);
INSERT INTO "salvare" VALUES(1017,1252399262421);
INSERT INTO "salvare" VALUES(1018,1252399599703);
INSERT INTO "salvare" VALUES(1019,1252400746687);
INSERT INTO "salvare" VALUES(1020,1252402394406);
INSERT INTO "salvare" VALUES(1021,1252406056296);
INSERT INTO "salvare" VALUES(1022,1252406634578);
INSERT INTO "salvare" VALUES(1023,1252406883734);
INSERT INTO "salvare" VALUES(1024,1252407826625);
INSERT INTO "salvare" VALUES(1025,1252409634656);
INSERT INTO "salvare" VALUES(1026,1253015268578);
INSERT INTO "salvare" VALUES(1027,1253270574062);
INSERT INTO "salvare" VALUES(1028,1253713283859);
INSERT INTO "salvare" VALUES(1029,1253716122640);
INSERT INTO "salvare" VALUES(1030,1253716155625);
INSERT INTO "salvare" VALUES(1031,1253720863140);
INSERT INTO "salvare" VALUES(1032,1253721047703);
INSERT INTO "salvare" VALUES(1033,1253783944828);
INSERT INTO "salvare" VALUES(1034,1253784318921);
INSERT INTO "salvare" VALUES(1035,1253784792625);
INSERT INTO "salvare" VALUES(1036,1253786569062);
INSERT INTO "salvare" VALUES(1037,1253806539468);
INSERT INTO "salvare" VALUES(1038,1253806788171);
INSERT INTO "salvare" VALUES(1039,1253808838328);
INSERT INTO "salvare" VALUES(1040,1253885589109);
INSERT INTO "salvare" VALUES(1041,1253885697968);
INSERT INTO "salvare" VALUES(1042,1253885887140);
INSERT INTO "salvare" VALUES(1043,1253885950343);
INSERT INTO "salvare" VALUES(1044,1253885959640);
INSERT INTO "salvare" VALUES(1045,1253886098234);
INSERT INTO "salvare" VALUES(1046,1253889200687);
INSERT INTO "salvare" VALUES(1047,1253889367906);
INSERT INTO "salvare" VALUES(1048,1253889520703);
INSERT INTO "salvare" VALUES(1049,1253896119421);
INSERT INTO "salvare" VALUES(1050,1253896191109);
INSERT INTO "salvare" VALUES(1051,1253896248750);
INSERT INTO "salvare" VALUES(1052,1253896376046);
INSERT INTO "salvare" VALUES(1053,1253896419765);
INSERT INTO "salvare" VALUES(1054,1253896579531);
INSERT INTO "salvare" VALUES(1055,1253896971890);
INSERT INTO "salvare" VALUES(1056,1253897413265);
INSERT INTO "salvare" VALUES(1057,1253898073921);
INSERT INTO "salvare" VALUES(1058,1253958206578);
INSERT INTO "salvare" VALUES(1059,1253960225203);
INSERT INTO "salvare" VALUES(1060,1253960969953);
INSERT INTO "salvare" VALUES(1061,1254131311625);
INSERT INTO "salvare" VALUES(1062,1254136904562);
INSERT INTO "salvare" VALUES(1063,1254137427265);
INSERT INTO "salvare" VALUES(1064,1254137758031);
INSERT INTO "salvare" VALUES(1065,1254143445781);
INSERT INTO "salvare" VALUES(1066,1254146922093);
INSERT INTO "salvare" VALUES(1067,1254147454531);
INSERT INTO "salvare" VALUES(1068,1254147692015);
INSERT INTO "salvare" VALUES(1069,1254148287859);
INSERT INTO "salvare" VALUES(1070,1254148873984);
INSERT INTO "salvare" VALUES(1071,1254149305906);
INSERT INTO "salvare" VALUES(1072,1254151531093);
INSERT INTO "salvare" VALUES(1073,1254152582296);
INSERT INTO "salvare" VALUES(1074,1254152855484);
INSERT INTO "salvare" VALUES(1075,1254213207640);
INSERT INTO "salvare" VALUES(1076,1254215927421);
INSERT INTO "salvare" VALUES(1077,1254217369734);
INSERT INTO "salvare" VALUES(1078,1254219545406);
INSERT INTO "salvare" VALUES(1079,1254221075031);
INSERT INTO "salvare" VALUES(1080,1254221135156);
INSERT INTO "salvare" VALUES(1081,1254221189859);
INSERT INTO "salvare" VALUES(1082,1254222337171);
INSERT INTO "salvare" VALUES(1083,1254222983328);
INSERT INTO "salvare" VALUES(1084,1254223112546);
INSERT INTO "salvare" VALUES(1085,1254226711453);
INSERT INTO "salvare" VALUES(1086,1254226847609);
INSERT INTO "salvare" VALUES(1087,1254227892468);
INSERT INTO "salvare" VALUES(1088,1254239213703);
INSERT INTO "salvare" VALUES(1089,1254240285687);
INSERT INTO "salvare" VALUES(1090,1254240514218);
INSERT INTO "salvare" VALUES(1091,1254240684187);
INSERT INTO "salvare" VALUES(1092,1254240752218);
INSERT INTO "salvare" VALUES(1093,1254240929484);
INSERT INTO "salvare" VALUES(1094,1254241422703);
INSERT INTO "salvare" VALUES(1095,1254302817984);
INSERT INTO "salvare" VALUES(1096,1254304122203);
INSERT INTO "salvare" VALUES(1097,1254307249140);
INSERT INTO "salvare" VALUES(1098,1254310134687);
INSERT INTO "salvare" VALUES(1099,1254310435046);
INSERT INTO "salvare" VALUES(1100,1254315652343);
INSERT INTO "salvare" VALUES(1101,1254315693687);
INSERT INTO "salvare" VALUES(1102,1254315795812);
INSERT INTO "salvare" VALUES(1103,1254326908203);
INSERT INTO "salvare" VALUES(1104,1254327079156);
INSERT INTO "salvare" VALUES(1105,1254327509609);
INSERT INTO "salvare" VALUES(1106,1254327850390);
INSERT INTO "salvare" VALUES(1107,1254327969140);
INSERT INTO "salvare" VALUES(1108,1254328029437);
INSERT INTO "salvare" VALUES(1109,1254328785468);
INSERT INTO "salvare" VALUES(1110,1254329134296);
INSERT INTO "salvare" VALUES(1111,1254329902781);
INSERT INTO "salvare" VALUES(1112,1254330063796);
INSERT INTO "salvare" VALUES(1113,1254330304000);
INSERT INTO "salvare" VALUES(1114,1254330495375);
INSERT INTO "salvare" VALUES(1115,1254331408640);
INSERT INTO "salvare" VALUES(1116,1254331550765);
INSERT INTO "salvare" VALUES(1117,1254331776406);
INSERT INTO "salvare" VALUES(1118,1254333018937);
INSERT INTO "salvare" VALUES(1119,1254333140843);
INSERT INTO "salvare" VALUES(1120,1254333338265);
INSERT INTO "salvare" VALUES(1121,1254333563578);
INSERT INTO "salvare" VALUES(1122,1254334729265);
INSERT INTO "salvare" VALUES(1123,1254383117843);
INSERT INTO "salvare" VALUES(1124,1254383513890);
INSERT INTO "salvare" VALUES(1125,1254383800078);
INSERT INTO "salvare" VALUES(1126,1254384498734);
INSERT INTO "salvare" VALUES(1127,1254384603906);
INSERT INTO "salvare" VALUES(1128,1254385769031);
INSERT INTO "salvare" VALUES(1129,1254386126562);
INSERT INTO "salvare" VALUES(1130,1254386398125);
INSERT INTO "salvare" VALUES(1131,1254386989343);
INSERT INTO "salvare" VALUES(1132,1254387457718);
INSERT INTO "salvare" VALUES(1133,1254387565046);
INSERT INTO "salvare" VALUES(1134,1254387608531);
INSERT INTO "salvare" VALUES(1135,1254387812687);
INSERT INTO "salvare" VALUES(1136,1254387973375);
INSERT INTO "salvare" VALUES(1137,1254389723031);
INSERT INTO "salvare" VALUES(1138,1254390549015);
INSERT INTO "salvare" VALUES(1139,1254392419921);
INSERT INTO "salvare" VALUES(1140,1254393265203);
INSERT INTO "salvare" VALUES(1141,1254394066656);
INSERT INTO "salvare" VALUES(1142,1254394274593);
INSERT INTO "salvare" VALUES(1143,1254394439531);
INSERT INTO "salvare" VALUES(1144,1254394542312);
INSERT INTO "salvare" VALUES(1145,1254394649109);
INSERT INTO "salvare" VALUES(1146,1254396211375);
INSERT INTO "salvare" VALUES(1147,1254396810390);
INSERT INTO "salvare" VALUES(1148,1254404023390);
INSERT INTO "salvare" VALUES(1149,1254405050718);
INSERT INTO "salvare" VALUES(1150,1254406475750);
INSERT INTO "salvare" VALUES(1151,1254406898656);
INSERT INTO "salvare" VALUES(1152,1254407103484);
INSERT INTO "salvare" VALUES(1153,1254409006281);
INSERT INTO "salvare" VALUES(1154,1254409155015);
INSERT INTO "salvare" VALUES(1155,1254410740015);
INSERT INTO "salvare" VALUES(1156,1254410915734);
INSERT INTO "salvare" VALUES(1157,1254411581890);
INSERT INTO "salvare" VALUES(1158,1254411707062);
INSERT INTO "salvare" VALUES(1159,1254411844828);
INSERT INTO "salvare" VALUES(1160,1254727972875);
INSERT INTO "salvare" VALUES(1161,1254737762781);
INSERT INTO "salvare" VALUES(1162,1254742506515);
INSERT INTO "salvare" VALUES(1163,1254743656453);
INSERT INTO "salvare" VALUES(1164,1254831026765);
INSERT INTO "salvare" VALUES(1165,1254831047234);
INSERT INTO "salvare" VALUES(1166,1254831163984);
INSERT INTO "salvare" VALUES(1167,1254831453312);
INSERT INTO "salvare" VALUES(1168,1254832098906);
INSERT INTO "salvare" VALUES(1169,1254832664156);
INSERT INTO "salvare" VALUES(1170,1254832811015);
INSERT INTO "salvare" VALUES(1171,1254836874546);
INSERT INTO "salvare" VALUES(1172,1254837428000);
INSERT INTO "salvare" VALUES(1173,1254837597984);
INSERT INTO "salvare" VALUES(1174,1254841679859);
INSERT INTO "salvare" VALUES(1175,1254842033359);
INSERT INTO "salvare" VALUES(1176,1254842142406);
INSERT INTO "salvare" VALUES(1177,1254842501796);
INSERT INTO "salvare" VALUES(1178,1254908202453);
INSERT INTO "salvare" VALUES(1179,1254908815453);
INSERT INTO "salvare" VALUES(1180,1254909339515);
INSERT INTO "salvare" VALUES(1181,1254989419859);
INSERT INTO "salvare" VALUES(1182,1255004635953);
INSERT INTO "salvare" VALUES(1183,1255005052390);
INSERT INTO "salvare" VALUES(1184,1255007551406);
INSERT INTO "salvare" VALUES(1185,1255007598328);
INSERT INTO "salvare" VALUES(1186,1255010419875);
INSERT INTO "salvare" VALUES(1187,1255010857859);
INSERT INTO "salvare" VALUES(1188,1255010990531);
INSERT INTO "salvare" VALUES(1189,1255011350109);
INSERT INTO "salvare" VALUES(1190,1255011974781);
INSERT INTO "salvare" VALUES(1191,1255012130000);
INSERT INTO "salvare" VALUES(1192,1255016929609);
INSERT INTO "salvare" VALUES(1193,1255017011312);
INSERT INTO "salvare" VALUES(1194,1255017072250);
INSERT INTO "salvare" VALUES(1195,1255017198515);
INSERT INTO "salvare" VALUES(1196,1255017380453);
INSERT INTO "salvare" VALUES(1197,1255017485250);
INSERT INTO "salvare" VALUES(1198,1255017585828);
INSERT INTO "salvare" VALUES(1199,1255017630796);
INSERT INTO "salvare" VALUES(1200,1255017742218);
INSERT INTO "salvare" VALUES(1201,1255017821984);
INSERT INTO "salvare" VALUES(1202,1255018180093);
INSERT INTO "salvare" VALUES(1203,1255018285859);
INSERT INTO "salvare" VALUES(1204,1255018784625);
INSERT INTO "salvare" VALUES(1205,1255018933453);
INSERT INTO "salvare" VALUES(1206,1255018978890);
INSERT INTO "salvare" VALUES(1207,1255019216062);
INSERT INTO "salvare" VALUES(1208,1255019324687);
INSERT INTO "salvare" VALUES(1209,1255019362015);
INSERT INTO "salvare" VALUES(1210,1255019695828);
INSERT INTO "salvare" VALUES(1211,1255019776609);
INSERT INTO "salvare" VALUES(1212,1255075996812);
INSERT INTO "salvare" VALUES(1213,1255076995343);
INSERT INTO "salvare" VALUES(1214,1255077133921);
INSERT INTO "salvare" VALUES(1215,1255077366953);
INSERT INTO "salvare" VALUES(1216,1255077633609);
INSERT INTO "salvare" VALUES(1217,1255077798656);
INSERT INTO "salvare" VALUES(1218,1255078593000);
INSERT INTO "salvare" VALUES(1219,1255078751703);
INSERT INTO "salvare" VALUES(1220,1255079236109);
INSERT INTO "salvare" VALUES(1221,1255080467578);
INSERT INTO "salvare" VALUES(1222,1255080577656);
INSERT INTO "salvare" VALUES(1223,1255080938812);
INSERT INTO "salvare" VALUES(1224,1255081379109);
INSERT INTO "salvare" VALUES(1225,1255081480078);
INSERT INTO "salvare" VALUES(1226,1255081527578);
INSERT INTO "salvare" VALUES(1227,1255081632593);
INSERT INTO "salvare" VALUES(1228,1255081808515);
INSERT INTO "salvare" VALUES(1229,1255081932453);
INSERT INTO "salvare" VALUES(1230,1255081994359);
INSERT INTO "salvare" VALUES(1231,1255082032171);
INSERT INTO "salvare" VALUES(1232,1255082110421);
INSERT INTO "salvare" VALUES(1233,1255082171500);
INSERT INTO "salvare" VALUES(1234,1255082595562);
INSERT INTO "salvare" VALUES(1235,1255082840296);
INSERT INTO "salvare" VALUES(1236,1255082943125);
INSERT INTO "salvare" VALUES(1237,1255083068296);
INSERT INTO "salvare" VALUES(1238,1255084640859);
INSERT INTO "salvare" VALUES(1239,1255335759000);
INSERT INTO "salvare" VALUES(1240,1255337331390);
INSERT INTO "salvare" VALUES(1241,1255338111406);
INSERT INTO "salvare" VALUES(1242,1255339240109);
INSERT INTO "salvare" VALUES(1243,1255339308390);
INSERT INTO "salvare" VALUES(1244,1255340375484);
INSERT INTO "salvare" VALUES(1245,1255341608703);
INSERT INTO "salvare" VALUES(1246,1255345456328);
INSERT INTO "salvare" VALUES(1247,1255345556562);
INSERT INTO "salvare" VALUES(1248,1255348036328);
INSERT INTO "salvare" VALUES(1249,1255349327328);
INSERT INTO "salvare" VALUES(1250,1255349509734);
INSERT INTO "salvare" VALUES(1251,1255350075921);
INSERT INTO "salvare" VALUES(1252,1255350958000);
INSERT INTO "salvare" VALUES(1253,1255353661312);
INSERT INTO "salvare" VALUES(1254,1255357498515);
INSERT INTO "salvare" VALUES(1255,1255358444343);
INSERT INTO "salvare" VALUES(1256,1255437846140);
INSERT INTO "salvare" VALUES(1257,1255438167562);
INSERT INTO "salvare" VALUES(1258,1255438224609);
INSERT INTO "salvare" VALUES(1259,1255438252250);
INSERT INTO "salvare" VALUES(1260,1255438332875);
INSERT INTO "salvare" VALUES(1261,1255439113687);
INSERT INTO "salvare" VALUES(1262,1255439196328);
INSERT INTO "salvare" VALUES(1263,1255439839093);
INSERT INTO "salvare" VALUES(1264,1255439951828);
INSERT INTO "salvare" VALUES(1265,1255440090156);
INSERT INTO "salvare" VALUES(1266,1255445014859);
INSERT INTO "salvare" VALUES(1267,1255445129250);
INSERT INTO "salvare" VALUES(1268,1255445443125);
INSERT INTO "salvare" VALUES(1269,1255445497625);
INSERT INTO "salvare" VALUES(1270,1255505774828);
INSERT INTO "salvare" VALUES(1271,1255508141609);
INSERT INTO "salvare" VALUES(1272,1255509389671);
INSERT INTO "salvare" VALUES(1273,1255510949468);
INSERT INTO "salvare" VALUES(1274,1255511043906);
INSERT INTO "salvare" VALUES(1275,1255511215421);
INSERT INTO "salvare" VALUES(1276,1255511346140);
INSERT INTO "salvare" VALUES(1277,1255511396359);
INSERT INTO "salvare" VALUES(1278,1255511487593);
INSERT INTO "salvare" VALUES(1279,1255511676328);
INSERT INTO "salvare" VALUES(1280,1255511807859);
INSERT INTO "salvare" VALUES(1281,1255512123734);
INSERT INTO "salvare" VALUES(1282,1255512211828);
INSERT INTO "salvare" VALUES(1283,1255512236734);
INSERT INTO "salvare" VALUES(1284,1255512348750);
INSERT INTO "salvare" VALUES(1285,1255514506421);
INSERT INTO "salvare" VALUES(1286,1255516583781);
INSERT INTO "salvare" VALUES(1287,1255522365062);
INSERT INTO "salvare" VALUES(1288,1255524302359);
INSERT INTO "salvare" VALUES(1289,1255530518203);
INSERT INTO "salvare" VALUES(1290,1255530619531);
INSERT INTO "salvare" VALUES(1291,1255594113218);
INSERT INTO "salvare" VALUES(1292,1255594893281);
INSERT INTO "salvare" VALUES(1293,1255603514718);
INSERT INTO "salvare" VALUES(1294,1255604398250);
INSERT INTO "salvare" VALUES(1295,1255608986671);
INSERT INTO "salvare" VALUES(1296,1255609760140);
INSERT INTO "salvare" VALUES(1297,1255619700750);
INSERT INTO "salvare" VALUES(1298,1255620027843);
INSERT INTO "salvare" VALUES(1299,1255620439093);
INSERT INTO "salvare" VALUES(1300,1255620582062);
INSERT INTO "salvare" VALUES(1301,1255620620718);
INSERT INTO "salvare" VALUES(1302,1255620676968);
INSERT INTO "salvare" VALUES(1303,1255691949468);
INSERT INTO "salvare" VALUES(1304,1255692092890);
INSERT INTO "salvare" VALUES(1305,1255693533375);
INSERT INTO "salvare" VALUES(1306,1255693790546);
INSERT INTO "salvare" VALUES(1307,1255694062750);
INSERT INTO "salvare" VALUES(1308,1255694839562);
INSERT INTO "salvare" VALUES(1309,1255695770328);
INSERT INTO "salvare" VALUES(1310,1255696098625);
INSERT INTO "salvare" VALUES(1311,1255696177734);
INSERT INTO "salvare" VALUES(1312,1255696199843);
INSERT INTO "salvare" VALUES(1313,1255696273328);
INSERT INTO "salvare" VALUES(1314,1255697139125);
INSERT INTO "salvare" VALUES(1315,1255698384000);
INSERT INTO "salvare" VALUES(1316,1255698646000);
INSERT INTO "salvare" VALUES(1317,1255698682609);
INSERT INTO "salvare" VALUES(1318,1255700294359);
INSERT INTO "salvare" VALUES(1319,1255701511859);
INSERT INTO "salvare" VALUES(1320,1255701615625);
INSERT INTO "salvare" VALUES(1321,1255702091171);
INSERT INTO "salvare" VALUES(1322,1255702207375);
INSERT INTO "salvare" VALUES(1323,1255703621953);
INSERT INTO "salvare" VALUES(1324,1255942383421);
INSERT INTO "salvare" VALUES(1325,1255943749421);
INSERT INTO "salvare" VALUES(1326,1255943864031);
INSERT INTO "salvare" VALUES(1327,1255943993687);
INSERT INTO "salvare" VALUES(1328,1255946552406);
INSERT INTO "salvare" VALUES(1329,1255947931000);
INSERT INTO "salvare" VALUES(1330,1255947987250);
INSERT INTO "salvare" VALUES(1331,1255949922500);
INSERT INTO "salvare" VALUES(1332,1255951079625);
INSERT INTO "salvare" VALUES(1333,1255951373312);
INSERT INTO "salvare" VALUES(1334,1255951978812);
INSERT INTO "salvare" VALUES(1335,1255953554000);
INSERT INTO "salvare" VALUES(1336,1255953618078);
INSERT INTO "salvare" VALUES(1337,1255953720921);
INSERT INTO "salvare" VALUES(1338,1255953838125);
INSERT INTO "salvare" VALUES(1339,1255954173453);
INSERT INTO "salvare" VALUES(1340,1255954247250);
INSERT INTO "salvare" VALUES(1341,1255954630906);
INSERT INTO "salvare" VALUES(1342,1255955684859);
INSERT INTO "salvare" VALUES(1343,1255957228312);
INSERT INTO "salvare" VALUES(1344,1255957927437);
INSERT INTO "salvare" VALUES(1345,1255958422968);
INSERT INTO "salvare" VALUES(1346,1255959064437);
INSERT INTO "salvare" VALUES(1347,1255959197093);
INSERT INTO "salvare" VALUES(1348,1255962708671);
INSERT INTO "salvare" VALUES(1349,1255962882984);
INSERT INTO "salvare" VALUES(1350,1255964028406);
INSERT INTO "salvare" VALUES(1351,1255964167187);
INSERT INTO "salvare" VALUES(1352,1255964223640);
INSERT INTO "salvare" VALUES(1353,1255964380015);
INSERT INTO "salvare" VALUES(1354,1256026274265);
INSERT INTO "salvare" VALUES(1355,1256026293234);
INSERT INTO "salvare" VALUES(1356,1256038161031);
INSERT INTO "salvare" VALUES(1357,1256041106234);
INSERT INTO "salvare" VALUES(1358,1256046326828);
INSERT INTO "salvare" VALUES(1359,1256046488984);
INSERT INTO "salvare" VALUES(1360,1256046638187);
INSERT INTO "salvare" VALUES(1361,1256113299109);
INSERT INTO "salvare" VALUES(1362,1256115705078);
INSERT INTO "salvare" VALUES(1363,1256116942390);
INSERT INTO "salvare" VALUES(1364,1256118667968);
INSERT INTO "salvare" VALUES(1365,1256118852625);
INSERT INTO "salvare" VALUES(1366,1256123948093);
INSERT INTO "salvare" VALUES(1367,1256124160687);
INSERT INTO "salvare" VALUES(1368,1256124742406);
INSERT INTO "salvare" VALUES(1369,1256125427921);
INSERT INTO "salvare" VALUES(1370,1256125519515);
INSERT INTO "salvare" VALUES(1371,1256125557531);
INSERT INTO "salvare" VALUES(1372,1256126403875);
INSERT INTO "salvare" VALUES(1373,1256126444843);
INSERT INTO "salvare" VALUES(1374,1256126495859);
INSERT INTO "salvare" VALUES(1375,1256126598500);
INSERT INTO "salvare" VALUES(1376,1256126620328);
INSERT INTO "salvare" VALUES(1377,1256127034906);
INSERT INTO "salvare" VALUES(1378,1256127338328);
INSERT INTO "salvare" VALUES(1379,1256129403093);
INSERT INTO "salvare" VALUES(1380,1256129479234);
INSERT INTO "salvare" VALUES(1381,1256130082015);
INSERT INTO "salvare" VALUES(1382,1256130134734);
INSERT INTO "salvare" VALUES(1383,1256130206203);
INSERT INTO "salvare" VALUES(1384,1256130697000);
INSERT INTO "salvare" VALUES(1385,1256131031656);
INSERT INTO "salvare" VALUES(1386,1256131106468);
INSERT INTO "salvare" VALUES(1387,1256131551281);
INSERT INTO "salvare" VALUES(1388,1256134925093);
INSERT INTO "salvare" VALUES(1389,1256198486843);
INSERT INTO "salvare" VALUES(1390,1256205897968);
INSERT INTO "salvare" VALUES(1391,1256206016531);
INSERT INTO "salvare" VALUES(1392,1256212473328);
INSERT INTO "salvare" VALUES(1393,1256222832640);
INSERT INTO "salvare" VALUES(1394,1256223534140);
INSERT INTO "salvare" VALUES(1395,1256224272234);
INSERT INTO "salvare" VALUES(1396,1256224368265);
INSERT INTO "salvare" VALUES(1397,1256289664937);
INSERT INTO "salvare" VALUES(1398,1256296221125);
INSERT INTO "salvare" VALUES(1399,1256301016546);
INSERT INTO "salvare" VALUES(1400,1256301221234);
INSERT INTO "salvare" VALUES(1401,1256301863718);
INSERT INTO "salvare" VALUES(1402,1256303405250);
INSERT INTO "salvare" VALUES(1403,1256303726687);
INSERT INTO "salvare" VALUES(1404,1256304415843);
INSERT INTO "salvare" VALUES(1405,1256310573031);
INSERT INTO "salvare" VALUES(1406,1256371830703);
INSERT INTO "salvare" VALUES(1407,1256544147953);
INSERT INTO "salvare" VALUES(1408,1256546560953);
INSERT INTO "salvare" VALUES(1409,1256547545859);
INSERT INTO "salvare" VALUES(1410,1256549380203);
INSERT INTO "salvare" VALUES(1411,1256553010359);
INSERT INTO "salvare" VALUES(1412,1256553707312);
INSERT INTO "salvare" VALUES(1413,1256555013765);
INSERT INTO "salvare" VALUES(1414,1256559779187);
INSERT INTO "salvare" VALUES(1415,1256633900812);
INSERT INTO "salvare" VALUES(1416,1256656951968);
INSERT INTO "salvare" VALUES(1417,1256658563250);
INSERT INTO "salvare" VALUES(1418,1256659395687);
INSERT INTO "salvare" VALUES(1419,1256729009890);
INSERT INTO "salvare" VALUES(1420,1256729208953);
INSERT INTO "salvare" VALUES(1421,1256730172703);
INSERT INTO "salvare" VALUES(1422,1256734540890);
INSERT INTO "salvare" VALUES(1423,1256734779640);
INSERT INTO "salvare" VALUES(1424,1256737082109);
INSERT INTO "salvare" VALUES(1425,1256821067171);
INSERT INTO "salvare" VALUES(1426,1256822594437);
INSERT INTO "salvare" VALUES(1427,1256825212562);
INSERT INTO "salvare" VALUES(1428,1256825584015);
INSERT INTO "salvare" VALUES(1429,1256828731078);
INSERT INTO "salvare" VALUES(1430,1256986654359);
INSERT INTO "salvare" VALUES(1431,1256986812062);
INSERT INTO "salvare" VALUES(1432,1256993944312);
INSERT INTO "salvare" VALUES(1433,1256994026828);
INSERT INTO "salvare" VALUES(1434,1256994227593);
INSERT INTO "salvare" VALUES(1435,1256994263671);
INSERT INTO "salvare" VALUES(1436,1256994672171);
INSERT INTO "salvare" VALUES(1437,1256994705937);
INSERT INTO "salvare" VALUES(1438,1256995179968);
INSERT INTO "salvare" VALUES(1439,1257155055140);
INSERT INTO "salvare" VALUES(1440,1257156922859);
INSERT INTO "salvare" VALUES(1441,1257157074812);
INSERT INTO "salvare" VALUES(1442,1257157114562);
INSERT INTO "salvare" VALUES(1443,1257157203109);
INSERT INTO "salvare" VALUES(1444,1257159614187);
INSERT INTO "salvare" VALUES(1445,1257160526250);
INSERT INTO "salvare" VALUES(1446,1257160596671);
INSERT INTO "salvare" VALUES(1447,1257160666359);
INSERT INTO "salvare" VALUES(1448,1257162872625);
INSERT INTO "salvare" VALUES(1449,1257163582531);
INSERT INTO "salvare" VALUES(1450,1257168287281);
INSERT INTO "salvare" VALUES(1451,1257174623781);
INSERT INTO "salvare" VALUES(1452,1257174813359);
INSERT INTO "salvare" VALUES(1453,1257174967437);
INSERT INTO "salvare" VALUES(1454,1257176246703);
INSERT INTO "salvare" VALUES(1455,1257176688125);
INSERT INTO "salvare" VALUES(1456,1257177098890);
INSERT INTO "salvare" VALUES(1457,1257178832625);
INSERT INTO "salvare" VALUES(1458,1257180201093);
INSERT INTO "salvare" VALUES(1459,1257239808343);
INSERT INTO "salvare" VALUES(1460,1257256666250);
INSERT INTO "salvare" VALUES(1461,1257272520609);
INSERT INTO "salvare" VALUES(1462,1257439090750);
INSERT INTO "salvare" VALUES(1463,1257591351359);
INSERT INTO "salvare" VALUES(1464,1257603216421);
INSERT INTO "salvare" VALUES(1465,1257846251609);
INSERT INTO "salvare" VALUES(1466,1257848015625);
INSERT INTO "salvare" VALUES(1467,1257850413593);
INSERT INTO "salvare" VALUES(1468,1257853094156);
INSERT INTO "salvare" VALUES(1469,1257853429015);
INSERT INTO "salvare" VALUES(1470,1257853844171);
INSERT INTO "salvare" VALUES(1471,1257854101359);
INSERT INTO "salvare" VALUES(1472,1257857932906);
INSERT INTO "salvare" VALUES(1473,1257858790359);
INSERT INTO "salvare" VALUES(1474,1257863089359);
INSERT INTO "salvare" VALUES(1475,1257864065046);
INSERT INTO "salvare" VALUES(1476,1257933426953);
INSERT INTO "salvare" VALUES(1477,1257934976078);
INSERT INTO "salvare" VALUES(1478,1257935028578);
INSERT INTO "salvare" VALUES(1479,1257935120640);
INSERT INTO "salvare" VALUES(1480,1257936004390);
INSERT INTO "salvare" VALUES(1481,1257936915812);
INSERT INTO "salvare" VALUES(1482,1257937230875);
INSERT INTO "salvare" VALUES(1483,1257940162796);
INSERT INTO "salvare" VALUES(1484,1257941748609);
INSERT INTO "salvare" VALUES(1485,1257941915250);
INSERT INTO "salvare" VALUES(1486,1257945749781);
INSERT INTO "salvare" VALUES(1487,1257947195437);
INSERT INTO "salvare" VALUES(1488,1257948663312);
INSERT INTO "salvare" VALUES(1489,1257950424296);
INSERT INTO "salvare" VALUES(1490,1257950851000);
INSERT INTO "salvare" VALUES(1491,1257951386390);
INSERT INTO "salvare" VALUES(1492,1257953014796);
INSERT INTO "salvare" VALUES(1493,1257953065890);
INSERT INTO "salvare" VALUES(1494,1257953303031);
INSERT INTO "salvare" VALUES(1495,1257953542031);
INSERT INTO "salvare" VALUES(1496,1258010632125);
INSERT INTO "salvare" VALUES(1497,1258025288687);
INSERT INTO "salvare" VALUES(1498,1258025420546);
INSERT INTO "salvare" VALUES(1499,1258026457453);
INSERT INTO "salvare" VALUES(1500,1258026493296);
INSERT INTO "salvare" VALUES(1501,1258026627375);
INSERT INTO "salvare" VALUES(1502,1258026689265);
INSERT INTO "salvare" VALUES(1503,1258027986968);
INSERT INTO "salvare" VALUES(1504,1258028175781);
INSERT INTO "salvare" VALUES(1505,1258028531265);
INSERT INTO "salvare" VALUES(1506,1258028750218);
INSERT INTO "salvare" VALUES(1507,1258029465781);
INSERT INTO "salvare" VALUES(1508,1258032672187);
INSERT INTO "salvare" VALUES(1509,1258035231515);
INSERT INTO "salvare" VALUES(1510,1258035982546);
INSERT INTO "salvare" VALUES(1511,1258036565359);
INSERT INTO "salvare" VALUES(1512,1258036815265);
INSERT INTO "salvare" VALUES(1513,1258037220437);
INSERT INTO "salvare" VALUES(1514,1258037238250);
INSERT INTO "salvare" VALUES(1515,1258037319671);
INSERT INTO "salvare" VALUES(1516,1258037681937);
INSERT INTO "salvare" VALUES(1517,1258038545312);
INSERT INTO "salvare" VALUES(1518,1258038852734);
INSERT INTO "salvare" VALUES(1519,1258039057203);
INSERT INTO "salvare" VALUES(1520,1258039558968);
INSERT INTO "salvare" VALUES(1521,1258039643968);
INSERT INTO "salvare" VALUES(1522,1258040037937);
INSERT INTO "salvare" VALUES(1523,1258099015593);
INSERT INTO "salvare" VALUES(1524,1258112699000);
INSERT INTO "salvare" VALUES(1525,1258113290453);
INSERT INTO "salvare" VALUES(1526,1258373374375);
INSERT INTO "salvare" VALUES(1527,1258445511046);
INSERT INTO "salvare" VALUES(1528,1258448649750);
INSERT INTO "salvare" VALUES(1529,1258448766812);
INSERT INTO "salvare" VALUES(1530,1258449737437);
INSERT INTO "salvare" VALUES(1531,1258451444703);
INSERT INTO "salvare" VALUES(1532,1258452244203);
INSERT INTO "salvare" VALUES(1533,1258452520421);
INSERT INTO "salvare" VALUES(1534,1258452667453);
INSERT INTO "salvare" VALUES(1535,1258452935921);
INSERT INTO "salvare" VALUES(1536,1258453399687);
INSERT INTO "salvare" VALUES(1537,1258453849718);
INSERT INTO "salvare" VALUES(1538,1258454238140);
INSERT INTO "salvare" VALUES(1539,1258464841140);
INSERT INTO "salvare" VALUES(1540,1258529651718);
INSERT INTO "salvare" VALUES(1541,1258533557406);
INSERT INTO "salvare" VALUES(1542,1258544261859);
INSERT INTO "salvare" VALUES(1543,1258544788921);
INSERT INTO "salvare" VALUES(1544,1258549680625);
INSERT INTO "salvare" VALUES(1545,1258551436281);
INSERT INTO "salvare" VALUES(1546,1258552582562);
INSERT INTO "salvare" VALUES(1547,1258554240375);
INSERT INTO "salvare" VALUES(1548,1258556551062);
INSERT INTO "salvare" VALUES(1549,1258557922062);
INSERT INTO "salvare" VALUES(1550,1258558191046);
INSERT INTO "salvare" VALUES(1551,1258616650359);
INSERT INTO "salvare" VALUES(1552,1258618839968);
INSERT INTO "salvare" VALUES(1553,1258622280468);
INSERT INTO "salvare" VALUES(1554,1258622334953);
INSERT INTO "salvare" VALUES(1555,1258622346265);
INSERT INTO "salvare" VALUES(1556,1258623415546);
INSERT INTO "salvare" VALUES(1557,1258623593406);
INSERT INTO "salvare" VALUES(1558,1258624264468);
INSERT INTO "salvare" VALUES(1559,1258624406562);
INSERT INTO "salvare" VALUES(1560,1258626478781);
INSERT INTO "salvare" VALUES(1561,1258627299984);
INSERT INTO "salvare" VALUES(1562,1258627367468);
INSERT INTO "salvare" VALUES(1563,1258628716859);
INSERT INTO "salvare" VALUES(1564,1258628814265);
INSERT INTO "salvare" VALUES(1565,1258628903578);
INSERT INTO "salvare" VALUES(1566,1258629004046);
INSERT INTO "salvare" VALUES(1567,1258629505859);
INSERT INTO "salvare" VALUES(1568,1258631002781);
INSERT INTO "salvare" VALUES(1569,1258631143656);
INSERT INTO "salvare" VALUES(1570,1258634091500);
INSERT INTO "salvare" VALUES(1571,1258635252968);
INSERT INTO "salvare" VALUES(1572,1258635574031);
INSERT INTO "salvare" VALUES(1573,1258636839640);
INSERT INTO "salvare" VALUES(1574,1258638269593);
INSERT INTO "salvare" VALUES(1575,1258642602531);
INSERT INTO "salvare" VALUES(1576,1258643358531);
INSERT INTO "salvare" VALUES(1577,1258645985625);
INSERT INTO "salvare" VALUES(1578,1258702082562);
INSERT INTO "salvare" VALUES(1579,1258705005296);
INSERT INTO "salvare" VALUES(1580,1258706028640);
INSERT INTO "salvare" VALUES(1581,1258711179703);
INSERT INTO "salvare" VALUES(1582,1258711227781);
INSERT INTO "salvare" VALUES(1583,1258711562328);
INSERT INTO "salvare" VALUES(1584,1258713613937);
INSERT INTO "salvare" VALUES(1585,1258713727906);
INSERT INTO "salvare" VALUES(1586,1258713905703);
INSERT INTO "salvare" VALUES(1587,1258723387062);
INSERT INTO "salvare" VALUES(1588,1258723650093);
INSERT INTO "salvare" VALUES(1589,1258730574640);
INSERT INTO "salvare" VALUES(1590,1258731722203);
INSERT INTO "salvare" VALUES(1591,1258732064000);
INSERT INTO "salvare" VALUES(1592,1258963817609);
INSERT INTO "salvare" VALUES(1593,1258965032593);
INSERT INTO "salvare" VALUES(1594,1258965630562);
INSERT INTO "salvare" VALUES(1595,1258985634171);
INSERT INTO "salvare" VALUES(1596,1258987023125);
INSERT INTO "salvare" VALUES(1597,1258989340343);
INSERT INTO "salvare" VALUES(1598,1258989407046);
INSERT INTO "salvare" VALUES(1599,1259048764890);
INSERT INTO "salvare" VALUES(1600,1259051857593);
INSERT INTO "salvare" VALUES(1601,1259056622281);
INSERT INTO "salvare" VALUES(1602,1259068914796);
INSERT INTO "salvare" VALUES(1603,1259068980156);
INSERT INTO "salvare" VALUES(1604,1259069927359);
INSERT INTO "salvare" VALUES(1605,1259071696656);
INSERT INTO "salvare" VALUES(1606,1259071735515);
INSERT INTO "salvare" VALUES(1607,1259073068109);
INSERT INTO "salvare" VALUES(1608,1259076553484);
INSERT INTO "salvare" VALUES(1609,1259076731828);
INSERT INTO "salvare" VALUES(1610,1259078109000);
INSERT INTO "salvare" VALUES(1611,1259078350734);
INSERT INTO "salvare" VALUES(1612,1259136117140);
INSERT INTO "salvare" VALUES(1613,1259137432921);
INSERT INTO "salvare" VALUES(1614,1259143228265);
INSERT INTO "salvare" VALUES(1615,1259144417703);
INSERT INTO "salvare" VALUES(1616,1259144453921);
INSERT INTO "salvare" VALUES(1617,1259144484046);
INSERT INTO "salvare" VALUES(1618,1259144498468);
INSERT INTO "salvare" VALUES(1619,1259145373156);
INSERT INTO "salvare" VALUES(1620,1259147132906);
INSERT INTO "salvare" VALUES(1621,1259147166984);
INSERT INTO "salvare" VALUES(1622,1259153455500);
INSERT INTO "salvare" VALUES(1623,1259230743343);
INSERT INTO "salvare" VALUES(1624,1259237651406);
INSERT INTO "salvare" VALUES(1625,1259243767812);
INSERT INTO "salvare" VALUES(1626,1259244120265);
INSERT INTO "salvare" VALUES(1627,1259244180140);
INSERT INTO "salvare" VALUES(1628,1259247038437);
INSERT INTO "salvare" VALUES(1629,1259248373218);
INSERT INTO "salvare" VALUES(1630,1259310763234);
INSERT INTO "salvare" VALUES(1631,1259315888875);
INSERT INTO "salvare" VALUES(1632,1259316788500);
INSERT INTO "salvare" VALUES(1633,1259316921125);
INSERT INTO "salvare" VALUES(1634,1259317598890);
INSERT INTO "salvare" VALUES(1635,1259318978593);
INSERT INTO "salvare" VALUES(1636,1259569622484);
INSERT INTO "salvare" VALUES(1637,1259569903796);
INSERT INTO "salvare" VALUES(1638,1259569985140);
INSERT INTO "salvare" VALUES(1639,1259570225156);
INSERT INTO "salvare" VALUES(1640,1259572458734);
INSERT INTO "salvare" VALUES(1641,1259573564796);
INSERT INTO "salvare" VALUES(1642,1259577107171);
INSERT INTO "salvare" VALUES(1643,1259582285000);
INSERT INTO "salvare" VALUES(1644,1259582577359);
INSERT INTO "salvare" VALUES(1645,1259582698109);
INSERT INTO "salvare" VALUES(1646,1259583340593);
INSERT INTO "salvare" VALUES(1647,1259583767328);
INSERT INTO "salvare" VALUES(1648,1259585443531);
INSERT INTO "salvare" VALUES(1649,1259585747187);
INSERT INTO "salvare" VALUES(1650,1259585811078);
INSERT INTO "salvare" VALUES(1651,1259586459937);
INSERT INTO "salvare" VALUES(1652,1259588467906);
INSERT INTO "salvare" VALUES(1653,1259588621015);
INSERT INTO "salvare" VALUES(1654,1259589513453);
INSERT INTO "salvare" VALUES(1655,1259589579921);
INSERT INTO "salvare" VALUES(1656,1259589994296);
INSERT INTO "salvare" VALUES(1657,1259591344140);
INSERT INTO "salvare" VALUES(1658,1259591473078);
INSERT INTO "salvare" VALUES(1659,1259592376296);
INSERT INTO "salvare" VALUES(1660,1259593050421);
INSERT INTO "salvare" VALUES(1661,1259593347062);
INSERT INTO "salvare" VALUES(1662,1259593432812);
INSERT INTO "salvare" VALUES(1663,1259594275421);
INSERT INTO "salvare" VALUES(1664,1259595424375);
INSERT INTO "salvare" VALUES(1665,1259595783703);
INSERT INTO "salvare" VALUES(1666,1259595843750);
INSERT INTO "salvare" VALUES(1667,1259596090437);
INSERT INTO "salvare" VALUES(1668,1259653107562);
INSERT INTO "salvare" VALUES(1669,1259656294281);
INSERT INTO "salvare" VALUES(1670,1259656493281);
INSERT INTO "salvare" VALUES(1671,1259656651031);
INSERT INTO "salvare" VALUES(1672,1259656667843);
INSERT INTO "salvare" VALUES(1673,1259656833484);
INSERT INTO "salvare" VALUES(1674,1259656855359);
INSERT INTO "salvare" VALUES(1675,1259657000000);
INSERT INTO "salvare" VALUES(1676,1259657026406);
INSERT INTO "salvare" VALUES(1677,1259657425468);
INSERT INTO "salvare" VALUES(1678,1259657891734);
INSERT INTO "salvare" VALUES(1679,1259658677093);
INSERT INTO "salvare" VALUES(1680,1259662761656);
INSERT INTO "salvare" VALUES(1681,1259668077562);
INSERT INTO "salvare" VALUES(1682,1259670082343);
INSERT INTO "salvare" VALUES(1683,1259670170718);
INSERT INTO "salvare" VALUES(1684,1259670341375);
INSERT INTO "salvare" VALUES(1685,1259671871671);
INSERT INTO "salvare" VALUES(1686,1259672414750);
INSERT INTO "salvare" VALUES(1687,1259673059171);
INSERT INTO "salvare" VALUES(1688,1259673704875);
INSERT INTO "salvare" VALUES(1689,1259674249500);
INSERT INTO "salvare" VALUES(1690,1259674955937);
INSERT INTO "salvare" VALUES(1691,1259677936859);
INSERT INTO "salvare" VALUES(1692,1259677952796);
INSERT INTO "salvare" VALUES(1693,1259678080781);
INSERT INTO "salvare" VALUES(1694,1259678416140);
INSERT INTO "salvare" VALUES(1695,1259678715687);
INSERT INTO "salvare" VALUES(1696,1259679392062);
INSERT INTO "salvare" VALUES(1697,1259679773781);
INSERT INTO "salvare" VALUES(1698,1259679997406);
INSERT INTO "salvare" VALUES(1699,1259680065046);
INSERT INTO "salvare" VALUES(1700,1259680501718);
INSERT INTO "salvare" VALUES(1701,1259680884703);
INSERT INTO "salvare" VALUES(1702,1259681282640);
INSERT INTO "salvare" VALUES(1703,1259681602265);
INSERT INTO "salvare" VALUES(1704,1259741685171);
INSERT INTO "salvare" VALUES(1705,1259747928812);
INSERT INTO "salvare" VALUES(1706,1259751214656);
INSERT INTO "salvare" VALUES(1707,1259758184093);
INSERT INTO "salvare" VALUES(1708,1259758529859);
INSERT INTO "salvare" VALUES(1709,1259758731687);
INSERT INTO "salvare" VALUES(1710,1259759089593);
INSERT INTO "salvare" VALUES(1711,1259761395890);
INSERT INTO "salvare" VALUES(1712,1259761456093);
INSERT INTO "salvare" VALUES(1713,1259761940953);
INSERT INTO "salvare" VALUES(1714,1259765055937);
INSERT INTO "salvare" VALUES(1715,1259765350906);
INSERT INTO "salvare" VALUES(1716,1259769608328);
INSERT INTO "salvare" VALUES(1717,1259826955296);
INSERT INTO "salvare" VALUES(1718,1259828532453);
INSERT INTO "salvare" VALUES(1719,1259842698140);
INSERT INTO "salvare" VALUES(1720,1259847057343);
INSERT INTO "salvare" VALUES(1721,1259848202375);
INSERT INTO "salvare" VALUES(1722,1259848649078);
INSERT INTO "salvare" VALUES(1723,1259849098906);
INSERT INTO "salvare" VALUES(1724,1259849636750);
INSERT INTO "salvare" VALUES(1725,1259850218734);
INSERT INTO "salvare" VALUES(1726,1259853689156);
INSERT INTO "salvare" VALUES(1727,1259854844718);
INSERT INTO "salvare" VALUES(1728,1259914089812);
INSERT INTO "salvare" VALUES(1729,1259915024890);
INSERT INTO "salvare" VALUES(1730,1259915198828);
INSERT INTO "salvare" VALUES(1731,1259917377015);
INSERT INTO "salvare" VALUES(1732,1259918421109);
INSERT INTO "salvare" VALUES(1733,1259920758140);
INSERT INTO "salvare" VALUES(1734,1259921194609);
INSERT INTO "salvare" VALUES(1735,1259925843203);
INSERT INTO "salvare" VALUES(1736,1259926002765);
INSERT INTO "salvare" VALUES(1737,1259928360093);
INSERT INTO "salvare" VALUES(1738,1259935459093);
INSERT INTO "salvare" VALUES(1739,1259935644265);
INSERT INTO "salvare" VALUES(1740,1259937235828);
INSERT INTO "salvare" VALUES(1741,1259937671062);
INSERT INTO "salvare" VALUES(1742,1259940119906);
INSERT INTO "salvare" VALUES(1743,1259940897312);
INSERT INTO "salvare" VALUES(1744,1259941607578);
INSERT INTO "salvare" VALUES(1745,1259941970718);
INSERT INTO "salvare" VALUES(1746,1259942428578);
INSERT INTO "salvare" VALUES(1747,1259943464046);
INSERT INTO "salvare" VALUES(1748,1259943656000);
INSERT INTO "salvare" VALUES(1749,1259944325984);
INSERT INTO "salvare" VALUES(1750,1260174264625);
INSERT INTO "salvare" VALUES(1751,1260188159359);
INSERT INTO "salvare" VALUES(1752,1260188757031);
INSERT INTO "salvare" VALUES(1753,1260188937015);
INSERT INTO "salvare" VALUES(1754,1260189206859);
INSERT INTO "salvare" VALUES(1755,1260190141281);
INSERT INTO "salvare" VALUES(1756,1260190254656);
INSERT INTO "salvare" VALUES(1757,1260190741468);
INSERT INTO "salvare" VALUES(1758,1260191022406);
INSERT INTO "salvare" VALUES(1759,1260191849578);
INSERT INTO "salvare" VALUES(1760,1260199064171);
INSERT INTO "salvare" VALUES(1761,1260199259656);
INSERT INTO "salvare" VALUES(1762,1260266483625);
INSERT INTO "salvare" VALUES(1763,1260272223296);
INSERT INTO "salvare" VALUES(1764,1260280778640);
INSERT INTO "salvare" VALUES(1765,1260288451140);
INSERT INTO "salvare" VALUES(1766,1260288651203);
INSERT INTO "salvare" VALUES(1767,1260347797843);
INSERT INTO "salvare" VALUES(1768,1260350608671);
INSERT INTO "salvare" VALUES(1769,1260366148421);
INSERT INTO "salvare" VALUES(1770,1260433560109);
INSERT INTO "salvare" VALUES(1771,1260435788437);
INSERT INTO "salvare" VALUES(1772,1260444194843);
INSERT INTO "salvare" VALUES(1773,1260454573312);
INSERT INTO "salvare" VALUES(1774,1260454628078);
INSERT INTO "salvare" VALUES(1775,1260778907968);
INSERT INTO "salvare" VALUES(1776,1260781336640);
INSERT INTO "salvare" VALUES(1777,1260781930312);
INSERT INTO "salvare" VALUES(1778,1260782046968);
INSERT INTO "salvare" VALUES(1779,1260783379015);
INSERT INTO "salvare" VALUES(1780,1260786214046);
INSERT INTO "salvare" VALUES(1781,1260786714593);
INSERT INTO "salvare" VALUES(1782,1260789977296);
INSERT INTO "salvare" VALUES(1783,1260790691187);
INSERT INTO "salvare" VALUES(1784,1260792737796);
INSERT INTO "salvare" VALUES(1785,1260793481437);
INSERT INTO "salvare" VALUES(1786,1260796205015);
INSERT INTO "salvare" VALUES(1787,1260796464500);
INSERT INTO "salvare" VALUES(1788,1260799846453);
INSERT INTO "salvare" VALUES(1789,1260805248625);
INSERT INTO "salvare" VALUES(1790,1260806023578);
INSERT INTO "salvare" VALUES(1791,1260881945109);
INSERT INTO "salvare" VALUES(1792,1260881977703);
INSERT INTO "salvare" VALUES(1793,1260883608187);
INSERT INTO "salvare" VALUES(1794,1260883698937);
INSERT INTO "salvare" VALUES(1795,1260887225687);
INSERT INTO "salvare" VALUES(1796,1260888712390);
INSERT INTO "salvare" VALUES(1797,1260889528984);
INSERT INTO "salvare" VALUES(1798,1260889744515);
INSERT INTO "salvare" VALUES(1799,1260891368921);
INSERT INTO "salvare" VALUES(1800,1260892178156);
INSERT INTO "salvare" VALUES(1801,1260892505140);
INSERT INTO "salvare" VALUES(1802,1260892930421);
INSERT INTO "salvare" VALUES(1803,1260954532593);
INSERT INTO "salvare" VALUES(1804,1260955118187);
INSERT INTO "salvare" VALUES(1805,1260955449296);
INSERT INTO "salvare" VALUES(1806,1260969474125);
INSERT INTO "salvare" VALUES(1807,1260971345515);
INSERT INTO "salvare" VALUES(1808,1260972135156);
INSERT INTO "salvare" VALUES(1809,1260972573031);
INSERT INTO "salvare" VALUES(1810,1260975011093);
INSERT INTO "salvare" VALUES(1811,1260976696765);
INSERT INTO "salvare" VALUES(1812,1260976850406);
INSERT INTO "salvare" VALUES(1813,1261037404500);
INSERT INTO "salvare" VALUES(1814,1261038659750);
INSERT INTO "salvare" VALUES(1815,1261042440578);
INSERT INTO "salvare" VALUES(1816,1261042722484);
INSERT INTO "salvare" VALUES(1817,1261044478687);
INSERT INTO "salvare" VALUES(1818,1261056687937);
INSERT INTO "salvare" VALUES(1819,1261057174828);
INSERT INTO "salvare" VALUES(1820,1261059166781);
INSERT INTO "salvare" VALUES(1821,1261059519640);
INSERT INTO "salvare" VALUES(1822,1261060912406);
INSERT INTO "salvare" VALUES(1823,1261129066359);
INSERT INTO "salvare" VALUES(1824,1261129909609);
INSERT INTO "salvare" VALUES(1825,1261132822718);
INSERT INTO "salvare" VALUES(1826,1261137081875);
INSERT INTO "salvare" VALUES(1827,1261139596281);
INSERT INTO "salvare" VALUES(1828,1261141359250);
INSERT INTO "salvare" VALUES(1829,1261142206500);
INSERT INTO "salvare" VALUES(1830,1261145339390);
INSERT INTO "salvare" VALUES(1831,1261146960093);
INSERT INTO "salvare" VALUES(1832,1261149616515);
INSERT INTO "salvare" VALUES(1833,1261151106000);
INSERT INTO "salvare" VALUES(1834,1261385296765);
INSERT INTO "salvare" VALUES(1835,1261400913718);
INSERT INTO "salvare" VALUES(1836,1261403387625);
INSERT INTO "salvare" VALUES(1837,1261410488921);
INSERT INTO "salvare" VALUES(1838,1261486803296);
INSERT INTO "salvare" VALUES(1839,1261489129531);
INSERT INTO "salvare" VALUES(1840,1261489853312);
INSERT INTO "salvare" VALUES(1841,1261556890906);
INSERT INTO "salvare" VALUES(1842,1261566913328);
INSERT INTO "salvare" VALUES(1843,1261567418546);
INSERT INTO "salvare" VALUES(1844,1261569274546);
INSERT INTO "salvare" VALUES(1845,1261571418015);
INSERT INTO "salvare" VALUES(1846,1261579484921);
INSERT INTO "salvare" VALUES(1847,1261579605671);
INSERT INTO "salvare" VALUES(1848,1261579890500);
INSERT INTO "salvare" VALUES(1849,1261991441406);
INSERT INTO "salvare" VALUES(1850,1261993204703);
INSERT INTO "salvare" VALUES(1851,1261993718687);
INSERT INTO "salvare" VALUES(1852,1261996323109);
INSERT INTO "salvare" VALUES(1853,1261999367578);
INSERT INTO "salvare" VALUES(1854,1262000896531);
INSERT INTO "salvare" VALUES(1855,1262002425812);
INSERT INTO "salvare" VALUES(1856,1262003716546);
INSERT INTO "salvare" VALUES(1857,1262006948250);
INSERT INTO "salvare" VALUES(1858,1262007940187);
INSERT INTO "salvare" VALUES(1859,1262009958703);
INSERT INTO "salvare" VALUES(1860,1262010125171);
INSERT INTO "salvare" VALUES(1861,1262010335968);
INSERT INTO "salvare" VALUES(1862,1262010495546);
INSERT INTO "salvare" VALUES(1863,1262010733921);
INSERT INTO "salvare" VALUES(1864,1262011991140);
INSERT INTO "salvare" VALUES(1865,1262012086687);
INSERT INTO "salvare" VALUES(1866,1262013406656);
INSERT INTO "salvare" VALUES(1867,1262014305750);
INSERT INTO "salvare" VALUES(1868,1262014739328);
INSERT INTO "salvare" VALUES(1869,1262014939781);
INSERT INTO "salvare" VALUES(1870,1262015041421);
INSERT INTO "salvare" VALUES(1871,1262015105750);
INSERT INTO "salvare" VALUES(1872,1262015335171);
INSERT INTO "salvare" VALUES(1873,1262015698640);
INSERT INTO "salvare" VALUES(1874,1262015985984);
INSERT INTO "salvare" VALUES(1875,1262016146609);
INSERT INTO "salvare" VALUES(1876,1262016412843);
INSERT INTO "salvare" VALUES(1877,1262016488812);
INSERT INTO "salvare" VALUES(1878,1262016588796);
INSERT INTO "salvare" VALUES(1879,1262016671062);
INSERT INTO "salvare" VALUES(1880,1262016726062);
INSERT INTO "salvare" VALUES(1881,1262016903609);
INSERT INTO "salvare" VALUES(1882,1262017111000);
INSERT INTO "salvare" VALUES(1883,1262017184734);
INSERT INTO "salvare" VALUES(1884,1262017226656);
INSERT INTO "salvare" VALUES(1885,1262073320031);
INSERT INTO "salvare" VALUES(1886,1262075963921);
INSERT INTO "salvare" VALUES(1887,1262076049875);
INSERT INTO "salvare" VALUES(1888,1262076580437);
INSERT INTO "salvare" VALUES(1889,1262076864750);
INSERT INTO "salvare" VALUES(1890,1262077102234);
INSERT INTO "salvare" VALUES(1891,1262079260015);
INSERT INTO "salvare" VALUES(1892,1262079636484);
INSERT INTO "salvare" VALUES(1893,1262081602609);
INSERT INTO "salvare" VALUES(1894,1262091477734);
INSERT INTO "salvare" VALUES(1895,1262091859484);
INSERT INTO "salvare" VALUES(1896,1262093897296);
INSERT INTO "salvare" VALUES(1897,1262096188968);
INSERT INTO "salvare" VALUES(1898,1262096293906);
INSERT INTO "salvare" VALUES(1899,1262100127468);
INSERT INTO "salvare" VALUES(1900,1262162979851);
INSERT INTO "salvare" VALUES(1901,1262165287742);
INSERT INTO "salvare" VALUES(1902,1262166128133);
INSERT INTO "salvare" VALUES(1903,1262168728508);
INSERT INTO "salvare" VALUES(1904,1262183127586);
INSERT INTO "salvare" VALUES(1905,1262593927171);
INSERT INTO "salvare" VALUES(1906,1262601539234);
INSERT INTO "salvare" VALUES(1907,1262611697906);
INSERT INTO "salvare" VALUES(1908,1262612513640);
INSERT INTO "salvare" VALUES(1909,1262614408750);
INSERT INTO "salvare" VALUES(1910,1262614515234);
INSERT INTO "salvare" VALUES(1911,1262616930718);
INSERT INTO "salvare" VALUES(1912,1262617936828);
INSERT INTO "salvare" VALUES(1913,1262618055671);
INSERT INTO "salvare" VALUES(1914,1262618259656);
INSERT INTO "salvare" VALUES(1915,1262620130953);
INSERT INTO "salvare" VALUES(1916,1262679022718);
INSERT INTO "salvare" VALUES(1917,1262684392937);
INSERT INTO "salvare" VALUES(1918,1262687968437);
INSERT INTO "salvare" VALUES(1919,1262691477328);
INSERT INTO "salvare" VALUES(1920,1262698151328);
INSERT INTO "salvare" VALUES(1921,1262699626375);
INSERT INTO "salvare" VALUES(1922,1262701413734);
INSERT INTO "salvare" VALUES(1923,1262703540109);
INSERT INTO "salvare" VALUES(1924,1262705602828);
INSERT INTO "salvare" VALUES(1925,1262768022171);
INSERT INTO "salvare" VALUES(1926,1262771032608);
INSERT INTO "salvare" VALUES(1927,1262773448546);
INSERT INTO "salvare" VALUES(1928,1262783449405);
INSERT INTO "salvare" VALUES(1929,1262786108030);
INSERT INTO "salvare" VALUES(1930,1262790419342);
INSERT INTO "salvare" VALUES(1931,1262790809952);
INSERT INTO "salvare" VALUES(1932,1262790905686);
INSERT INTO "salvare" VALUES(1933,1262791003077);
INSERT INTO "salvare" VALUES(1934,1262791658733);
INSERT INTO "salvare" VALUES(1935,1262792522983);
INSERT INTO "salvare" VALUES(1936,1262793005467);
INSERT INTO "salvare" VALUES(1937,1262793192155);
INSERT INTO "salvare" VALUES(1938,1262793352749);
INSERT INTO "salvare" VALUES(1939,1262793952452);
INSERT INTO "salvare" VALUES(1940,1262794801155);
INSERT INTO "salvare" VALUES(1941,1262795383327);
INSERT INTO "salvare" VALUES(1942,1262851407546);
INSERT INTO "salvare" VALUES(1943,1262855464453);
INSERT INTO "salvare" VALUES(1944,1262855927421);
INSERT INTO "salvare" VALUES(1945,1262857198859);
INSERT INTO "salvare" VALUES(1946,1262857346109);
INSERT INTO "salvare" VALUES(1947,1262858160687);
INSERT INTO "salvare" VALUES(1948,1262865749609);
INSERT INTO "salvare" VALUES(1949,1262867880187);
INSERT INTO "salvare" VALUES(1950,1262873192500);
INSERT INTO "salvare" VALUES(1951,1262878174375);
INSERT INTO "salvare" VALUES(1952,1262878431843);
INSERT INTO "salvare" VALUES(1953,1262878854171);
INSERT INTO "salvare" VALUES(1954,1262879400812);
INSERT INTO "salvare" VALUES(1955,1262880074375);
INSERT INTO "salvare" VALUES(1956,1262880608078);
INSERT INTO "salvare" VALUES(1957,1262940001187);
INSERT INTO "salvare" VALUES(1958,1262943447500);
INSERT INTO "salvare" VALUES(1959,1262943853593);
INSERT INTO "salvare" VALUES(1960,1262945055062);
INSERT INTO "salvare" VALUES(1961,1262953696703);
INSERT INTO "salvare" VALUES(1962,1262955173312);
INSERT INTO "salvare" VALUES(1963,1262957517796);
INSERT INTO "salvare" VALUES(1964,1263198251593);
INSERT INTO "salvare" VALUES(1965,1263202031765);
INSERT INTO "salvare" VALUES(1966,1263205226875);
INSERT INTO "salvare" VALUES(1967,1263214427531);
INSERT INTO "salvare" VALUES(1968,1263216364562);
INSERT INTO "salvare" VALUES(1969,1263217018921);
INSERT INTO "salvare" VALUES(1970,1263217636703);
INSERT INTO "salvare" VALUES(1971,1263218443625);
INSERT INTO "salvare" VALUES(1972,1263221689859);
INSERT INTO "salvare" VALUES(1973,1263221844421);
INSERT INTO "salvare" VALUES(1974,1263222608218);
INSERT INTO "salvare" VALUES(1975,1263224202937);
INSERT INTO "salvare" VALUES(1976,1263224440125);
INSERT INTO "salvare" VALUES(1977,1263224512984);
INSERT INTO "salvare" VALUES(1978,1263224656890);
INSERT INTO "salvare" VALUES(1979,1263224814843);
INSERT INTO "salvare" VALUES(1980,1263283853906);
INSERT INTO "salvare" VALUES(1981,1263288122031);
INSERT INTO "salvare" VALUES(1982,1263289789484);
INSERT INTO "salvare" VALUES(1983,1263289976984);
INSERT INTO "salvare" VALUES(1984,1263291374593);
INSERT INTO "salvare" VALUES(1985,1263311218609);
INSERT INTO "salvare" VALUES(1986,1263376646555);
INSERT INTO "salvare" VALUES(1987,1263378263383);
INSERT INTO "salvare" VALUES(1988,1263378761727);
INSERT INTO "salvare" VALUES(1989,1263382459415);
INSERT INTO "salvare" VALUES(1990,1263382540415);
INSERT INTO "salvare" VALUES(1991,1263382656461);
INSERT INTO "salvare" VALUES(1992,1263384468883);
INSERT INTO "salvare" VALUES(1993,1263385093790);
INSERT INTO "salvare" VALUES(1994,1263388291415);
INSERT INTO "salvare" VALUES(1995,1263389100290);
INSERT INTO "salvare" VALUES(1996,1263390326805);
INSERT INTO "salvare" VALUES(1997,1263390916790);
INSERT INTO "salvare" VALUES(1998,1263391426149);
INSERT INTO "salvare" VALUES(1999,1263391714586);
INSERT INTO "salvare" VALUES(2000,1263395161102);
INSERT INTO "salvare" VALUES(2001,1263395302243);
INSERT INTO "salvare" VALUES(2002,1263395754086);
INSERT INTO "salvare" VALUES(2003,1263396555758);
INSERT INTO "salvare" VALUES(2004,1263398820274);
INSERT INTO "salvare" VALUES(2005,1263458553343);
INSERT INTO "salvare" VALUES(2006,1263462335906);
INSERT INTO "salvare" VALUES(2007,1263463417984);
INSERT INTO "salvare" VALUES(2008,1263466201265);
INSERT INTO "salvare" VALUES(2009,1263466326078);
INSERT INTO "salvare" VALUES(2010,1263467119000);
INSERT INTO "salvare" VALUES(2011,1263467233234);
INSERT INTO "salvare" VALUES(2012,1263470828640);
INSERT INTO "salvare" VALUES(2013,1263472690593);
INSERT INTO "salvare" VALUES(2014,1263474159593);
INSERT INTO "salvare" VALUES(2015,1263475885875);
INSERT INTO "salvare" VALUES(2016,1263478114484);
INSERT INTO "salvare" VALUES(2017,1263478195890);
INSERT INTO "salvare" VALUES(2018,1263543662437);
INSERT INTO "salvare" VALUES(2019,1263546414296);
INSERT INTO "salvare" VALUES(2020,1263547639406);
INSERT INTO "salvare" VALUES(2021,1263550436828);
INSERT INTO "salvare" VALUES(2022,1263550567359);
INSERT INTO "salvare" VALUES(2023,1263553198234);
INSERT INTO "salvare" VALUES(2024,1263553916390);
INSERT INTO "salvare" VALUES(2025,1263554394703);
INSERT INTO "salvare" VALUES(2026,1263554776062);
INSERT INTO "salvare" VALUES(2027,1263555518703);
INSERT INTO "salvare" VALUES(2028,1263556672578);
INSERT INTO "salvare" VALUES(2029,1263557073156);
INSERT INTO "salvare" VALUES(2030,1263558447453);
INSERT INTO "salvare" VALUES(2031,1263558957859);
INSERT INTO "salvare" VALUES(2032,1263559437593);
INSERT INTO "salvare" VALUES(2033,1263559702609);
INSERT INTO "salvare" VALUES(2034,1263561536156);
INSERT INTO "salvare" VALUES(2035,1263562115609);
INSERT INTO "salvare" VALUES(2036,1263566005640);
INSERT INTO "salvare" VALUES(2037,1263572847859);
INSERT INTO "salvare" VALUES(2038,1263574852578);
INSERT INTO "salvare" VALUES(2039,1263575128437);
INSERT INTO "salvare" VALUES(2040,1263575291390);
INSERT INTO "salvare" VALUES(2041,1263808384765);
INSERT INTO "salvare" VALUES(2042,1263816429609);
INSERT INTO "salvare" VALUES(2043,1263816483265);
INSERT INTO "salvare" VALUES(2044,1263823957875);
INSERT INTO "salvare" VALUES(2045,1263825039968);
INSERT INTO "salvare" VALUES(2046,1263829162453);
INSERT INTO "salvare" VALUES(2047,1263829966187);
INSERT INTO "salvare" VALUES(2048,1263830667265);
INSERT INTO "salvare" VALUES(2049,1263888339859);
INSERT INTO "salvare" VALUES(2050,1263890213187);
INSERT INTO "salvare" VALUES(2051,1263890721171);
INSERT INTO "salvare" VALUES(2052,1263890776359);
INSERT INTO "salvare" VALUES(2053,1263891328015);
INSERT INTO "salvare" VALUES(2054,1263891394312);
INSERT INTO "salvare" VALUES(2055,1263892085843);
INSERT INTO "salvare" VALUES(2056,1263892321515);
INSERT INTO "salvare" VALUES(2057,1263894563968);
INSERT INTO "salvare" VALUES(2058,1263896351296);
INSERT INTO "salvare" VALUES(2059,1263900440390);
INSERT INTO "salvare" VALUES(2060,1263904031859);
INSERT INTO "salvare" VALUES(2061,1263906179562);
INSERT INTO "salvare" VALUES(2062,1263907286562);
INSERT INTO "salvare" VALUES(2063,1263908409281);
INSERT INTO "salvare" VALUES(2064,1263913424265);
INSERT INTO "salvare" VALUES(2065,1263915871453);
INSERT INTO "salvare" VALUES(2066,1263916201390);
INSERT INTO "salvare" VALUES(2067,1263918513625);
INSERT INTO "salvare" VALUES(2068,1263918629781);
INSERT INTO "salvare" VALUES(2069,1263978236992);
INSERT INTO "salvare" VALUES(2070,1263978631039);
INSERT INTO "salvare" VALUES(2071,1263978940211);
INSERT INTO "salvare" VALUES(2072,1263979098445);
INSERT INTO "salvare" VALUES(2073,1263979182211);
INSERT INTO "salvare" VALUES(2074,1263979236976);
INSERT INTO "salvare" VALUES(2075,1263979441648);
INSERT INTO "salvare" VALUES(2076,1263980810664);
INSERT INTO "salvare" VALUES(2077,1263981165742);
INSERT INTO "salvare" VALUES(2078,1263982241101);
INSERT INTO "salvare" VALUES(2079,1263982373242);
INSERT INTO "salvare" VALUES(2080,1263982845180);
INSERT INTO "salvare" VALUES(2081,1263984109070);
INSERT INTO "salvare" VALUES(2082,1263989939961);
INSERT INTO "salvare" VALUES(2083,1263994593320);
INSERT INTO "salvare" VALUES(2084,1263998030992);
INSERT INTO "salvare" VALUES(2085,1264066038296);
INSERT INTO "salvare" VALUES(2086,1264067302281);
INSERT INTO "salvare" VALUES(2087,1264069720843);
INSERT INTO "salvare" VALUES(2088,1264080489500);
INSERT INTO "salvare" VALUES(2089,1264082043828);
INSERT INTO "salvare" VALUES(2090,1264089708765);
INSERT INTO "salvare" VALUES(2091,1264090489125);
INSERT INTO "salvare" VALUES(2092,1264091053078);
INSERT INTO "salvare" VALUES(2093,1264149902062);
INSERT INTO "salvare" VALUES(2094,1264155867671);
INSERT INTO "salvare" VALUES(2095,1264156540046);
INSERT INTO "salvare" VALUES(2096,1264156621437);
INSERT INTO "salvare" VALUES(2097,1264156944203);
INSERT INTO "salvare" VALUES(2098,1264157548468);
INSERT INTO "salvare" VALUES(2099,1264159643546);
INSERT INTO "salvare" VALUES(2100,1264160411234);
INSERT INTO "salvare" VALUES(2101,1264160664625);
INSERT INTO "salvare" VALUES(2102,1264160713109);
INSERT INTO "salvare" VALUES(2103,1264161072796);
INSERT INTO "salvare" VALUES(2104,1264163217812);
INSERT INTO "salvare" VALUES(2105,1264163823671);
INSERT INTO "salvare" VALUES(2106,1264164837046);
INSERT INTO "salvare" VALUES(2107,1264165586375);
INSERT INTO "salvare" VALUES(2108,1264165791718);
INSERT INTO "salvare" VALUES(2109,1264166442281);
INSERT INTO "salvare" VALUES(2110,1264171662734);
INSERT INTO "salvare" VALUES(2111,1264173065953);
INSERT INTO "salvare" VALUES(2112,1264173112671);
INSERT INTO "salvare" VALUES(2113,1264173312140);
INSERT INTO "salvare" VALUES(2114,1264173358671);
INSERT INTO "salvare" VALUES(2115,1264173825343);
INSERT INTO "salvare" VALUES(2116,1264174720156);
INSERT INTO "salvare" VALUES(2117,1264175209468);
INSERT INTO "salvare" VALUES(2118,1264176332015);
INSERT INTO "salvare" VALUES(2119,1264177175062);
INSERT INTO "salvare" VALUES(2120,1264177223093);
INSERT INTO "salvare" VALUES(2121,1264178167953);
INSERT INTO "salvare" VALUES(2122,1264178790765);
INSERT INTO "salvare" VALUES(2123,1264178960937);
INSERT INTO "salvare" VALUES(2124,1264332177531);
INSERT INTO "salvare" VALUES(2125,1264332410734);
INSERT INTO "salvare" VALUES(2126,1264333154078);
INSERT INTO "salvare" VALUES(2127,1264333162640);
INSERT INTO "salvare" VALUES(2128,1264354511972);
INSERT INTO "salvare" VALUES(2129,1264354740231);
INSERT INTO "salvare" VALUES(2130,1264354976710);
INSERT INTO "salvare" VALUES(2131,1265825416262);
INSERT INTO "salvare" VALUES(2132,1265825573144);
INSERT INTO "salvare" VALUES(2133,1265826030123);
INSERT INTO "salvare" VALUES(2134,1264357725947);
INSERT INTO "salvare" VALUES(2135,1267122603633);
INSERT INTO "salvare" VALUES(2136,1267122647154);
INSERT INTO "salvare" VALUES(2137,1267122763167);
INSERT INTO "salvare" VALUES(2138,1267122891594);
INSERT INTO "salvare" VALUES(2139,1267123075032);
INSERT INTO "salvare" VALUES(2140,1265913582216);
INSERT INTO "salvare" VALUES(2141,1264358442382);
INSERT INTO "salvare" VALUES(2142,1264358474416);
INSERT INTO "salvare" VALUES(2143,1264358506145);
INSERT INTO "salvare" VALUES(2144,1264358791288);
INSERT INTO "salvare" VALUES(2145,1265136634791);
INSERT INTO "salvare" VALUES(2146,1265136713822);
INSERT INTO "salvare" VALUES(2147,1265137160573);
INSERT INTO "salvare" VALUES(2148,1265147759881);
INSERT INTO "salvare" VALUES(2149,1265181386017);
INSERT INTO "salvare" VALUES(2150,1265182019615);
INSERT INTO "salvare" VALUES(2151,1265182368063);
INSERT INTO "salvare" VALUES(2152,1265182502879);
INSERT INTO "salvare" VALUES(2153,1265182617434);
INSERT INTO "salvare" VALUES(2154,1265183794955);
INSERT INTO "salvare" VALUES(2155,1265184054972);
INSERT INTO "salvare" VALUES(2156,1265184547893);
INSERT INTO "salvare" VALUES(2157,1265184604116);
INSERT INTO "salvare" VALUES(2158,1265185536452);
INSERT INTO "salvare" VALUES(2159,1265185988606);
INSERT INTO "salvare" VALUES(2160,1265186539965);
INSERT INTO "salvare" VALUES(2161,1265186816740);
INSERT INTO "salvare" VALUES(2162,1265187153938);
INSERT INTO "salvare" VALUES(2163,1265187197859);
INSERT INTO "salvare" VALUES(2164,1265191262611);
INSERT INTO "salvare" VALUES(2165,1265191593186);
INSERT INTO "salvare" VALUES(2166,1265192426541);
INSERT INTO "salvare" VALUES(2167,1265193026816);
INSERT INTO "salvare" VALUES(2168,1265193190086);
INSERT INTO "salvare" VALUES(2169,1265193228930);
INSERT INTO "salvare" VALUES(2170,1264418064585);
INSERT INTO "salvare" VALUES(2171,1264418759748);
INSERT INTO "salvare" VALUES(2172,1264421290421);
INSERT INTO "salvare" VALUES(2173,1264424048374);
INSERT INTO "salvare" VALUES(2174,1264424084149);
INSERT INTO "salvare" VALUES(2175,1264424116812);
INSERT INTO "salvare" VALUES(2176,1264424318841);
INSERT INTO "salvare" VALUES(2177,1264424364089);
INSERT INTO "salvare" VALUES(2178,1264424381053);
INSERT INTO "salvare" VALUES(2179,1264427233290);
INSERT INTO "salvare" VALUES(2180,1264427453232);
INSERT INTO "salvare" VALUES(2181,1264427541731);
INSERT INTO "salvare" VALUES(2182,1264427932728);
INSERT INTO "salvare" VALUES(2183,1264427947950);
INSERT INTO "salvare" VALUES(2184,1264429123937);
INSERT INTO "salvare" VALUES(2185,1264429158937);
INSERT INTO "salvare" VALUES(2186,1264430362937);
INSERT INTO "salvare" VALUES(2187,1264433308890);
INSERT INTO "salvare" VALUES(2188,1264434161531);
INSERT INTO "salvare" VALUES(2189,1264435099093);
INSERT INTO "salvare" VALUES(2190,1265810992250);
INSERT INTO "salvare" VALUES(2191,1265811002406);
INSERT INTO "salvare" VALUES(2192,1265811233140);
INSERT INTO "salvare" VALUES(2193,1265811420937);
INSERT INTO "salvare" VALUES(2194,1265812435421);
INSERT INTO "salvare" VALUES(2195,1265813120640);
INSERT INTO "salvare" VALUES(2196,1265817329453);
INSERT INTO "salvare" VALUES(2197,1265817532093);
INSERT INTO "salvare" VALUES(2198,1265817719234);
INSERT INTO "salvare" VALUES(2199,1265817834734);
INSERT INTO "salvare" VALUES(2200,1265818038906);
INSERT INTO "salvare" VALUES(2201,1265818054156);
INSERT INTO "salvare" VALUES(2202,1265818692140);
INSERT INTO "salvare" VALUES(2203,1265818769781);
INSERT INTO "salvare" VALUES(2204,1265818784140);
INSERT INTO "salvare" VALUES(2205,1265818794312);
INSERT INTO "salvare" VALUES(2206,1265818862093);
INSERT INTO "salvare" VALUES(2207,1265818925125);
INSERT INTO "salvare" VALUES(2208,1265818973796);
INSERT INTO "salvare" VALUES(2209,1265819110671);
INSERT INTO "salvare" VALUES(2210,1265819192062);
INSERT INTO "salvare" VALUES(2211,1265819264765);
INSERT INTO "salvare" VALUES(2212,1265819277421);
INSERT INTO "salvare" VALUES(2213,1265819318640);
INSERT INTO "salvare" VALUES(2214,1265819384343);
INSERT INTO "salvare" VALUES(2215,1265819412875);
INSERT INTO "salvare" VALUES(2216,1265819428812);
INSERT INTO "salvare" VALUES(2217,1265819950953);
INSERT INTO "salvare" VALUES(2218,1265820002687);
INSERT INTO "salvare" VALUES(2219,1265820060296);
INSERT INTO "salvare" VALUES(2220,1265820075843);
INSERT INTO "salvare" VALUES(2221,1265820372500);
INSERT INTO "salvare" VALUES(2222,1265820515750);
INSERT INTO "salvare" VALUES(2223,1265820588031);
INSERT INTO "salvare" VALUES(2224,1265820633593);
INSERT INTO "salvare" VALUES(2225,1265820722500);
INSERT INTO "salvare" VALUES(2226,1265820782156);
INSERT INTO "salvare" VALUES(2227,1265820790343);
INSERT INTO "salvare" VALUES(2228,1265820876218);
INSERT INTO "salvare" VALUES(2229,1265821200843);
INSERT INTO "salvare" VALUES(2230,1265821224078);
INSERT INTO "salvare" VALUES(2231,1265821313656);
INSERT INTO "salvare" VALUES(2232,1265821358234);
INSERT INTO "salvare" VALUES(2233,1265821504921);
INSERT INTO "salvare" VALUES(2234,1265821554062);
INSERT INTO "salvare" VALUES(2235,1265823004890);
INSERT INTO "salvare" VALUES(2236,1265823253796);
INSERT INTO "salvare" VALUES(2237,1265897560640);
INSERT INTO "salvare" VALUES(2238,1265897570968);
INSERT INTO "salvare" VALUES(2239,1265898138078);
INSERT INTO "salvare" VALUES(2240,1265899010750);
INSERT INTO "salvare" VALUES(2241,1265899032687);
INSERT INTO "salvare" VALUES(2242,1265901554750);
INSERT INTO "salvare" VALUES(2243,1265901598078);
INSERT INTO "salvare" VALUES(2244,1265901890875);
INSERT INTO "salvare" VALUES(2245,1265986401687);
INSERT INTO "salvare" VALUES(2246,1265987024890);
INSERT INTO "salvare" VALUES(2247,1265987069234);
INSERT INTO "salvare" VALUES(2248,1266330962921);
INSERT INTO "salvare" VALUES(2249,1266330984921);
INSERT INTO "salvare" VALUES(2250,1266330997015);
INSERT INTO "salvare" VALUES(2251,1266331199875);
INSERT INTO "salvare" VALUES(2252,1266331412843);
INSERT INTO "salvare" VALUES(2253,1266331520062);
INSERT INTO "salvare" VALUES(2254,1266331547390);
INSERT INTO "salvare" VALUES(2255,1266331628125);
INSERT INTO "salvare" VALUES(2256,1266331998109);
INSERT INTO "salvare" VALUES(2257,1266332109531);
INSERT INTO "salvare" VALUES(2258,1266333058015);
INSERT INTO "salvare" VALUES(2259,1266333073109);
INSERT INTO "salvare" VALUES(2260,1266913403328);
INSERT INTO "salvare" VALUES(2261,1266913565437);
INSERT INTO "salvare" VALUES(2262,1266913643546);
INSERT INTO "salvare" VALUES(2263,1266919316625);
INSERT INTO "salvare" VALUES(2264,1267520985859);
INSERT INTO "salvare" VALUES(2265,1268045921921);
INSERT INTO "salvare" VALUES(2266,1268046071062);
INSERT INTO "salvare" VALUES(2267,1268061470000);
INSERT INTO "salvare" VALUES(2268,1268061800578);
INSERT INTO "salvare" VALUES(2269,1268298591658);
INSERT INTO "salvare" VALUES(2270,1268299426112);
INSERT INTO "salvare" VALUES(2271,1268299537393);
INSERT INTO "salvare" VALUES(2272,1268299716393);
INSERT INTO "salvare" VALUES(2273,1268299742346);
INSERT INTO "salvare" VALUES(2274,1268300141268);
INSERT INTO "salvare" VALUES(2275,1268300406690);
INSERT INTO "salvare" VALUES(2276,1268300483440);
INSERT INTO "salvare" VALUES(2277,1268303422174);
INSERT INTO "salvare" VALUES(2278,1268388840250);
INSERT INTO "salvare" VALUES(2279,1268388914890);
INSERT INTO "salvare" VALUES(2280,1272899782550);
INSERT INTO "salvare" VALUES(2281,1272899878236);
INSERT INTO "salvare" VALUES(2282,1273850325046);
INSERT INTO "salvare" VALUES(2283,1274367978020);
INSERT INTO "salvare" VALUES(2284,1274368028844);
INSERT INTO "salvare" VALUES(2285,1274368181590);
INSERT INTO "salvare" VALUES(2286,1274368288958);
INSERT INTO "salvare" VALUES(2287,1274368381691);
INSERT INTO "salvare" VALUES(2288,1274368661682);
INSERT INTO "salvare" VALUES(2289,1274369113313);
INSERT INTO "salvare" VALUES(2290,1274369159761);
INSERT INTO "salvare" VALUES(2291,1274879989126);
INSERT INTO "salvare" VALUES(2292,1274881171840);
INSERT INTO "salvare" VALUES(2293,1274881293191);
INSERT INTO "salvare" VALUES(2294,1274881458737);
INSERT INTO "salvare" VALUES(2295,1274881528698);
INSERT INTO "salvare" VALUES(2296,1274881628640);
INSERT INTO "salvare" VALUES(2297,1274881681856);
INSERT INTO "salvare" VALUES(2298,1274883842971);
INSERT INTO "salvare" VALUES(2299,1274888515958);
INSERT INTO "salvare" VALUES(2300,1274970913179);
INSERT INTO "salvare" VALUES(2301,1274971124965);
INSERT INTO "salvare" VALUES(2302,1274971571452);
INSERT INTO "salvare" VALUES(2303,1274972201478);
INSERT INTO "salvare" VALUES(2304,1274972248662);
INSERT INTO "salvare" VALUES(2305,1274972422737);
INSERT INTO "salvare" VALUES(2306,1274972469658);
INSERT INTO "salvare" VALUES(2307,1274972497330);
INSERT INTO "salvare" VALUES(2308,1274972561369);
INSERT INTO "salvare" VALUES(2309,1274972699196);
INSERT INTO "salvare" VALUES(2310,1274972757345);
INSERT INTO "salvare" VALUES(2311,1274973869593);
INSERT INTO "salvare" VALUES(2312,1274973885291);
INSERT INTO "salvare" VALUES(2313,1274973942298);
INSERT INTO "salvare" VALUES(2314,1275054121605);
INSERT INTO "salvare" VALUES(2315,1275054226683);
INSERT INTO "salvare" VALUES(2316,1275054355627);
INSERT INTO "salvare" VALUES(2317,1275054379836);
INSERT INTO "salvare" VALUES(2318,1275054866298);
INSERT INTO "salvare" VALUES(2319,1275054882472);
INSERT INTO "salvare" VALUES(2320,1275055763628);
INSERT INTO "salvare" VALUES(2321,1275055930317);
INSERT INTO "salvare" VALUES(2322,1275055946263);
INSERT INTO "salvare" VALUES(2323,1275056293255);
INSERT INTO "salvare" VALUES(2324,1275056518447);
INSERT INTO "salvare" VALUES(2325,1275056559763);
INSERT INTO "salvare" VALUES(2326,1275056578138);
INSERT INTO "salvare" VALUES(2327,1275058667447);
INSERT INTO "salvare" VALUES(2328,1275059020087);
INSERT INTO "salvare" VALUES(2329,1275059062235);
INSERT INTO "salvare" VALUES(2330,1275059103315);
INSERT INTO "salvare" VALUES(2331,1275059371057);
INSERT INTO "salvare" VALUES(2332,1275294239777);
INSERT INTO "salvare" VALUES(2333,1275294297020);
INSERT INTO "salvare" VALUES(2334,1275294835097);
INSERT INTO "salvare" VALUES(2335,1275295111503);
INSERT INTO "salvare" VALUES(2336,1275556437794);
INSERT INTO "salvare" VALUES(2337,1275556754791);
INSERT INTO "salvare" VALUES(2338,1275556799988);
INSERT INTO "salvare" VALUES(2339,1275557234254);
INSERT INTO "salvare" VALUES(2340,1275564799851);
INSERT INTO "salvare" VALUES(2341,1275564912195);
INSERT INTO "salvare" VALUES(2342,1275565751479);
INSERT INTO "salvare" VALUES(2343,1275566214332);
INSERT INTO "salvare" VALUES(2344,1275656001455);
INSERT INTO "salvare" VALUES(2345,1275656128564);
INSERT INTO "salvare" VALUES(2346,1276093587427);
INSERT INTO "salvare" VALUES(2347,1276266050711);
INSERT INTO "salvare" VALUES(2348,1276607984283);
INSERT INTO "salvare" VALUES(2349,1276682225371);
INSERT INTO "salvare" VALUES(2350,1276695930822);
INSERT INTO "salvare" VALUES(2351,1276695941417);
INSERT INTO "salvare" VALUES(2352,1276695956917);
INSERT INTO "salvare" VALUES(2353,1276759215961);
INSERT INTO "salvare" VALUES(2354,1276760291598);
INSERT INTO "salvare" VALUES(2355,1276760329717);
INSERT INTO "salvare" VALUES(2356,1276760341721);
INSERT INTO "salvare" VALUES(2357,1276760359513);
INSERT INTO "salvare" VALUES(2358,1276761247900);
INSERT INTO "salvare" VALUES(2359,1276761266953);
INSERT INTO "salvare" VALUES(2360,1277476628939);
INSERT INTO "salvare" VALUES(2361,1277798990341);
INSERT INTO "salvare" VALUES(2362,1277799258585);
INSERT INTO "salvare" VALUES(2363,1277801871454);
INSERT INTO "salvare" VALUES(2364,1277808281897);
INSERT INTO "salvare" VALUES(2365,1277808936492);
INSERT INTO "salvare" VALUES(2366,1277808983731);
INSERT INTO "salvare" VALUES(2367,1277914847184);
INSERT INTO "salvare" VALUES(2368,1277914862764);
INSERT INTO "salvare" VALUES(2369,1277914973322);
INSERT INTO "salvare" VALUES(2370,1277915242124);
INSERT INTO "salvare" VALUES(2371,1277915273404);
INSERT INTO "salvare" VALUES(2372,1277915587162);
INSERT INTO "salvare" VALUES(2373,1277915768026);
INSERT INTO "salvare" VALUES(2374,1277915780776);
INSERT INTO "salvare" VALUES(2375,1277929468904);
INSERT INTO "salvare" VALUES(2376,1277929520839);
INSERT INTO "salvare" VALUES(2377,1277930144230);
INSERT INTO "salvare" VALUES(2378,1277982811042);
INSERT INTO "salvare" VALUES(2379,1277982923138);
INSERT INTO "salvare" VALUES(2380,1277983171532);
INSERT INTO "salvare" VALUES(2381,1278577354564);
INSERT INTO "salvare" VALUES(2382,1278577458940);
INSERT INTO "salvare" VALUES(2383,1278684882593);
INSERT INTO "salvare" VALUES(2384,1278684997069);
INSERT INTO "salvare" VALUES(2385,1278686027325);
INSERT INTO "salvare" VALUES(2386,1278686279939);
INSERT INTO "salvare" VALUES(2387,1279809005700);
INSERT INTO "salvare" VALUES(2388,1279809617252);
INSERT INTO "salvare" VALUES(2389,1279809629268);
INSERT INTO "salvare" VALUES(2390,1279809648823);
INSERT INTO "salvare" VALUES(2391,1279809818098);
INSERT INTO "salvare" VALUES(2392,1279809855236);
INSERT INTO "salvare" VALUES(2393,1279810113074);
INSERT INTO "salvare" VALUES(2394,1279810576653);
INSERT INTO "salvare" VALUES(2395,1279810586441);
INSERT INTO "salvare" VALUES(2396,1279888800375);
INSERT INTO "salvare" VALUES(2397,1279889939569);
INSERT INTO "salvare" VALUES(2398,1281350740242);
INSERT INTO "salvare" VALUES(2399,1281350866961);
INSERT INTO "salvare" VALUES(2400,1281352920090);
INSERT INTO "salvare" VALUES(2401,1281352970558);
INSERT INTO "salvare" VALUES(2402,1281353343752);
INSERT INTO "salvare" VALUES(2403,1284041530125);
INSERT INTO "salvare" VALUES(2404,1284042936124);
INSERT INTO "salvare" VALUES(2405,1284043263798);
INSERT INTO "salvare" VALUES(2406,1284043291027);
INSERT INTO "salvare" VALUES(2407,1284473017231);
INSERT INTO "salvare" VALUES(2408,1284647040544);
INSERT INTO "salvare" VALUES(2409,1284648183122);
INSERT INTO "salvare" VALUES(2410,1284709535271);
INSERT INTO "salvare" VALUES(2411,1284710055305);
INSERT INTO "salvare" VALUES(2412,1284717272511);
INSERT INTO "salvare" VALUES(2413,1284717634384);
INSERT INTO "salvare" VALUES(2414,1284734154534);
INSERT INTO "salvare" VALUES(2415,1285338528465);
INSERT INTO "salvare" VALUES(2416,1285338792849);
INSERT INTO "salvare" VALUES(2417,1285340441060);
INSERT INTO "salvare" VALUES(2418,1285340475223);
INSERT INTO "salvare" VALUES(2419,1285343264754);
INSERT INTO "salvare" VALUES(2420,1285343351004);
INSERT INTO "salvare" VALUES(2421,1285343413567);
INSERT INTO "salvare" VALUES(2422,1285343878549);
INSERT INTO "salvare" VALUES(2423,1285343967529);
INSERT INTO "salvare" VALUES(2424,1285343984951);
INSERT INTO "salvare" VALUES(2425,1285344133488);
INSERT INTO "salvare" VALUES(2426,1285666927750);
INSERT INTO "salvare" VALUES(2427,1285667292787);
INSERT INTO "salvare" VALUES(2428,1285679311645);
INSERT INTO "salvare" VALUES(2429,1285680036927);
INSERT INTO "salvare" VALUES(2430,1285682003757);
INSERT INTO "salvare" VALUES(2431,1285682241460);
INSERT INTO "salvare" VALUES(2432,1285685758860);
INSERT INTO "salvare" VALUES(2433,1285685773172);
INSERT INTO "salvare" VALUES(2434,1286880624303);
INSERT INTO "salvare" VALUES(2435,1286880697231);
INSERT INTO "salvare" VALUES(2436,1286880810868);
INSERT INTO "salvare" VALUES(2437,1286881209440);
INSERT INTO "salvare" VALUES(2438,1286888329614);
INSERT INTO "salvare" VALUES(2439,1286959861818);
INSERT INTO "salvare" VALUES(2440,1286960793322);
INSERT INTO "salvare" VALUES(2441,1286981283329);
INSERT INTO "salvare" VALUES(2442,1287045239739);
INSERT INTO "salvare" VALUES(2443,1287045630373);
INSERT INTO "salvare" VALUES(2444,1287046600213);
INSERT INTO "salvare" VALUES(2445,1287046612063);
INSERT INTO "salvare" VALUES(2446,1287046685787);
INSERT INTO "salvare" VALUES(2447,1289472984285);
INSERT INTO "salvare" VALUES(2448,1289473058128);
INSERT INTO "salvare" VALUES(2449,1289473094976);
INSERT INTO "salvare" VALUES(2450,1289473111948);
INSERT INTO "salvare" VALUES(2451,1289473271125);
INSERT INTO "salvare" VALUES(2452,1289473292758);
INSERT INTO "salvare" VALUES(2453,1289473503801);
INSERT INTO "salvare" VALUES(2454,1289473521899);
INSERT INTO "salvare" VALUES(2455,1289473716844);
INSERT INTO "salvare" VALUES(2456,1290503153507);
INSERT INTO "salvare" VALUES(2457,1290503400713);
INSERT INTO "salvare" VALUES(2458,1291105203736);
INSERT INTO "salvare" VALUES(2459,1291105804170);
INSERT INTO "salvare" VALUES(2460,1291105826679);
INSERT INTO "salvare" VALUES(2461,1291105838158);
INSERT INTO "salvare" VALUES(2462,1305199491296);
INSERT INTO "salvare" VALUES(2463,1305199654154);
INSERT INTO "salvare" VALUES(2464,1312957292384);
INSERT INTO "salvare" VALUES(2465,1312958564444);
INSERT INTO "salvare" VALUES(2466,1312958792205);
INSERT INTO "salvare" VALUES(2467,1313069560945);
INSERT INTO "salvare" VALUES(2468,1313069735916);
INSERT INTO "salvare" VALUES(2469,1313477429462);
INSERT INTO "salvare" VALUES(2470,1313477807201);
INSERT INTO "salvare" VALUES(2471,1314085621940);
INSERT INTO "salvare" VALUES(2472,1418206095765);
INSERT INTO "salvare" VALUES(2473,1418206411872);
INSERT INTO "salvare" VALUES(2474,1418891068219);
INSERT INTO "salvare" VALUES(2475,1418891074537);
INSERT INTO "salvare" VALUES(2476,1418979904107);
INSERT INTO "salvare" VALUES(2477,1419258001247);
INSERT INTO "salvare" VALUES(2478,1419331427134);
INSERT INTO "salvare" VALUES(2479,1419331429942);
INSERT INTO "salvare" VALUES(2480,1419331440238);
INSERT INTO "salvare" VALUES(2481,1420736753723);
INSERT INTO "salvare" VALUES(2482,1421829811775);
INSERT INTO "salvare" VALUES(2483,1422457182250);
INSERT INTO "salvare" VALUES(2484,1423840885965);
INSERT INTO "salvare" VALUES(2485,1424792314496);
INSERT INTO "salvare" VALUES(2486,1426172593139);
INSERT INTO "salvare" VALUES(2487,1426863724401);
INSERT INTO "salvare" VALUES(2488,1427107723830);
CREATE TABLE incasari_facturi (
  incasari_facturi_id  integer PRIMARY KEY AUTOINCREMENT,
  factura_id           integer,
  incasare_id          integer
, 'document_achizitie_id' INTEGER NOT NULL DEFAULT 0, 'val_factura' varchar(50) default 0);
INSERT INTO "incasari_facturi" VALUES(87,1705,364,0,'9334.22');
INSERT INTO "incasari_facturi" VALUES(88,1704,365,0,'5248.17');
INSERT INTO "incasari_facturi" VALUES(89,1718,366,0,'36.67');
INSERT INTO "incasari_facturi" VALUES(90,1715,367,0,'14287.73');
INSERT INTO "incasari_facturi" VALUES(91,1709,368,0,'1004.4');
INSERT INTO "incasari_facturi" VALUES(94,1711,371,0,'1582.05');
INSERT INTO "incasari_facturi" VALUES(95,1712,372,0,'415.77');
INSERT INTO "incasari_facturi" VALUES(96,1706,373,0,'3834.36');
INSERT INTO "incasari_facturi" VALUES(97,1707,374,0,'2527.05');
INSERT INTO "incasari_facturi" VALUES(98,1708,375,0,'92.86');
INSERT INTO "incasari_facturi" VALUES(99,1700,376,0,'4600.03');
INSERT INTO "incasari_facturi" VALUES(100,1714,377,0,'508.75');
INSERT INTO "incasari_facturi" VALUES(101,1722,378,0,'167.34');
INSERT INTO "incasari_facturi" VALUES(102,1728,379,0,'230.0');
INSERT INTO "incasari_facturi" VALUES(103,1729,380,0,'15.8');
INSERT INTO "incasari_facturi" VALUES(104,0,382,2,'232.92');
INSERT INTO "incasari_facturi" VALUES(105,1726,383,0,'501.48');
INSERT INTO "incasari_facturi" VALUES(106,1710,384,0,'23965.54');
INSERT INTO "incasari_facturi" VALUES(107,1725,385,0,'188.0');
INSERT INTO "incasari_facturi" VALUES(108,1713,386,0,'3828.75');
INSERT INTO "incasari_facturi" VALUES(109,1734,388,0,'6356.18');
INSERT INTO "incasari_facturi" VALUES(110,1732,389,0,'1476.72');
INSERT INTO "incasari_facturi" VALUES(111,1736,390,0,'335.37');
INSERT INTO "incasari_facturi" VALUES(112,1710,391,0,'10000.0');
INSERT INTO "incasari_facturi" VALUES(113,0,392,4,'746.38');
INSERT INTO "incasari_facturi" VALUES(114,0,393,10,'20.36');
INSERT INTO "incasari_facturi" VALUES(115,1743,394,0,'120.0');
INSERT INTO "incasari_facturi" VALUES(116,1735,395,0,'1187.07');
INSERT INTO "incasari_facturi" VALUES(117,1745,396,0,'756.4');
INSERT INTO "incasari_facturi" VALUES(118,0,398,11,'277.67');
INSERT INTO "incasari_facturi" VALUES(119,1738,399,0,'1513.82');
INSERT INTO "incasari_facturi" VALUES(120,1701,400,0,'8.85');
INSERT INTO "incasari_facturi" VALUES(121,1742,402,0,'334.0');
INSERT INTO "incasari_facturi" VALUES(122,0,403,12,'1011.84');
INSERT INTO "incasari_facturi" VALUES(123,1730,404,0,'182.42');
INSERT INTO "incasari_facturi" VALUES(124,1741,405,0,'13408.97');
INSERT INTO "incasari_facturi" VALUES(125,1739,406,0,'18538.88');
INSERT INTO "incasari_facturi" VALUES(126,1740,407,0,'767.09');
INSERT INTO "incasari_facturi" VALUES(127,1746,408,0,'37.2');
INSERT INTO "incasari_facturi" VALUES(128,1750,410,0,'338.71');
INSERT INTO "incasari_facturi" VALUES(129,1747,411,0,'50.0');
INSERT INTO "incasari_facturi" VALUES(130,0,412,16,'521.84');
INSERT INTO "incasari_facturi" VALUES(131,0,413,13,'236.85');
INSERT INTO "incasari_facturi" VALUES(132,0,414,15,'488.16');
INSERT INTO "incasari_facturi" VALUES(133,0,415,6,'199.75');
INSERT INTO "incasari_facturi" VALUES(134,0,416,7,'37.45');
INSERT INTO "incasari_facturi" VALUES(135,0,417,8,'582.28');
INSERT INTO "incasari_facturi" VALUES(136,0,418,1,'122.21');
INSERT INTO "incasari_facturi" VALUES(137,1701,419,0,'100.0');
INSERT INTO "incasari_facturi" VALUES(138,1749,420,0,'665.15');
INSERT INTO "incasari_facturi" VALUES(139,1758,421,0,'70.0');
INSERT INTO "incasari_facturi" VALUES(140,1765,422,0,'14418.04');
INSERT INTO "incasari_facturi" VALUES(141,1748,423,0,'175.0');
INSERT INTO "incasari_facturi" VALUES(142,1768,424,0,'120.0');
INSERT INTO "incasari_facturi" VALUES(143,1764,425,0,'380.57');
INSERT INTO "incasari_facturi" VALUES(144,1757,426,0,'719.2');
INSERT INTO "incasari_facturi" VALUES(145,1763,427,0,'810.3');
INSERT INTO "incasari_facturi" VALUES(146,0,428,25,'2098.08');
INSERT INTO "incasari_facturi" VALUES(147,1772,429,0,'1156.24');
INSERT INTO "incasari_facturi" VALUES(148,1773,430,0,'120.0');
INSERT INTO "incasari_facturi" VALUES(149,1752,431,0,'828.55');
INSERT INTO "incasari_facturi" VALUES(150,1751,432,0,'568.29');
INSERT INTO "incasari_facturi" VALUES(151,1760,433,0,'2283.14');
INSERT INTO "incasari_facturi" VALUES(152,1761,434,0,'17078.77');
INSERT INTO "incasari_facturi" VALUES(153,1759,435,0,'389.61');
INSERT INTO "incasari_facturi" VALUES(154,1762,436,0,'22714.1');
INSERT INTO "incasari_facturi" VALUES(155,1720,437,0,'9607.99');
INSERT INTO "incasari_facturi" VALUES(156,1721,438,0,'4206.73');
INSERT INTO "incasari_facturi" VALUES(157,0,439,19,'915.88');
INSERT INTO "incasari_facturi" VALUES(158,0,440,20,'323.59');
INSERT INTO "incasari_facturi" VALUES(159,1775,441,0,'237.9');
INSERT INTO "incasari_facturi" VALUES(160,1770,442,0,'2375.28');
INSERT INTO "incasari_facturi" VALUES(161,1769,443,0,'3000.0');
INSERT INTO "incasari_facturi" VALUES(162,1769,444,0,'4728.0');
INSERT INTO "incasari_facturi" VALUES(163,1756,445,0,'7747.23');
INSERT INTO "incasari_facturi" VALUES(164,0,446,29,'528.79');
INSERT INTO "incasari_facturi" VALUES(165,0,447,32,'362.72');
INSERT INTO "incasari_facturi" VALUES(166,0,448,17,'551.8');
INSERT INTO "incasari_facturi" VALUES(167,1777,449,0,'390.92');
CREATE TABLE incasari (
  incasare_id         integer PRIMARY KEY AUTOINCREMENT NOT NULL,
  data_incasare       date,
  serie_id            integer,
  serie               varchar(50),
  numar               varchar(50),
  chitanta            char(1) DEFAULT 'y',
  v_valoare_incasata  numeric(50),
  valoare             numeric(50),
  moneda              varchar(10),
  curs                float(50),
  cod_limba           varchar(10),
  anulata             char(1) DEFAULT 'n',
  configuratie_id     integer,
  flag_id             integer,
  denumire_client     varchar(50),
  adresa_client       varchar(50),
  localitate_client   varchar(50),
  judet_client        varchar(50),
  iban_id             integer
, cif_client varchar(50), text text, text_tr text, serie_numar_factura text, precizie_client integer, print_id integer DEFAULT 1, reg_com_client varchar(50) default '', client_nou integer default 0, tip_incasare varchar(50), nr_doc_obs varchar(50), client_email varchar(50), client_pers_contact varchar(50), client_telefon varchar(20), observatii varchar(250), 'tip_incasare_plata' CHAR( 1 ) NOT NULL DEFAULT 'i');
INSERT INTO "incasari" VALUES(364,'2014-12-17',-1,'','','n',9334.22,9334.22,'RON',1.0,'RO','n',123,133,'PARTENER BYM MARITIM SRL','Str. Medeleni 5 Limanu','LIMANU','Constanta',60,'RO33773592','contravaloarea facturii seria XR numarul 000056 din data de 12/12/2014','','',2,1,'J13/2154/2014',0,'Ordin plata',NULL,'','','','','i');
INSERT INTO "incasari" VALUES(365,'2015-03-27',-1,'','','n',5248.17,5248.17,'RON',1.0,'RO','n',123,133,'BYA MARITIM SRL','Str. Oituz, Nr. 71, Bl. D01, Et. 4, Ap. 20','Mangalia','Constanta',60,'RO18390429','contravaloarea facturii seria XR numarul 000055 din data de 12/12/2014','','',2,1,'J13/445/2006',0,'Ordin plata',NULL,'','','','','i');
INSERT INTO "incasari" VALUES(366,'2014-12-22',94,'XC','000051','y',36.67,36.67,'RON',1.0,'RO','n',123,133,'AMARINO SRL','Str. Duiliu Zamfirescu 47a','Constanta','Constanta',60,'RO7082954','contravaloarea facturii seria XR nr 000069 din data de 22/12/2014','','',2,1,'J13/5504/1994',0,'Chitanta',NULL,'','','','CVF 000069/22.12.2014','i');
INSERT INTO "incasari" VALUES(367,'2014-12-22',-1,'','','n',14287.73,14287.73,'RON',1.0,'RO','n',123,133,'PULS PRINTING SRL','B-dul Mamaia, Nr. 142, Et. 1','Constanta','Constanta',60,'RO26372717','contravaloarea facturii seria XR numarul 000066 din data de 19/12/2014','','',2,1,'J13/32/2010',0,'Ordin plata',NULL,'','LUPASCU CLAUDIU','0722456528','','i');
INSERT INTO "incasari" VALUES(368,'2014-12-22',-1,'','','n',1004.4,1004.4,'RON',1.0,'RO','n',123,133,'EMANDRA EMISERV SRL','Str. Granitului, Nr. 2, C.P. 100269','Ploiesti','Prahova',60,'RO27664353','contravaloarea facturii seria XR numarul 000060 din data de 15/12/2014','','',2,1,'J29/1370/2010',0,'Ordin plata',NULL,'','','','','i');
INSERT INTO "incasari" VALUES(371,'2014-12-23',-1,'','','n',1582.05,1582.05,'RON',1.0,'RO','n',123,134,'NS COPIERS SRL','Sos. Mangaliei 135','Constanta','Constanta',60,'RO10891203','contravaloarea facturii seria XR numarul 000062 din data de 19/12/2014','','',2,1,'J13/1921/1998',0,'Ordin plata',NULL,'sorin.serbanescu@nscopiers.ro','Sorin Serbanescu','0722233234','','i');
INSERT INTO "incasari" VALUES(372,'2014-12-23',-1,'','','n',415.77,415.77,'RON',1.0,'RO','n',123,134,'BYA MARITIM SRL','Str. Oituz, Nr. 71, Bl. D01, Et. 4, Ap. 20','Mangalia','Constanta',60,'RO18390429','contravaloarea facturii seria XR numarul 000063 din data de 19/12/2014','','',2,1,'J13/445/2006',0,'Ordin plata',NULL,'','','','','i');
INSERT INTO "incasari" VALUES(373,'2014-12-24',-1,'','','n',3834.36,3834.36,'RON',1.0,'RO','n',123,134,'DSD NOELL SRL','Aleea Cristalului, Nr. 2a, Ap. 3, C.P. 300708','Timisoara','Timis',60,'RO28350898','contravaloarea facturii seria XR numarul 000057 din data de 15/12/2014','','',2,1,'J35/870/2011',0,'Ordin plata',NULL,'','ZAMFIROIU FLORIN','','','i');
INSERT INTO "incasari" VALUES(374,'2014-12-24',-1,'','','n',2527.05,2527.05,'RON',1.0,'RO','n',123,134,'DSD NOELL SRL','Aleea Cristalului, Nr. 2a, Ap. 3, C.P. 300708','Timisoara','Timis',60,'RO28350898','contravaloarea facturii seria XR numarul 000058 din data de 15/12/2014','','',2,1,'J35/870/2011',0,'Ordin plata',NULL,'','ZAMFIROIU FLORIN','','','i');
INSERT INTO "incasari" VALUES(375,'2014-12-24',-1,'','','n',92.86,92.86,'RON',1.0,'RO','n',123,134,'DSD NOELL SRL','Aleea Cristalului, Nr. 2a, Ap. 3, C.P. 300708','Timisoara','Timis',60,'RO28350898','contravaloarea facturii seria XR numarul 000059 din data de 15/12/2014','','',2,1,'J35/870/2011',0,'Ordin plata',NULL,'','ZAMFIROIU FLORIN','','','i');
INSERT INTO "incasari" VALUES(376,'2014-12-29',-1,'','','n',4600.03,4600.03,'RON',1.0,'RO','n',123,134,'MIDIA MARINE TERMINAL SRL','Portul Midia Danele 1-4, Cladire Grup Social','Navodari','Constanta',60,'RO21226273','contravaloarea facturii seria XR numarul 000052 din data de 10/12/2014','','',2,1,'J13/681/2007',0,'Ordin plata',NULL,'','','','','i');
INSERT INTO "incasari" VALUES(377,'2015-01-05',-1,'','','n',508.75,508.75,'RON',1.0,'RO','n',123,134,'PLANARA BUILDING WORKS SRL','Str. Siretului 17','Bis Constanta','Constanta',60,'RO30928307','contravaloarea facturii seria XR numarul 000065 din data de 19/12/2014','','',2,1,'J13/2516/2012',0,'Ordin plata',NULL,'','','','','i');
INSERT INTO "incasari" VALUES(378,'2015-01-14',-1,'','','n',167.34,167.34,'RON',1.0,'RO','n',123,134,'ITLAB SERVICES & SECURITY SRL','Aleea Macilor, Nr. 8, Bl. B`1, Sc. B, Et. 2, Ap. 32, C.P. 900653','Constanta','Constanta',60,'RO30928269','contravaloarea facturii seria XR numarul 000072 din data de 07/01/2015','','',2,1,'J13/2518/2012',0,'Ordin plata',NULL,'','LAURA DOBROGHIN','0720300109','','i');
INSERT INTO "incasari" VALUES(379,'2015-01-16',94,'XC','000052','y',230,230,'RON',1.0,'RO','n',125,134,'MAGENTA SYSTEM SA','Str. Henry Coanda 4','Constanta','Constanta',60,'RO11794217','contravaloarea facturii seria XR nr 000077 din data de 16/01/2015','','',2,1,'J13/1178/1999',0,'Chitanta',NULL,'','','','','i');
INSERT INTO "incasari" VALUES(380,'2015-01-16',94,'XC','000053','y',15.8,15.8,'RON',1.0,'RO','n',123,134,'97 ELECTRICONST SRL','Str. Chiliei 6','Constanta','Constanta',60,'RO10127088','contravaloarea facturii seria XR nr 000078 din data de 16/01/2015','','',2,1,'J13/546/1998',0,'Chitanta',NULL,'','','','','i');
INSERT INTO "incasari" VALUES(381,'2015-01-21',94,'XC','000054','y',314.29,314.29,'RON',1.0,'RO','n',123,134,'MARCRIS BEST SOLUTIONS S.R.L.','B-Dul I.gh. Duca 81','Constanta','Constanta',60,'25464650','CVF XR000080/21.01.2015','','',2,1,'J13/1060/2009',0,'Chitanta',NULL,'','','','','i');
INSERT INTO "incasari" VALUES(382,'2015-01-15',-1,'','','n',232.92,232.92,'RON',1.0,'RO','n',126,134,'SAMA CONSUL SRL','Str. Maica Domnului 44a','Bucuresti','Bucuresti',0,'RO3903321','','','',2,0,'J40/8827/1993',0,'Ordin plata',NULL,'','','','','p');
INSERT INTO "incasari" VALUES(383,'2015-01-19',-1,'','','n',501.48,501.48,'RON',1.0,'RO','n',126,134,'ACTIV DESIGN SRL','Str. Stadionului 3b','Navodari','Constanta',60,'RO14551271','contravaloarea facturii seria XR numarul 000075 din data de 14/01/2015','','',2,1,'J13/964/2002',0,'Ordin plata',NULL,'','','','','i');
INSERT INTO "incasari" VALUES(384,'2015-01-19',-1,'','','n',23965.54,23965.54,'RON',1.0,'RO','n',126,134,'REGIA AUTONOMA JUDETEANA DE DRUMURI SI PODURI CONSTANTA  RA','Str. Celulozei, Nr. 15a, C.P. 900607','Constanta','Constanta',60,'RO2749993','contravaloarea partiala a facturii seria XR numarul 000061 din data de 16/12/2014','','XR 000061',2,1,'J13/115/1991',0,'Ordin plata',NULL,'','','','','i');
INSERT INTO "incasari" VALUES(385,'2015-01-12',-1,'','','n',188,188,'RON',1.0,'RO','n',126,134,'TEHNO COPIERS S.R.L.','Str. Pescarilor 35','Constanta','Constanta',60,'RO15046081','contravaloarea facturii seria XR numarul 000074 din data de 09/01/2015','','',2,1,'J13/2552/2002',0,'Ordin plata',NULL,'','','','','i');
INSERT INTO "incasari" VALUES(386,'2014-12-23',-1,'','','n',3828.75,3828.75,'RON',1.0,'RO','n',126,134,'PARTENER BYM MARITIM SRL','Str. Medeleni 5 Limanu','LIMANU','Constanta',60,'RO33773592','contravaloarea partiala a facturii seria XR numarul 000064 din data de 19/12/2014','','XR 000064',2,1,'J13/2154/2014',0,'Ordin plata',NULL,'','','','','i');
INSERT INTO "incasari" VALUES(387,'2015-01-28',94,'XC','000055','y',37.1,37.1,'RON',1.0,'RO','n',126,134,'PETROCONST SA','Str. I.c.bratianu 45','Constanta','Constanta',60,'RO6162290','c/v FF nr XR 000085/27.01.2015','','',2,1,'J13/3113/1994',0,'Chitanta',NULL,'','','','','i');
INSERT INTO "incasari" VALUES(388,'2015-01-23',-1,'','','n',6356.18,6356.18,'RON',1.0,'RO','n',126,134,'PULS PRINTING SRL','B-dul Mamaia, Nr. 142, Et. 1','Constanta','Constanta',60,'RO26372717','contravaloarea facturii seria XR numarul 000082 din data de 22/01/2015','','',2,1,'J13/32/2010',0,'Ordin plata',NULL,'','LUPASCU CLAUDIU','0722456528','','i');
INSERT INTO "incasari" VALUES(389,'2015-01-27',-1,'','','n',1476.72,1476.72,'RON',1.0,'RO','n',126,134,'MAGENTA SYSTEM SA','Str. Henry Coanda 4','Constanta','Constanta',60,'RO11794217','contravaloarea facturii seria XR numarul 000081 din data de 21/01/2015','','',2,1,'J13/1178/1999',0,'Ordin plata',NULL,'','','','','i');
INSERT INTO "incasari" VALUES(390,'2015-01-28',-1,'','','n',335.37,335.37,'RON',1.0,'RO','n',126,134,'NS COPIERS SRL','Sos. Mangaliei 135','Constanta','Constanta',60,'RO10891203','contravaloarea facturii seria XR numarul 000084 din data de 27/01/2015','','',2,1,'J13/1921/1998',0,'Ordin plata',NULL,'sorin.serbanescu@nscopiers.ro','Sorin Serbanescu','0722233234','','i');
INSERT INTO "incasari" VALUES(391,'2015-01-30',-1,'','','n',10000,10000,'RON',1.0,'RO','n',126,134,'REGIA AUTONOMA JUDETEANA DE DRUMURI SI PODURI CONSTANTA  RA','Str. Celulozei, Nr. 15a, C.P. 900607','Constanta','Constanta',60,'RO2749993','contravaloarea partiala a facturii seria XR numarul 000061 din data de 16/12/2014','','XR 000061',2,1,'J13/115/1991',0,'Ordin plata',NULL,'','','','','i');
INSERT INTO "incasari" VALUES(392,'2015-01-27',-1,'','','n',746.38,746.38,'RON',1.0,'RO','n',126,134,'MULTI-JET SRL','Str. Mangalia, Nr. 59-61, Incaperea 1','Timisoara','Timis',0,'RO17262146','','','',2,0,'J35/553/2005',0,'Ordin plata',NULL,'','','','','p');
INSERT INTO "incasari" VALUES(393,'2015-01-27',-1,'','','n',20.36,20.36,'RON',1.0,'RO','n',126,134,'RIK SRL','Str. Sulmona, Nr. 9, C.P. 900746','Constanta','Constanta',0,'RO1889794','','','',2,0,'J13/3643/1991',0,'Ordin plata',NULL,'','','','','p');
INSERT INTO "incasari" VALUES(394,'2015-02-02',94,'XC','000056','y',120,120,'RON',1.0,'RO','n',126,134,'CMI UDMA D. LILIANA DIABET ZAHARAT, NUTRITIE SI BOLI METABOLICE','ALEEA MACILOR,NR.2,BL.2,AP.22','CONSTANTA','Constanta',60,'33329990','contravaloarea facturii seria XR nr 000091 din data de 02/02/2015','','',2,1,'',0,'Chitanta',NULL,'','','','cvf','i');
INSERT INTO "incasari" VALUES(395,'2015-01-29',-1,'','','n',1187.07,1187.07,'RON',1.0,'RO','n',128,134,'ITLAB SERVICES & SECURITY SRL','Aleea Macilor, Nr. 8, Bl. B`1, Sc. B, Et. 2, Ap. 32, C.P. 900653','Constanta','Constanta',60,'RO30928269','contravaloarea facturii seria XR numarul 000083 din data de 27/01/2015','','',2,1,'J13/2518/2012',0,'Ordin plata',NULL,'','LAURA DOBROGHIN','0720300109','','i');
INSERT INTO "incasari" VALUES(396,'2015-02-04',94,'XC','000057','y',756.4,756.4,'RON',1.0,'RO','n',128,134,'SOCIETATE PROFESIONALA NOTARIALA PISTALU ELENA SI DELIORGA MARIA - CRISTINA','Docherilor 2','Constanta','Constanta',60,'34022364','contravaloarea facturii seria XR nr 000093 din data de 04/02/2015','','',2,1,'-/-/-',0,'Chitanta',NULL,'','','','CVF','i');
INSERT INTO "incasari" VALUES(397,'2015-02-04',94,'XC','000058','y',900,900,'RON',1.0,'RO','n',128,134,'EXPRESS MARK GROUP SRL','Str. Pescarilor, Nr. 11, Bl. Mz5, Sc. A, Ap. 2, C.P. 900533','Constanta','Constanta',60,'RO17166220','avans ff nr xr 000086/28.01.2015','','',2,1,'J13/239/2005',0,'Chitanta',NULL,'','COJOCARU RADU','0723576623','','i');
INSERT INTO "incasari" VALUES(398,'2015-02-05',-1,'','','n',277.67,277.67,'RON',1.0,'RO','n',128,134,'RIK SRL','Str. Sulmona, Nr. 9, C.P. 900746','Constanta','Constanta',0,'RO1889794','','','',2,0,'J13/3643/1991',0,'Ordin plata',NULL,'','','','','p');
INSERT INTO "incasari" VALUES(399,'2015-02-05',-1,'','59','n',1513.82,1513.82,'RON',1.0,'RO','n',128,134,'EXPRESS MARK GROUP SRL','Str. Pescarilor, Nr. 11, Bl. Mz5, Sc. A, Ap. 2, C.P. 900533','Constanta','Constanta',60,'RO17166220','contravaloarea facturii seria XR numarul 000086 din data de 28/01/2015','','',2,1,'J13/239/2005',0,'Ordin plata',NULL,'','COJOCARU RADU','0723576623','','i');
INSERT INTO "incasari" VALUES(400,'2015-02-05',-1,'','','n',8.85,8.85,'RON',1.0,'RO','n',128,134,'EXPRESS MARK GROUP SRL','Str. Pescarilor, Nr. 11, Bl. Mz5, Sc. A, Ap. 2, C.P. 900533','Constanta','Constanta',60,'RO17166220','contravaloarea partiala a facturii seria XR numarul 000053 din data de 10/12/2014','','XR 000053',2,1,'J13/239/2005',0,'Ordin plata',NULL,'','COJOCARU RADU','0723576623','','i');
INSERT INTO "incasari" VALUES(402,'2015-02-09',-1,'','','n',334,334,'RON',1.0,'RO','n',128,134,'PLANARA BUILDING WORKS SRL','Str. Siretului 17','Bis Constanta','Constanta',60,'RO30928307','contravaloarea facturii seria XR numarul 000090 din data de 30/01/2015','','',2,1,'J13/2516/2012',0,'Ordin plata',NULL,'','','','','i');
INSERT INTO "incasari" VALUES(403,'2015-02-10',-1,'','','n',1011.84,1011.84,'RON',1.0,'RO','n',128,134,'GRIMAGH - IMPORT EXPORT S.R.L.','Str. Ocolului 7','Bucuresti','Bucuresti',0,'RO2353505','','','',2,0,'J40/4473/1991',0,'Ordin plata',NULL,'','','','','p');
INSERT INTO "incasari" VALUES(404,'2015-02-09',-1,'','','n',182.42,182.42,'RON',1.0,'RO','n',128,134,'PLANARA BUILDING WORKS SRL','Str. Siretului 17','Bis Constanta','Constanta',60,'RO30928307','contravaloarea facturii seria XR numarul 000079 din data de 21/01/2015','','',2,1,'J13/2516/2012',0,'Ordin plata',NULL,'','','','','i');
INSERT INTO "incasari" VALUES(405,'2015-02-10',-1,'','','n',13408.97,13408.97,'RON',1.0,'RO','n',128,134,'DSD NOELL SRL','Aleea Cristalului, Nr. 2a, Ap. 3, C.P. 300708','Timisoara','Timis',60,'RO28350898','contravaloarea facturii seria XR numarul 000089 din data de 30/01/2015','','',2,1,'J35/870/2011',0,'Ordin plata',NULL,'','ZAMFIROIU FLORIN','','','i');
INSERT INTO "incasari" VALUES(406,'2015-02-10',-1,'','','n',18538.88,18538.88,'RON',1.0,'RO','n',128,134,'DSD NOELL SRL','Aleea Cristalului, Nr. 2a, Ap. 3, C.P. 300708','Timisoara','Timis',60,'RO28350898','contravaloarea facturii seria XR numarul 000087 din data de 30/01/2015','','',2,1,'J35/870/2011',0,'Ordin plata',NULL,'','ZAMFIROIU FLORIN','','','i');
INSERT INTO "incasari" VALUES(407,'2015-02-10',-1,'','','n',767.09,767.09,'RON',1.0,'RO','n',128,134,'DSD NOELL SRL','Aleea Cristalului, Nr. 2a, Ap. 3, C.P. 300708','Timisoara','Timis',60,'RO28350898','contravaloarea facturii seria XR numarul 000088 din data de 30/01/2015','','',2,1,'J35/870/2011',0,'Ordin plata',NULL,'','ZAMFIROIU FLORIN','','','i');
INSERT INTO "incasari" VALUES(408,'2015-02-09',94,'XC','000059','y',37.2,37.2,'RON',1.0,'RO','n',128,134,'IFCO S.A.','Str. Zburatorului 4','Constanta','Constanta',60,'RO1890942','contravaloarea facturii seria XR nr 000094 din data de 05/02/2015','','XR 000094 / 05/02/2015',2,1,'J13/1495/1991',0,'Chitanta',NULL,'','','','','i');
INSERT INTO "incasari" VALUES(409,'2015-02-13',94,'XC','000060','y',765.15,765.15,'RON',1.0,'RO','n',128,134,'EXPRESS MARK GROUP SRL','Str. Pescarilor, Nr. 11, Bl. Mz5, Sc. A, Ap. 2, C.P. 900533','Constanta','Constanta',60,'RO17166220','cvf 000097/12.02.2015, diferenta fact 000053/10.12.2014','','',2,1,'J13/239/2005',0,'Chitanta',NULL,'','COJOCARU RADU','0723576623','','i');
INSERT INTO "incasari" VALUES(410,'2015-02-24',94,'XC','000061','y',338.71,338.71,'RON',1.0,'RO','n',128,134,'MARCRIS BEST SOLUTIONS S.R.L.','B-Dul I.gh. Duca 81','Constanta','Constanta',60,'25464650','contravaloarea facturii seria XR numarul 000098 din data de 23/02/2015','','',2,1,'J13/1060/2009',0,'Chitanta',NULL,'','','','','i');
INSERT INTO "incasari" VALUES(411,'2015-02-24',-1,'','','n',50,50,'RON',1.0,'RO','n',128,134,'SOCEP SA','Incinta Port Nou Dana 34','- Constanta','Constanta',60,'RO1870767','contravaloarea facturii seria XR numarul 000095 din data de 06/02/2015','','',2,1,'J13/643/1991',0,'Ordin plata',NULL,'','','','','i');
INSERT INTO "incasari" VALUES(412,'2015-02-23',-1,'','','n',521.84,521.84,'RON',1.0,'RO','n',128,134,'MULTI-JET SRL','Str. Mangalia, Nr. 59-61, Incaperea 1','Timisoara','Timis',0,'RO17262146','','','',2,0,'J35/553/2005',0,'Ordin plata',NULL,'','','','','p');
INSERT INTO "incasari" VALUES(413,'2015-02-10',-1,'','','n',236.85,236.85,'RON',1.0,'RO','n',128,134,'RIK SRL','Str. Sulmona, Nr. 9, C.P. 900746','Constanta','Constanta',0,'RO1889794','','','',2,0,'J13/3643/1991',0,'Ordin plata',NULL,'','','','','p');
INSERT INTO "incasari" VALUES(414,'2015-02-18',-1,'','','n',488.16,488.16,'RON',1.0,'RO','n',128,134,'RIK SRL','Str. Sulmona, Nr. 9, C.P. 900746','Constanta','Constanta',0,'RO1889794','','','',2,0,'J13/3643/1991',0,'Ordin plata',NULL,'','','','','p');
INSERT INTO "incasari" VALUES(415,'2015-02-25',-1,'','','n',199.75,199.75,'RON',1.0,'RO','n',128,134,'CORAGEO S.R.L.','Str. I.l.caragiale 4','Constanta','Constanta',0,'RO9745964','','','',2,0,'J13/2032/1997',0,'Ordin plata',NULL,'','','','','p');
INSERT INTO "incasari" VALUES(416,'2015-02-25',-1,'','','n',37.45,37.45,'RON',1.0,'RO','n',128,134,'CORAGEO S.R.L.','Str. I.l.caragiale 4','Constanta','Constanta',0,'RO9745964','','','',2,0,'J13/2032/1997',0,'Ordin plata',NULL,'','','','','p');
INSERT INTO "incasari" VALUES(417,'2015-02-25',-1,'','','n',582.28,582.28,'RON',1.0,'RO','n',128,134,'CORAGEO S.R.L.','Str. I.l.caragiale 4','Constanta','Constanta',0,'RO9745964','','','',2,0,'J13/2032/1997',0,'Ordin plata',NULL,'','','','','p');
INSERT INTO "incasari" VALUES(418,'2015-02-25',-1,'','','n',122.21,122.21,'RON',1.0,'RO','n',128,134,'COMSERVICE-COMPANY SRL','B-Dul Unirii 30','Bacau','Bacau',0,'RO980141','','','',2,0,'J04/22/1992',0,'Ordin plata',NULL,'','','','','p');
INSERT INTO "incasari" VALUES(419,'2015-02-25',-1,'','62','n',100,100,'RON',1.0,'RO','n',128,134,'EXPRESS MARK GROUP SRL','Str. Pescarilor, Nr. 11, Bl. Mz5, Sc. A, Ap. 2, C.P. 900533','Constanta','Constanta',60,'RO17166220','contravaloarea partiala a facturii seria XR numarul 000053 din data de 10/12/2014','','XR 000053',2,1,'J13/239/2005',0,'Ordin plata',NULL,'','COJOCARU RADU','0723576623','','i');
INSERT INTO "incasari" VALUES(420,'2015-02-25',-1,'','','n',665.15,665.15,'RON',1.0,'RO','n',128,134,'EXPRESS MARK GROUP SRL','Str. Pescarilor, Nr. 11, Bl. Mz5, Sc. A, Ap. 2, C.P. 900533','Constanta','Constanta',60,'RO17166220','contravaloarea facturii seria XR numarul 000097 din data de 12/02/2015','','',2,1,'J13/239/2005',0,'Ordin plata',NULL,'','COJOCARU RADU','0723576623','','i');
INSERT INTO "incasari" VALUES(421,'2015-02-26',94,'XC','000062','y',70,70,'RON',1.0,'RO','n',128,134,'PROAGROSERVICE SRL','Str. Tulcei 34','Ovidiu','Constanta',60,'RO17536233','contravaloarea facturii seria XR nr 000106 din data de 26/02/2015','','',2,1,'J13/1407/2005',0,'Chitanta',NULL,'','','','','i');
INSERT INTO "incasari" VALUES(422,'2015-02-27',-1,'','','n',14418.04,14418.04,'RON',1.0,'RO','n',128,134,'TOP VISION SRL','Str. T3 (zona Tabara Nord) 2','Navodari','Constanta',60,'RO2753668','contravaloarea facturii seria XR nr 000113 din data de 27/02/2015','','',2,1,'J13/4594/1992',0,'Ordin plata',NULL,'','','','','i');
INSERT INTO "incasari" VALUES(423,'2015-02-11',-1,'','','n',175,175,'RON',1.0,'RO','n',128,134,'PULS PRINTING SRL','B-dul Mamaia, Nr. 142, Et. 1','Constanta','Constanta',60,'RO26372717','contravaloarea facturii seria XR numarul 000096 din data de 11/02/2015','','',2,1,'J13/32/2010',0,'Ordin plata',NULL,'','LUPASCU CLAUDIU','0722456528','','i');
INSERT INTO "incasari" VALUES(424,'2015-03-04',94,'XC','000063','y',120,120,'RON',1.0,'RO','n',128,134,'SERBAN D. MIHAELA-LAVINIA - BIROU INDIVIDUAL NOTARIAL','Str. General Manu 64','Constanta','Constanta',60,'RO20414384','contravaloarea facturii seria XR nr 000116 din data de 04/03/2015','','',2,1,'-/-/-',0,'Chitanta',NULL,'','','','','i');
INSERT INTO "incasari" VALUES(425,'2015-03-03',-1,'','','n',380.57,380.57,'RON',1.0,'RO','n',128,134,'HOUSE CONSULT S.R.L.','str Fabrica de Caramida nr 1A, vila nr 8, sector 1','Bucuresti','Bucuresti',60,'RO17617974','contravaloarea facturii seria XR numarul 000112 din data de 27/02/2015','','',2,1,'J40/9325/2005',0,'Ordin plata',NULL,'','','','','i');
INSERT INTO "incasari" VALUES(426,'2015-03-04',-1,'','','n',719.2,719.2,'RON',1.0,'RO','n',128,134,'SINDICATUL LIBER PETROCHIMISTUL MIDIA','Navodari Km23','Navodari','Constanta',60,'1860372','contravaloarea facturii seria XR numarul 000105 din data de 26/02/2015','','',2,1,'-/-/-',0,'Ordin plata',NULL,'','','','','i');
INSERT INTO "incasari" VALUES(427,'2015-03-04',-1,'','','n',810.3,810.3,'RON',1.0,'RO','n',128,134,'PETROCONST SA','Str. I.c.bratianu 45','Constanta','Constanta',60,'RO6162290','contravaloarea facturii seria XR numarul 000111 din data de 27/02/2015','','',2,1,'J13/3113/1994',0,'Ordin plata',NULL,'','','','','i');
INSERT INTO "incasari" VALUES(428,'2015-03-06',-1,'','','n',2098.08,2098.08,'RON',1.0,'RO','n',128,134,'GOLDEN STRUCT SRL','Str. Cutezatorii 13','Constanta','Constanta',0,'RO31837550','','','',2,0,'J13/1398/2013',0,'Ordin plata',NULL,'','','','','p');
INSERT INTO "incasari" VALUES(429,'2015-03-09',94,'XC','000064','y',1156.24,1156.24,'RON',1.0,'RO','n',128,134,'ANTONESCU T. RALUCA-LILIANA','Aleea Caprioarei 3','Constanta','Constanta',60,'31247338','contravaloarea facturii seria XR nr 000119 din data de 09/03/2015','','',2,1,'-/-/-',0,'Chitanta',NULL,'','','','','i');
INSERT INTO "incasari" VALUES(430,'2015-03-10',94,'XC','000065','y',120,120,'RON',1.0,'RO','n',128,134,'CMI UDMA D. LILIANA DIABET ZAHARAT, NUTRITIE SI BOLI METABOLICE','ALEEA MACILOR,NR.2,BL.2,AP.22','CONSTANTA','Constanta',60,'33329990','contravaloarea facturii seria XR nr 000120 din data de 10/03/2015','','',2,1,'',0,'Chitanta',NULL,'','','','','i');
INSERT INTO "incasari" VALUES(431,'2015-03-05',-1,'','','n',828.55,828.55,'RON',1.0,'RO','n',128,134,'PLANARA BUILDING WORKS SRL','Str. Siretului 17','Bis Constanta','Constanta',60,'RO30928307','contravaloarea facturii seria XR numarul 000100 din data de 24/02/2015','','',2,1,'J13/2516/2012',0,'Ordin plata',NULL,'','','','','i');
INSERT INTO "incasari" VALUES(432,'2015-03-05',-1,'','','n',568.29,568.29,'RON',1.0,'RO','n',128,134,'PLANARA BUILDING WORKS SRL','Str. Siretului 17','Bis Constanta','Constanta',60,'RO30928307','contravaloarea facturii seria XR numarul 000099 din data de 24/02/2015','','',2,1,'J13/2516/2012',0,'Ordin plata',NULL,'','','','','i');
INSERT INTO "incasari" VALUES(433,'2015-03-06',-1,'','','n',2283.14,2283.14,'RON',1.0,'RO','n',128,134,'DSD NOELL SRL','Aleea Cristalului, Nr. 2a, Ap. 3, C.P. 300708','Timisoara','Timis',60,'RO28350898','contravaloarea facturii seria XR numarul 000108 din data de 27/02/2015','','',2,1,'J35/870/2011',0,'Ordin plata',NULL,'','ZAMFIROIU FLORIN','','','i');
INSERT INTO "incasari" VALUES(434,'2015-03-06',-1,'','','n',17078.77,17078.77,'RON',1.0,'RO','n',128,134,'DSD NOELL SRL','Aleea Cristalului, Nr. 2a, Ap. 3, C.P. 300708','Timisoara','Timis',60,'RO28350898','contravaloarea facturii seria XR numarul 000109 din data de 27/02/2015','','',2,1,'J35/870/2011',0,'Ordin plata',NULL,'','ZAMFIROIU FLORIN','','','i');
INSERT INTO "incasari" VALUES(435,'2015-03-06',-1,'','','n',389.61,389.61,'RON',1.0,'RO','n',128,134,'DSD NOELL SRL','Aleea Cristalului, Nr. 2a, Ap. 3, C.P. 300708','Timisoara','Timis',60,'RO28350898','contravaloarea facturii seria XR numarul 000107 din data de 27/02/2015','','',2,1,'J35/870/2011',0,'Ordin plata',NULL,'','ZAMFIROIU FLORIN','','','i');
INSERT INTO "incasari" VALUES(436,'2015-03-06',-1,'','','n',22714.1,22714.1,'RON',1.0,'RO','n',128,134,'DSD NOELL SRL','Aleea Cristalului, Nr. 2a, Ap. 3, C.P. 300708','Timisoara','Timis',60,'RO28350898','contravaloarea facturii seria XR numarul 000110 din data de 27/02/2015','','',2,1,'J35/870/2011',0,'Ordin plata',NULL,'','ZAMFIROIU FLORIN','','','i');
INSERT INTO "incasari" VALUES(437,'2015-03-09',-1,'','','n',9607.99,9607.99,'RON',1.0,'RO','n',128,134,'XEROX (ROMANIA) ECHIPAMENTE SI SERVICII SA','B-Dul Dimitrie Pompeiu 5-7','Bucuresti','Bucuresti',60,'RO10453114','contravaloarea facturii seria XR numarul 000070 din data de 06/01/2015','','',2,1,'J40/3577/1998',0,'Ordin plata',NULL,'aura.nicolcea@xerox.com','AURA NICOLCEA','','','i');
INSERT INTO "incasari" VALUES(438,'2015-03-09',-1,'','','n',4206.73,4206.73,'RON',1.0,'RO','n',128,134,'XEROX (ROMANIA) ECHIPAMENTE SI SERVICII SA','B-Dul Dimitrie Pompeiu 5-7','Bucuresti','Bucuresti',60,'RO10453114','contravaloarea facturii seria XR numarul 000071 din data de 06/01/2015','','',2,1,'J40/3577/1998',0,'Ordin plata',NULL,'aura.nicolcea@xerox.com','AURA NICOLCEA','','','i');
INSERT INTO "incasari" VALUES(439,'2015-03-06',-1,'','','n',915.88,915.88,'RON',1.0,'RO','n',128,134,'MULTI-JET SRL','Str. Mangalia, Nr. 59-61, Incaperea 1','Timisoara','Timis',0,'RO17262146','','','',2,0,'J35/553/2005',0,'Ordin plata',NULL,'','','','','p');
INSERT INTO "incasari" VALUES(440,'2015-03-10',-1,'','','n',323.59,323.59,'RON',1.0,'RO','n',128,134,'RIK SRL','Str. Sulmona, Nr. 9, C.P. 900746','Constanta','Constanta',0,'RO1889794','','','',2,0,'J13/3643/1991',0,'Ordin plata',NULL,'','','','','p');
INSERT INTO "incasari" VALUES(441,'2015-03-11',94,'XC','000066','y',237.9,237.9,'RON',1.0,'RO','n',128,134,'MIND EVOLUTION SRL','Str. Biruintei 9','Constanta','Constanta',60,'21996280','contravaloarea facturii seria XR nr 000122 din data de 11/03/2015','','',2,1,'J13/2124/2007',0,'Chitanta',NULL,'','','','CVF 00012','i');
INSERT INTO "incasari" VALUES(442,'2015-03-10',-1,'','','n',2375.28,2375.28,'RON',1.0,'RO','n',128,134,'T.M. CONT EXPERT SERV SRL','Str. Baba Novac 29','Constanta','Constanta',60,'24233259','contravaloarea partiala a facturii seria XR numarul 000118 din data de 06/03/2015','','XR 000118',2,1,'J13/2636/2008',0,'Ordin plata',NULL,'','','','','i');
INSERT INTO "incasari" VALUES(443,'2015-03-12',-1,'','','n',3000,3000,'RON',1.0,'RO','n',128,134,'PETROCONST SA','Str. I.c.bratianu 45','Constanta','Constanta',60,'RO6162290','contravaloarea partiala a facturii seria XR numarul 000117 din data de 06/03/2015','','XR 000117',2,1,'J13/3113/1994',0,'Ordin plata',NULL,'','','','','i');
INSERT INTO "incasari" VALUES(444,'2015-03-13',-1,'','','n',4728,4728,'RON',1.0,'RO','n',128,134,'PETROCONST SA','Str. I.c.bratianu 45','Constanta','Constanta',60,'RO6162290','contravaloarea partiala a facturii seria XR numarul 000117 din data de 06/03/2015','','XR 000117',2,1,'J13/3113/1994',0,'Ordin plata',NULL,'','','','','i');
INSERT INTO "incasari" VALUES(445,'2015-02-26',-1,'','','n',7747.23,7747.23,'RON',1.0,'RO','n',128,134,'PULS PRINTING SRL','B-dul Mamaia, Nr. 142, Et. 1','Constanta','Constanta',60,'RO26372717','contravaloarea facturii seria XR numarul 000104 din data de 25/02/2015','','',2,1,'J13/32/2010',0,'Ordin plata',NULL,'','LUPASCU CLAUDIU','0722456528','','i');
INSERT INTO "incasari" VALUES(446,'2015-03-16',-1,'','','n',528.79,528.79,'RON',1.0,'RO','n',128,134,'MULTI-JET SRL','Str. Mangalia, Nr. 59-61, Incaperea 1','Timisoara','Timis',0,'RO17262146','','','',2,0,'J35/553/2005',0,'Ordin plata',NULL,'','','','','p');
INSERT INTO "incasari" VALUES(447,'2015-03-23',-1,'','','n',362.72,362.72,'RON',1.0,'RO','n',128,134,'RIK SRL','Str. Sulmona, Nr. 9, C.P. 900746','Constanta','Constanta',0,'RO1889794','','','',2,0,'J13/3643/1991',0,'Ordin plata',NULL,'','','','','p');
INSERT INTO "incasari" VALUES(448,'2015-03-23',-1,'','','n',551.8,551.8,'RON',1.0,'RO','n',128,134,'CORAGEO S.R.L.','Str. I.l.caragiale 4','Constanta','Constanta',0,'RO9745964','','','',2,0,'J13/2032/1997',0,'Ordin plata',NULL,'','','','','p');
INSERT INTO "incasari" VALUES(449,'2015-03-24',-1,'','','n',390.92,390.92,'RON',1.0,'RO','n',128,134,'SIGNSTORE S.R.L.','Sos. Mangaliei - Constanta','Constanta','Constanta',60,'RO28972971','contravaloarea partiala a facturii seria XR numarul 000124 din data de 17/03/2015','','XR 000124',2,1,'J13/1849/2011',0,'Ordin plata',NULL,'','','','','i');
CREATE TABLE stornari (
  storno_id          integer PRIMARY KEY AUTOINCREMENT NOT NULL,
  factura_id         integer,
  valoare_stornata   numeric(50),
  tva_stornat        numeric(50),
  factura_storno_id  integer
);
CREATE TABLE proforme (
  proforma_id        integer PRIMARY KEY AUTOINCREMENT NOT NULL,
  configuratie_id    numeric(50),
  serie_id           integer,
  numar              varchar(30),
  serie              varchar(50),
  valoare_totala     numeric(50),
  valoare            numeric(50),
  valoare_TVA        numeric(50),
  v_valoare          numeric(50),
  v_valoare_TVA      numeric(50),
  v_valoare_totala   numeric(50),
  curs_schimb        numeric(50),
  moneda             varchar(10),
  cod_limba          varchar(10),
  cota_TVA           numeric(10),
  data_emiterii      date,
  ora_emitere        varchar(10),
  data_scadentei     date,
  mentiuni           text,
  termen_plata       numeric(50),
  aviz               varchar(50),
  flag_id            integer,
  stornata           char(1) DEFAULT 'n',
  discount           char(1) DEFAULT 'n',
  incasata           char(1) DEFAULT 'n',
  layout_id          integer DEFAULT 1,
  print_id           integer DEFAULT 1,
  tip_operatiune     char(1) DEFAULT i,
  client_id          numeric(50),
  client_denumire    varchar(50),
  client_cif         varchar(50),
  client_reg_com     varchar(50),
  cod_client         varchar(50),
  client_adresa      text,
  client_localitate  varchar(50),
  client_judet       varchar(50),
  client_tara        varchar(50) DEFAULT 'Romania',
  client_banca       varchar(50),
  client_IBAN        varchar(50),
  delegat_id         numeric(10),
  delegat_nume       varchar(50),
  delegat_buletin    varchar(50),
  delegat_auto       varchar(50),
  intocmitor_id      varchar(10),
  intocmitor_nume    varchar(50),
  intocmitor_cnp     varchar(50),
  iban_id1           varchar(10),
  iban_id2           varchar(10),
  iban_id3           varchar(10),
  iban_id4           varchar(10),
  anulata            char(1) DEFAULT 'n',
  user_id            integer
, client_precizie integer, data_expedierii date, client_email varchar(50), client_nou integer default 0, client_pers_contact varchar(50), client_telefon varchar(520), observatii varchar(250), data_livrarii DATE DEFAULT '', data_incasarii_avans DATE DEFAULT '', tva_la_incasare CHAR( 1 ) DEFAULT 'n', valoare_baza_colectata NUMERIC( 50 ) DEFAULT 0, valoare_tva_colectata NUMERIC( 50 ) DEFAULT 0, v_valoare_baza_colectata NUMERIC( 50 ) DEFAULT 0, v_valoare_tva_colectata NUMERIC( 50 ) DEFAULT 0);
INSERT INTO "proforme" VALUES(349,128,92,'000001','PXR',946.12,763,183.12,763,183.12,946.12,1,'RON','RO',13,'2015-02-27',NULL,'2015-03-02','',-1,'',134,'n','110','n',3,3,'i',11331,'TOMIS LOGISTIC OFFICE SRL','RO14859485','J13/1936/2002','','Str. Badea Cartan 9','Constanta','Constanta','Romania','','',-1,'','','','15','DOBRE NICOLETA','2771029135710','60','61','0','0','n',0,2,'','',1,'','',NULL,'','','n',0,0,0,0);
INSERT INTO "proforme" VALUES(350,128,92,'000002','PXR',14418.04,11627.45,2790.59,11627.45,2790.59,14418.04,1,'RON','RO',13,'2015-02-27',NULL,'2015-03-02','',-1,'',134,'n','n','n',3,3,'i',11332,'TOP VISION SRL','RO2753668','J13/4594/1992','','Str. T3 (zona Tabara Nord) 2','Navodari','Constanta','Romania','','',-1,'','','','-1','DOBRE NICOLETA','2771029135710','60','61','0','0','n',0,2,'','',1,'','',NULL,'','','n',0,0,0,0);
CREATE TABLE facturi_stornate (
  factura_storno_id  integer PRIMARY KEY NOT NULL,
  factura_id         numeric(50),
  data_stornarii     text,
  valoare            text
);
INSERT INTO "facturi_stornate" VALUES(1,NULL,'AoYzuTDCksXSAhgEj89vXg==','C1MSX6aonvO4V5X4/fbu8Jre2LqWr7mc');
CREATE TABLE istoric_curs (  data  date,  EUR   numeric(50),  USD   numeric(50),  GBP   numeric(50),  CAD   numeric(50),  AUD   numeric(50),  CHF   numeric(50),  TRY   numeric(50),  CZK   numeric(50),  DKK   numeric(50),  FIM   numeric(50),  HUF   numeric(50),  IEP   numeric(50),  MDL   numeric(50),  SEK   numeric(50) , 'BGN' numeric(50), 'NOK' numeric(50), 'JPY' numeric(50), 'RUB' numeric(50), 'EGP' numeric(50), 'PLN' numeric(50));
INSERT INTO "istoric_curs" VALUES('2008-11-09',3.7271,2.9135,NULL,NULL,NULL,NULL,NULL,NULL,NULL,NULL,NULL,NULL,NULL,NULL,NULL,NULL,NULL,NULL,NULL,NULL);
INSERT INTO "istoric_curs" VALUES('2008-11-14',3.7379,2.9444,NULL,NULL,NULL,NULL,NULL,NULL,NULL,NULL,NULL,NULL,NULL,NULL,NULL,NULL,NULL,NULL,NULL,NULL);
INSERT INTO "istoric_curs" VALUES('2009-01-29',4.2314,3.2406,NULL,NULL,NULL,NULL,NULL,NULL,NULL,NULL,NULL,NULL,NULL,NULL,NULL,NULL,NULL,NULL,NULL,NULL);
INSERT INTO "istoric_curs" VALUES('2009-03-12',4.2862,3.3517,NULL,NULL,NULL,NULL,NULL,NULL,NULL,NULL,NULL,NULL,NULL,NULL,NULL,NULL,NULL,NULL,NULL,NULL);
INSERT INTO "istoric_curs" VALUES('2009-04-13',4.1263,3.1286,NULL,NULL,NULL,NULL,NULL,NULL,NULL,NULL,NULL,NULL,NULL,NULL,NULL,NULL,NULL,NULL,NULL,NULL);
INSERT INTO "istoric_curs" VALUES('2014-12-09',4.4386,3.5914,5.6213,3.1294,2.9796,3.6921,1.5874,0.1607,0.5966,NULL,1.4514,NULL,0.2377,0.4773,2.2694,0.5034,2.9949,NULL,0.5023,1.0671);
INSERT INTO "istoric_curs" VALUES('2014-12-10',4.4415,3.5885,5.6158,3.1299,2.9874,3.6949,1.5857,0.1609,0.597,NULL,1.4453,NULL,0.2357,0.4765,2.2709,0.5002,3.0076,NULL,0.5019,1.0672);
INSERT INTO "istoric_curs" VALUES('2014-12-11',4.4546,3.5787,5.6043,3.1175,2.9635,3.7077,1.5828,0.1611,0.5988,NULL,1.4463,NULL,0.2348,0.4765,2.2776,0.4954,3.0189,NULL,0.5005,1.0668);
INSERT INTO "istoric_curs" VALUES('2014-12-13',4.4645,3.5898,5.6391,3.1042,2.97,3.7172,1.5756,0.1618,0.6004,NULL,1.4448,NULL,0.2334,0.4756,2.2826,0.4876,3.0331,NULL,0.5021,1.0679);
INSERT INTO "istoric_curs" VALUES('2014-12-12',4.4645,3.5898,5.6391,3.1042,2.97,3.7172,1.5756,0.1618,0.6004,NULL,1.4448,NULL,0.2334,0.4756,2.2826,0.4876,3.0331,NULL,0.5021,1.0679);
INSERT INTO "istoric_curs" VALUES('2014-12-14',4.4645,3.5898,5.6391,3.1042,2.97,3.7172,1.5756,0.1618,0.6004,NULL,1.4448,NULL,0.2334,0.4756,2.2826,0.4876,3.0331,NULL,0.5021,1.0679);
INSERT INTO "istoric_curs" VALUES('2014-12-15',4.4788,3.6061,5.6483,3.1154,2.9769,3.7286,1.5557,0.1624,0.6022,NULL,1.4556,NULL,0.2335,0.4778,2.29,0.4891,3.0393,NULL,0.5043,1.0737);
INSERT INTO "istoric_curs" VALUES('2014-12-16',4.4738,3.5818,5.6239,3.0778,2.957,3.7255,1.5203,0.1622,0.6012,NULL,1.4351,NULL,0.2332,0.4716,2.2874,0.4763,3.069,NULL,0.5009,1.0672);
INSERT INTO "istoric_curs" VALUES('2014-12-17',4.4738,3.5924,5.643,3.0816,2.9368,3.7252,1.5158,0.162,0.6013,NULL,1.4281,NULL,0.2307,0.4703,2.2874,0.4793,3.0656,NULL,0.5024,1.0588);
INSERT INTO "istoric_curs" VALUES('2014-12-19',4.4705,3.625,5.6721,3.1288,2.9684,3.7137,1.557,0.1619,0.6009,NULL,1.422,NULL,0.2306,0.4751,2.2857,0.4915,3.0566,NULL,0.507,1.0547);
INSERT INTO "istoric_curs" VALUES('2014-12-18',4.4705,3.625,5.6721,3.1288,2.9684,3.7137,1.557,0.1619,0.6009,NULL,1.422,NULL,0.2306,0.4751,2.2857,0.4915,3.0566,NULL,0.507,1.0547);
INSERT INTO "istoric_curs" VALUES('2014-12-21',4.475,3.6474,5.7112,3.1459,2.9771,3.7175,1.5674,0.1623,0.6015,NULL,1.4161,NULL,0.2323,0.472,2.288,0.4949,3.0548,NULL,0.5101,1.0454);
INSERT INTO "istoric_curs" VALUES('2014-12-22',4.4674,3.6433,5.6895,3.143,2.9697,3.712,1.5716,0.1617,0.6005,NULL,1.4128,NULL,0.2321,0.4704,2.2841,0.4923,3.041,NULL,0.5096,1.0479);
INSERT INTO "istoric_curs" VALUES('2014-12-23',4.4674,3.6433,5.6895,3.143,2.9697,3.712,1.5716,0.1617,0.6005,NULL,1.4128,NULL,0.2321,0.4704,2.2841,0.4923,3.041,NULL,0.5096,1.0479);
INSERT INTO "istoric_curs" VALUES('2014-12-29',4.4744,3.6684,5.7064,3.155,2.99,3.72,1.576,0.1615,0.6014,NULL,1.4177,NULL,0.2342,0.4654,2.2877,0.4896,3.0457,NULL,0.5131,1.0407);
INSERT INTO "istoric_curs" VALUES('2014-12-28',NULL,NULL,NULL,NULL,NULL,NULL,NULL,NULL,NULL,NULL,NULL,NULL,NULL,NULL,NULL,NULL,NULL,NULL,NULL,NULL);
INSERT INTO "istoric_curs" VALUES('2015-01-04',4.4821,3.6868,5.743,3.1836,3.0232,3.7273,1.5834,0.1616,0.602,NULL,1.4211,NULL,0.2359,0.4778,2.2916,0.4987,3.0866,NULL,0.5157,1.0475);
INSERT INTO "istoric_curs" VALUES('2015-01-05',4.4821,3.6868,5.743,3.1836,3.0232,3.7273,1.5834,0.1616,0.602,NULL,1.4211,NULL,0.2359,0.4778,2.2916,0.4987,3.0866,NULL,0.5157,1.0475);
INSERT INTO "istoric_curs" VALUES('2015-01-06',4.4982,3.7797,5.7404,3.2108,3.0736,3.7441,1.6197,0.1625,0.6045,NULL,1.408,NULL,0.2396,0.4767,2.2999,0.489,3.1807,NULL,0.5286,1.0442);
INSERT INTO "istoric_curs" VALUES('2015-01-07',4.496,3.7936,5.738,3.206,3.0605,3.7437,1.6284,0.1622,0.6042,NULL,1.4078,NULL,0.2395,0.4776,2.2987,0.4866,3.1841,NULL,0.5306,1.0426);
INSERT INTO "istoric_curs" VALUES('2015-01-09',4.4882,3.8131,5.7405,3.2296,3.0878,3.7372,1.6521,0.161,0.6032,NULL,1.4124,NULL,0.2391,0.4768,2.2948,0.4964,3.1828,NULL,0.5333,1.0444);
INSERT INTO "istoric_curs" VALUES('2015-01-08',4.4882,3.8131,5.7405,3.2296,3.0878,3.7372,1.6521,0.161,0.6032,NULL,1.4124,NULL,0.2391,0.4768,2.2948,0.4964,3.1828,NULL,0.5333,1.0444);
INSERT INTO "istoric_curs" VALUES('2015-01-11',4.4887,3.8001,5.7577,3.2106,3.0914,3.7376,1.6518,0.1601,0.6034,NULL,1.4137,NULL,0.2391,0.4722,2.295,0.4958,3.1874,NULL,0.5315,1.0478);
INSERT INTO "istoric_curs" VALUES('2015-01-12',4.4856,3.8023,5.7489,3.2006,3.1054,3.7349,1.6609,0.158,0.603,NULL,1.4092,NULL,0.2382,0.4706,2.2934,0.4914,3.1895,NULL,0.5318,1.0493);
INSERT INTO "istoric_curs" VALUES('2015-01-13',4.4853,3.8009,5.743,3.1717,3.0938,3.7346,1.6668,0.1579,0.6028,NULL,1.4078,NULL,0.2373,0.4755,2.2933,0.4929,3.2066,NULL,0.5316,1.0476);
INSERT INTO "istoric_curs" VALUES('2015-01-14',4.4853,3.8009,5.743,3.1717,3.0938,3.7346,1.6668,0.1579,0.6028,NULL,1.4078,NULL,0.2373,0.4755,2.2933,0.4929,3.2066,NULL,0.5316,1.0476);
INSERT INTO "istoric_curs" VALUES('2015-01-16',4.5034,3.851,5.8573,3.2138,3.1495,4.3287,1.6788,0.1606,0.6056,NULL,1.3839,NULL,0.2324,0.4738,2.3025,0.4988,3.2962,NULL,0.5386,1.038);
INSERT INTO "istoric_curs" VALUES('2015-01-15',4.5034,3.851,5.8573,3.2138,3.1495,4.3287,1.6788,0.1606,0.6056,NULL,1.3839,NULL,0.2324,0.4738,2.3025,0.4988,3.2962,NULL,0.5386,1.038);
INSERT INTO "istoric_curs" VALUES('2015-01-17',4.5095,3.8863,5.9106,3.242,3.1937,4.4228,1.6838,0.1623,0.6065,NULL,1.4061,NULL,0.2314,0.4769,2.3056,0.5081,3.3337,NULL,0.5435,1.0447);
INSERT INTO "istoric_curs" VALUES('2015-01-18',4.5095,3.8863,5.9106,3.242,3.1937,4.4228,1.6838,0.1623,0.6065,NULL,1.4061,NULL,0.2314,0.4769,2.3056,0.5081,3.3337,NULL,0.5435,1.0447);
INSERT INTO "istoric_curs" VALUES('2015-01-19',4.5018,3.8815,5.8797,3.2448,3.1843,4.4716,1.656,0.1613,0.6055,NULL,1.4139,NULL,0.2307,0.4795,2.3017,0.5114,3.3101,NULL,0.5354,1.0427);
INSERT INTO "istoric_curs" VALUES('2015-01-20',4.5037,3.878,5.8784,3.2402,3.1843,4.4354,1.6576,0.1617,0.6058,NULL,1.4151,NULL,0.2276,0.4775,2.3027,0.5105,3.2746,NULL,0.5312,1.0403);
INSERT INTO "istoric_curs" VALUES('2015-01-21',4.511,3.8989,5.8867,3.2256,3.1967,4.5054,1.6662,0.162,0.6067,NULL,1.4288,NULL,0.2258,0.4789,2.3064,0.5112,3.3111,NULL,0.5304,1.0443);
INSERT INTO "istoric_curs" VALUES('2015-01-22',4.511,3.8989,5.8867,3.2256,3.1967,4.5054,1.6662,0.162,0.6067,NULL,1.4288,NULL,0.2258,0.4789,2.3064,0.5112,3.3111,NULL,0.5304,1.0443);
INSERT INTO "istoric_curs" VALUES('2015-01-24',4.4935,3.998,5.9929,3.2258,3.1865,4.5817,1.7089,0.1614,0.6037,NULL,1.4428,NULL,0.2219,0.481,2.2975,0.5146,3.3825,NULL,0.5405,1.0596);
INSERT INTO "istoric_curs" VALUES('2015-01-23',4.4935,3.998,5.9929,3.2258,3.1865,4.5817,1.7089,0.1614,0.6037,NULL,1.4428,NULL,0.2219,0.481,2.2975,0.5146,3.3825,NULL,0.5405,1.0596);
INSERT INTO "istoric_curs" VALUES('2015-01-25',4.4935,3.998,5.9929,3.2258,3.1865,4.5817,1.7089,0.1614,0.6037,NULL,1.4428,NULL,0.2219,0.481,2.2975,0.5146,3.3825,NULL,0.5405,1.0596);
INSERT INTO "istoric_curs" VALUES('2015-01-26',4.48,3.9888,5.9881,3.2015,3.1588,4.484,1.6874,0.1614,0.6017,NULL,1.4409,NULL,0.2279,0.4791,2.2906,0.5135,3.3769,NULL,0.5361,1.06);
INSERT INTO "istoric_curs" VALUES('2015-01-27',4.4709,3.9644,5.9751,3.177,3.1499,4.4269,1.6779,0.1609,0.6003,NULL,1.4314,NULL,0.2243,0.4794,2.2859,0.5088,3.3565,NULL,0.5329,1.0587);
INSERT INTO "istoric_curs" VALUES('2015-01-28',4.4585,3.9258,5.9697,3.1541,3.1206,4.3632,1.6624,0.1601,0.5989,NULL,1.4307,NULL,0.2219,0.4805,2.2796,0.5079,3.3357,NULL,0.5255,1.0532);
INSERT INTO "istoric_curs" VALUES('2015-01-29',4.4451,3.9335,5.9566,3.1375,3.0695,4.2748,1.6364,0.1598,0.5971,NULL,1.4229,NULL,0.2193,0.4769,2.2727,0.5051,3.3372,NULL,0.5182,1.049);
INSERT INTO "istoric_curs" VALUES('2015-01-30',4.4451,3.9335,5.9566,3.1375,3.0695,4.2748,1.6364,0.1598,0.5971,NULL,1.4229,NULL,0.2193,0.4769,2.2727,0.5051,3.3372,NULL,0.5182,1.049);
INSERT INTO "istoric_curs" VALUES('2015-02-01',4.4424,3.9157,5.9039,3.0935,3.032,4.2438,1.6151,0.1596,0.5968,NULL,1.4246,NULL,0.22,0.4738,2.2713,0.502,3.3303,NULL,0.5159,1.0549);
INSERT INTO "istoric_curs" VALUES('2015-02-02',4.4109,3.8885,5.8446,3.0552,3.0312,4.1766,1.6032,0.1589,0.5925,NULL,1.4183,NULL,0.2173,0.471,2.2552,0.5039,3.3063,NULL,0.5098,1.0565);
INSERT INTO "istoric_curs" VALUES('2015-02-04',4.4081,3.8507,5.8502,3.0876,3.0037,4.1611,1.5934,0.1588,0.5922,NULL,1.4276,NULL,0.2151,0.468,2.2538,0.5094,3.2811,NULL,0.5047,1.056);
INSERT INTO "istoric_curs" VALUES('2015-02-03',4.4018,3.8772,5.8391,3.0907,2.9779,4.1912,1.6036,0.1586,0.5912,NULL,1.4226,NULL,0.2157,0.4677,2.2506,0.5089,3.3001,NULL,0.5083,1.0536);
INSERT INTO "istoric_curs" VALUES('2015-02-06',4.4143,3.8583,5.9137,3.098,3.0207,4.1808,1.5839,0.1593,0.593,NULL,1.442,NULL,0.2121,0.4659,2.257,0.5141,3.289,NULL,0.5057,1.0579);
INSERT INTO "istoric_curs" VALUES('2015-02-05',4.4088,3.8542,5.8757,3.0805,3.0128,4.1522,1.5796,0.1589,0.5922,NULL,1.4296,NULL,0.2118,0.4669,2.2542,0.5097,3.2832,NULL,0.5051,1.0562);
INSERT INTO "istoric_curs" VALUES('2015-02-08',4.4143,3.8583,5.9137,3.098,3.0207,4.1808,1.5839,0.1593,0.593,NULL,1.442,NULL,0.2121,0.4659,2.257,0.5141,3.289,NULL,0.5057,1.0579);
INSERT INTO "istoric_curs" VALUES('2015-02-09',4.4143,3.8583,5.9137,3.098,3.0207,4.1808,1.5839,0.1593,0.593,NULL,1.442,NULL,0.2121,0.4659,2.257,0.5141,3.289,NULL,0.5057,1.0579);
INSERT INTO "istoric_curs" VALUES('2015-02-10',4.437,3.93,5.9858,3.1485,3.0572,4.2451,1.5833,0.16,0.596,NULL,1.4313,NULL,0.2125,0.4699,2.2686,0.5169,3.3033,NULL,0.5151,1.0569);
INSERT INTO "istoric_curs" VALUES('2015-02-11',4.442,3.927,6.0068,3.1118,3.039,4.2388,1.5757,0.1603,0.5967,NULL,1.4318,NULL,0.2116,0.47,2.2711,0.5172,3.2759,NULL,0.5147,1.0548);
INSERT INTO "istoric_curs" VALUES('2015-02-12',4.4316,3.9081,5.983,3.1132,3.0057,4.2024,1.5715,0.16,0.5953,NULL,1.4407,NULL,0.2101,0.4615,2.2658,0.5085,3.2647,NULL,0.5122,1.0583);
INSERT INTO "istoric_curs" VALUES('2015-02-13',4.4316,3.9081,5.983,3.1132,3.0057,4.2024,1.5715,0.16,0.5953,NULL,1.4407,NULL,0.2101,0.4615,2.2658,0.5085,3.2647,NULL,0.5122,1.0583);
INSERT INTO "istoric_curs" VALUES('2015-02-17',4.448,3.9052,6.0092,3.1538,3.0497,4.1895,1.5933,0.161,0.5976,NULL,1.4461,NULL,0.1988,0.4664,2.2742,0.5183,3.2873,NULL,0.5118,1.0624);
INSERT INTO "istoric_curs" VALUES('2015-02-18',4.4503,3.9079,6.0274,3.1453,3.0478,4.1623,1.5856,0.1613,0.5978,NULL,1.4453,NULL,0.1853,0.4666,2.2754,0.52,3.2767,NULL,0.5122,1.0622);
INSERT INTO "istoric_curs" VALUES('2015-02-19',4.4434,3.8982,6.0196,3.1234,3.0284,4.1225,1.594,0.1621,0.5969,NULL,1.4532,NULL,0.1883,0.4642,2.2719,0.5152,3.2793,NULL,0.5109,1.0647);
INSERT INTO "istoric_curs" VALUES('2015-02-20',4.4434,3.8982,6.0196,3.1234,3.0284,4.1225,1.594,0.1621,0.5969,NULL,1.4532,NULL,0.1883,0.4642,2.2719,0.5152,3.2793,NULL,0.5109,1.0647);
INSERT INTO "istoric_curs" VALUES('2015-02-22',4.4498,3.9243,6.032,3.1538,3.0739,4.1288,1.5996,0.162,0.5973,NULL,1.4586,NULL,0.1935,0.4661,2.2751,0.5169,3.3048,NULL,0.5143,1.0649);
INSERT INTO "istoric_curs" VALUES('2015-02-23',4.4521,3.9378,6.0396,3.1283,3.0672,4.144,1.5858,0.162,0.597,NULL,1.4572,NULL,0.2024,0.4659,2.2763,0.5168,3.3053,NULL,0.5161,1.0662);
INSERT INTO "istoric_curs" VALUES('2015-02-24',4.4478,3.9335,6.0775,3.1106,3.0503,4.1413,1.5864,0.1622,0.5966,NULL,1.4559,NULL,0.214,0.4679,2.2741,0.516,3.2916,NULL,0.5157,1.0661);
INSERT INTO "istoric_curs" VALUES('2015-02-25',4.4216,3.8952,6.04,3.131,3.0716,4.104,1.5797,0.1615,0.5925,NULL,1.4469,NULL,0.2197,0.4666,2.2607,0.5131,3.2784,NULL,0.5105,1.0614);
INSERT INTO "istoric_curs" VALUES('2015-02-26',4.4252,3.8932,6.0474,3.1387,3.0802,4.1178,1.5723,0.1611,0.5926,NULL,1.4586,NULL,0.2162,0.4706,2.2625,0.5168,3.2795,NULL,0.5102,1.0655);
INSERT INTO "istoric_curs" VALUES('2015-02-27',4.4252,3.8932,6.0474,3.1387,3.0802,4.1178,1.5723,0.1611,0.5926,NULL,1.4586,NULL,0.2162,0.4706,2.2625,0.5168,3.2795,NULL,0.5102,1.0655);
INSERT INTO "istoric_curs" VALUES('2015-02-28',4.4381,3.9515,6.0875,3.1655,3.0915,4.1664,1.5709,0.1615,0.5947,NULL,1.4629,NULL,0.2082,0.474,2.2691,0.5171,3.3099,NULL,0.5179,1.0684);
INSERT INTO "istoric_curs" VALUES('2015-03-01',4.4381,3.9515,6.0875,3.1655,3.0915,4.1664,1.5709,0.1615,0.5947,NULL,1.4629,NULL,0.2082,0.474,2.2691,0.5171,3.3099,NULL,0.5179,1.0684);
INSERT INTO "istoric_curs" VALUES('2015-03-02',4.4424,3.9599,6.1043,3.1709,3.0831,4.1413,1.5776,0.1614,0.5952,NULL,1.4643,NULL,0.2151,0.4744,2.2714,0.5161,3.305,NULL,0.519,1.069);
INSERT INTO "istoric_curs" VALUES('2015-03-03',4.4551,3.9892,6.1306,3.1845,3.1139,4.1501,1.5793,0.1622,0.5978,NULL,1.4607,NULL,0.2167,0.4796,2.2779,0.5178,3.3288,NULL,0.5228,1.0713);
INSERT INTO "istoric_curs" VALUES('2015-03-04',4.4542,4.0041,6.1412,3.1987,3.1361,4.1595,1.5727,0.1622,0.5972,NULL,1.4513,NULL,0.2152,0.4824,2.2774,0.5169,3.3475,NULL,0.5251,1.0677);
INSERT INTO "istoric_curs" VALUES('2015-03-06',4.4402,4.0491,6.146,3.2454,3.1595,4.1457,1.5522,0.1626,0.5959,NULL,1.461,NULL,0.2107,0.4845,2.2702,0.5194,3.3721,NULL,0.5307,1.0755);
INSERT INTO "istoric_curs" VALUES('2015-03-05',4.4454,4.0228,6.1358,3.2399,3.1408,4.1532,1.5547,0.1619,0.5964,NULL,1.4577,NULL,0.2111,0.4822,2.2729,0.518,3.3477,NULL,0.5274,1.0739);
INSERT INTO "istoric_curs" VALUES('2015-03-08',4.4402,4.0491,6.146,3.2454,3.1595,4.1457,1.5522,0.1626,0.5959,NULL,1.461,NULL,0.2107,0.4845,2.2702,0.5194,3.3721,NULL,0.5307,1.0755);
INSERT INTO "istoric_curs" VALUES('2015-03-09',4.4439,4.0779,6.1657,3.2396,3.1513,4.1481,1.5704,0.1629,0.5964,NULL,1.4553,NULL,0.2129,0.4824,2.2721,0.5176,3.3754,NULL,0.5345,1.0769);
INSERT INTO "istoric_curs" VALUES('2015-03-10',4.4435,4.1279,6.226,3.2642,3.1531,4.1621,1.5678,0.1629,0.5963,NULL,1.4488,NULL,0.2147,0.4836,2.272,0.5139,3.3952,NULL,0.5412,1.0758);
INSERT INTO "istoric_curs" VALUES('2015-03-11',4.4444,4.2059,6.3342,3.3112,3.1966,4.1794,1.5995,0.1628,0.5958,NULL,1.4534,NULL,0.2193,0.4883,2.2724,0.5132,3.4594,NULL,0.5514,1.0727);
INSERT INTO "istoric_curs" VALUES('2015-03-13',4.436,4.1796,6.2704,3.2974,3.2144,4.169,1.6137,0.1626,0.595,NULL,1.4611,NULL,0.2221,0.4887,2.2681,0.5161,3.452,NULL,0.5478,1.0742);
INSERT INTO "istoric_curs" VALUES('2015-03-12',4.436,4.1796,6.2704,3.2974,3.2144,4.169,1.6137,0.1626,0.595,NULL,1.4611,NULL,0.2221,0.4887,2.2681,0.5161,3.452,NULL,0.5478,1.0742);
INSERT INTO "istoric_curs" VALUES('2015-03-15',4.4472,4.2012,6.2342,3.2985,3.2178,4.1728,1.6018,0.163,0.5964,NULL,1.4527,NULL,0.2249,0.4861,2.2739,0.5159,3.459,NULL,0.5508,1.0705);
INSERT INTO "istoric_curs" VALUES('2015-03-16',4.437,4.2107,6.2247,3.2984,3.2163,4.194,1.6059,0.1625,0.5948,NULL,1.4599,NULL,0.2274,0.4846,2.2686,0.5127,3.4706,NULL,0.552,1.0741);
INSERT INTO "istoric_curs" VALUES('2015-03-17',4.4389,4.1805,6.178,3.2735,3.1997,4.1709,1.5999,0.163,0.5948,NULL,1.4592,NULL,0.2293,0.4838,2.2696,0.5035,3.4476,NULL,0.5481,1.0717);
INSERT INTO "istoric_curs" VALUES('2015-03-18',4.4459,4.1848,6.1424,3.2702,3.1886,4.1744,1.5969,0.1633,0.5961,NULL,1.4641,NULL,0.2285,0.4847,2.2731,0.5023,3.4541,NULL,0.5485,1.0718);
INSERT INTO "istoric_curs" VALUES('2015-03-19',4.4151,4.1282,6.1565,3.2626,3.177,4.1599,1.5921,0.1613,0.5923,NULL,1.4601,NULL,0.2273,0.4765,2.2574,0.5123,3.4245,NULL,0.541,1.0706);
INSERT INTO "istoric_curs" VALUES('2015-03-20',4.4306,4.144,6.112,3.2651,3.181,4.199,1.5948,0.1614,0.5945,NULL,1.4586,NULL,0.2257,0.4772,2.2653,0.5119,3.4238,NULL,0.5431,1.0733);
INSERT INTO "istoric_curs" VALUES('2015-03-22',4.4306,4.144,6.112,3.2651,3.181,4.199,1.5948,0.1614,0.5945,NULL,1.4586,NULL,0.2257,0.4772,2.2653,0.5119,3.4238,NULL,0.5431,1.0733);
INSERT INTO "istoric_curs" VALUES('2015-03-23',4.433,4.0791,6.0864,3.2456,3.1831,4.1878,1.5885,0.1618,0.5948,NULL,1.4573,NULL,0.2241,0.4768,2.2665,0.5118,3.4037,NULL,0.5346,1.0757);
INSERT INTO "istoric_curs" VALUES('2015-03-24',4.4045,4.009,5.9819,3.2106,3.1665,4.1868,1.57,0.1607,0.5903,NULL,1.4536,NULL,0.2173,0.4731,2.252,0.5115,3.359,NULL,0.5254,1.0719);
INSERT INTO "istoric_curs" VALUES('2015-03-25',4.4077,4.0211,5.9826,3.2178,3.1698,4.1986,1.5711,0.1609,0.5901,NULL,1.4728,NULL,0.2145,0.4733,2.2536,0.5128,3.3627,NULL,0.527,1.0766);
CREATE TABLE angajati (angajat_id INTEGER PRIMARY KEY AUTOINCREMENT, nume varchar(50), functie varchar(50), cnp varchar(20),deleted char(1) default 'n', 'gestiune_id' integer DEFAULT 0);
INSERT INTO "angajati" VALUES(1,'DOBRE NICOLETA','','2771029135710','n',0);
INSERT INTO "angajati" VALUES(2,'DRAGOI DANIELA','','2701204131233','n',0);
INSERT INTO "angajati" VALUES(3,'TUDOR LUMINITA MONICA','','2700405131216','n',0);
CREATE TABLE operatiuni_casa (operatiune_id INTEGER PRIMARY KEY AUTOINCREMENT,angajat_id integer, nume_angajat varchar(50), functie_angajat varchar(50), cnp_angajat varchar(20), nume_operatiune varchar(50),tip_operatiune varchar(50), moneda varchar(10), curs numeric(20),valoare numeric(50), v_valoare numeric(50), data date, descriere varchar(100), numar_document varchar(50), deleted char(1) default 'n', 'fk_id' numeric(20) DEFAULT 0, 'nr_anexa' varchar(50) DEFAULT '');
INSERT INTO "operatiuni_casa" VALUES(1,0,'','','','Sold initial','-','RON',1,0,0,'2010-01-01','SOLD INITIAL NE SETAT','','n',0,'');
INSERT INTO "operatiuni_casa" VALUES(2,0,'','','','Chitanta','incasare','RON',1,36.67,36.67,'2014-12-22','fact.  XR000069 din 22/12/2014','XC000051','n',366,'');
INSERT INTO "operatiuni_casa" VALUES(3,0,'','','','Chitanta','incasare','RON',1,99,99,'2015-01-07','fact.  XR000073 din 07/01/2015','XC000052','n',369,'');
INSERT INTO "operatiuni_casa" VALUES(6,0,'','','','Chitanta','incasare','RON',1,230,230,'2015-01-16','fact.  XR000077 din 16/01/2015','XC000052','n',379,'');
INSERT INTO "operatiuni_casa" VALUES(7,0,'','','','Chitanta','incasare','RON',1,15.8,15.8,'2015-01-16','fact.  XR000078 din 16/01/2015','XC000053','n',380,'');
INSERT INTO "operatiuni_casa" VALUES(8,0,'','','','Chitanta','incasare','RON',1,314.29,314.29,'2015-01-21',' CVF XR000080/21.01.2015','XC000054','n',381,'');
INSERT INTO "operatiuni_casa" VALUES(9,0,'','','','Chitanta','incasare','RON',1,37.1,37.1,'2015-01-28','c/v FF nr XR 000085/27.01.2015','XC000055','n',387,'');
INSERT INTO "operatiuni_casa" VALUES(10,0,'','','','Chitanta','incasare','RON',1,120,120,'2015-02-02','fact.  XR000091 din 02/02/2015','XC000056','n',394,'');
INSERT INTO "operatiuni_casa" VALUES(11,0,'','','','Chitanta','incasare','RON',1,756.4,756.4,'2015-02-04','fact.  XR000093 din 04/02/2015','XC000057','n',396,'');
INSERT INTO "operatiuni_casa" VALUES(12,0,'','','','Chitanta','incasare','RON',1,900,900,'2015-02-04','avans ff nr xr 000086/28.01.2015','XC000058','n',397,'');
INSERT INTO "operatiuni_casa" VALUES(14,0,'','','','Chitanta','incasare','RON',1,37.2,37.2,'2015-02-09','fact.  XR000094 din 05/02/2015','XC000059','n',408,'');
INSERT INTO "operatiuni_casa" VALUES(15,0,'','','','Chitanta','incasare','RON',1,765.15,765.15,'2015-02-13','cvf 000097/12.02.2015, diferenta fact 000053/10.12.2014','XC000060','n',409,'');
INSERT INTO "operatiuni_casa" VALUES(16,0,'','','','Chitanta','incasare','RON',1,338.71,338.71,'2015-02-24','fact.  XR000098 din 23/02/2015','XC000061','n',410,'');
INSERT INTO "operatiuni_casa" VALUES(17,0,'','','','Chitanta','incasare','RON',1,70,70,'2015-02-26','fact.  XR000106 din 26/02/2015','XC000062','n',421,'');
INSERT INTO "operatiuni_casa" VALUES(18,0,'','','','Chitanta','incasare','RON',1,120,120,'2015-03-04','fact.  XR000116 din 04/03/2015','XC000063','n',424,'');
INSERT INTO "operatiuni_casa" VALUES(19,0,'','','','Chitanta','incasare','RON',1,1156.24,1156.24,'2015-03-09','fact.  XR000119 din 09/03/2015','XC000064','n',429,'');
INSERT INTO "operatiuni_casa" VALUES(20,0,'','','','Chitanta','incasare','RON',1,120,120,'2015-03-10','fact.  XR000120 din 10/03/2015','XC000065','n',430,'');
INSERT INTO "operatiuni_casa" VALUES(21,0,'','','','Chitanta','incasare','RON',1,237.9,237.9,'2015-03-11','fact.  XR000122 din 11/03/2015','XC000066','n',441,'');
CREATE TABLE jurnal (operatiune_jurnal_id INTEGER PRIMARY KEY AUTOINCREMENT,descriere varchar(150),tip_document varchar(50),document varchar(50),data datetime,user varchar(50),adresa_ip varchar(50) );
INSERT INTO "jurnal" VALUES(1,'Emitere factura ','Factura','XR000052','2014-12-10 15:07:52','admin','server');
INSERT INTO "jurnal" VALUES(2,'Emitere factura ','Factura','XR000053','2014-12-10 16:06:19','admin','server');
INSERT INTO "jurnal" VALUES(3,'Emitere factura ','Factura','XR000054','2014-12-10 16:18:22','admin','server');
INSERT INTO "jurnal" VALUES(4,'Editare factura ','Factura','XR000053','2014-12-10 16:20:52','admin','server');
INSERT INTO "jurnal" VALUES(5,'Editare factura ','Factura','XR000052','2014-12-10 16:24:29','admin','server');
INSERT INTO "jurnal" VALUES(6,'Stergere factura ','Factura','XR000054','2014-12-10 16:25:34','admin','server');
INSERT INTO "jurnal" VALUES(7,'Emitere factura ','Factura','XR000054','2014-12-11 10:55:10','admin','server');
INSERT INTO "jurnal" VALUES(8,'Editare factura ','Factura','XR000052','2014-12-11 11:12:41','admin','server');
INSERT INTO "jurnal" VALUES(9,'Editare factura ','Factura','XR000052','2014-12-11 11:21:35','admin','server');
INSERT INTO "jurnal" VALUES(10,'Editare factura ','Factura','XR000054','2014-12-11 11:49:18','admin','server');
INSERT INTO "jurnal" VALUES(11,'Emitere  NIR','Nir','NXR000029','2014-12-11 16:27:19','admin','server');
INSERT INTO "jurnal" VALUES(12,'Editare  NIR','Nir','NXR000029','2014-12-11 16:41:52','admin','server');
INSERT INTO "jurnal" VALUES(13,'Emitere  NIR','Nir','NXR000030','2014-12-12 16:04:39','admin','server');
INSERT INTO "jurnal" VALUES(14,'Stergere NIR ','Nir','NXR000030','2014-12-12 16:05:30','admin','server');
INSERT INTO "jurnal" VALUES(15,'Emitere  NIR','Nir','NXR000030','2014-12-12 16:07:43','admin','server');
INSERT INTO "jurnal" VALUES(16,'Editare  NIR','Nir','NXR000030','2014-12-12 16:08:32','admin','server');
INSERT INTO "jurnal" VALUES(17,'Emitere  NIR','Nir','NXR000031','2014-12-12 16:36:08','admin','server');
INSERT INTO "jurnal" VALUES(18,'Emitere  NIR','Nir','NXR000032','2014-12-12 16:42:13','admin','server');
INSERT INTO "jurnal" VALUES(19,'Emitere factura ','Factura','XR000055','2014-12-12 16:49:50','admin','server');
INSERT INTO "jurnal" VALUES(20,'Emitere factura ','Factura','XR000056','2014-12-12 16:59:08','admin','server');
INSERT INTO "jurnal" VALUES(21,'Editare  NIR','Nir','NXR000031','2014-12-15 09:40:18','admin','server');
INSERT INTO "jurnal" VALUES(22,'Emitere  NIR','Nir','NXR000033','2014-12-15 12:22:44','admin','server');
INSERT INTO "jurnal" VALUES(23,'Emitere factura ','Factura','XR000057','2014-12-15 13:14:55','admin','server');
INSERT INTO "jurnal" VALUES(24,'Editare factura ','Factura','XR000057','2014-12-15 13:16:47','admin','server');
INSERT INTO "jurnal" VALUES(25,'Editare factura ','Factura','XR000057','2014-12-15 13:18:35','admin','server');
INSERT INTO "jurnal" VALUES(26,'Emitere factura ','Factura','XR000058','2014-12-15 13:35:51','admin','server');
INSERT INTO "jurnal" VALUES(27,'Emitere factura ','Factura','XR000059','2014-12-15 13:42:14','admin','server');
INSERT INTO "jurnal" VALUES(28,'Emitere factura ','Factura','XR000060','2014-12-15 13:57:12','admin','server');
INSERT INTO "jurnal" VALUES(29,'Emitere  NIR','Nir','NXR000034','2014-12-15 16:00:17','admin','server');
INSERT INTO "jurnal" VALUES(30,'Emitere  NIR','Nir','NXR000035','2014-12-15 17:02:58','admin','server');
INSERT INTO "jurnal" VALUES(31,'Emitere  NIR','Nir','NXR000036','2014-12-16 09:51:43','admin','server');
INSERT INTO "jurnal" VALUES(32,'Emitere factura ','Factura','XR000061','2014-12-16 10:45:52','admin','server');
INSERT INTO "jurnal" VALUES(33,'Editare  NIR','Nir','NXR000036','2014-12-16 10:57:05','admin','server');
INSERT INTO "jurnal" VALUES(34,'Editare factura ','Factura','XR000061','2014-12-16 11:02:21','admin','server');
INSERT INTO "jurnal" VALUES(35,'Editare factura ','Factura','XR000061','2014-12-16 11:12:23','admin','server');
INSERT INTO "jurnal" VALUES(36,'Editare  NIR','Nir','NXR000036','2014-12-16 13:32:25','admin','server');
INSERT INTO "jurnal" VALUES(37,'Editare factura ','Factura','XR000061','2014-12-16 13:34:02','admin','server');
INSERT INTO "jurnal" VALUES(38,'Editare  NIR','Nir','NXR000036','2014-12-16 14:20:31','admin','server');
INSERT INTO "jurnal" VALUES(39,'Editare  NIR','Nir','NXR000031','2014-12-17 09:27:34','admin','server');
INSERT INTO "jurnal" VALUES(40,'Salvare date','','','2014-12-18 10:23:39','admin','server');
INSERT INTO "jurnal" VALUES(41,'Emitere factura ','Factura','XR000062','2014-12-19 11:10:50','admin','server');
INSERT INTO "jurnal" VALUES(42,'Emitere factura ','Factura','XR000063','2014-12-19 12:15:10','admin','server');
INSERT INTO "jurnal" VALUES(43,'Editare factura ','Factura','XR000063','2014-12-19 12:16:35','admin','server');
INSERT INTO "jurnal" VALUES(44,'Emitere factura ','Factura','XR000064','2014-12-19 12:19:42','admin','server');
INSERT INTO "jurnal" VALUES(45,'Incasare factura ','Ordin plata','','2014-12-19 12:53:02','admin','server');
INSERT INTO "jurnal" VALUES(46,'Incasare factura ','Ordin plata','','2014-12-19 12:53:47','admin','server');
INSERT INTO "jurnal" VALUES(47,'Emitere factura ','Factura','XR000065','2014-12-19 15:11:51','admin','server');
INSERT INTO "jurnal" VALUES(48,'Editare factura ','Factura','XR000065','2014-12-19 16:00:34','admin','server');
INSERT INTO "jurnal" VALUES(49,'Emitere factura ','Factura','XR000066','2014-12-19 16:11:35','admin','server');
INSERT INTO "jurnal" VALUES(50,'Emitere factura ','Factura','XR000067','2014-12-22 10:02:32','admin','server');
INSERT INTO "jurnal" VALUES(51,'Emitere factura ','Factura','XR000068','2014-12-22 12:39:28','admin','server');
INSERT INTO "jurnal" VALUES(52,'Emitere factura ','Factura','XR000069','2014-12-22 15:55:52','admin','server');
INSERT INTO "jurnal" VALUES(53,'Emitere chitanta ','Chitanta','XC000051','2014-12-22 15:55:52','admin','server');
INSERT INTO "jurnal" VALUES(54,'Incasare factura ','Ordin plata','','2014-12-23 13:06:28','admin','server');
INSERT INTO "jurnal" VALUES(55,'Incasare factura ','Ordin plata','','2014-12-23 13:06:31','admin','server');
INSERT INTO "jurnal" VALUES(56,'Emitere  bon consum','Bon consum','BCX000006','2015-01-05 10:03:20','admin','server');
INSERT INTO "jurnal" VALUES(57,'Emitere factura ','Factura','XR000070','2015-01-05 12:57:16','admin','server');
INSERT INTO "jurnal" VALUES(58,'Stergere factura ','Factura','XR000070','2015-01-05 14:42:09','admin','server');
INSERT INTO "jurnal" VALUES(59,'Emitere  bon consum','Bon consum','BCX000007','2015-01-05 16:14:40','admin','server');
INSERT INTO "jurnal" VALUES(60,'Emitere  bon consum','Bon consum','BCX000008','2015-01-05 16:20:48','admin','server');
INSERT INTO "jurnal" VALUES(61,'Emitere factura ','Factura','XR000070','2015-01-06 13:21:57','admin','server');
INSERT INTO "jurnal" VALUES(62,'Emitere factura ','Factura','XR000071','2015-01-06 13:33:54','admin','server');
INSERT INTO "jurnal" VALUES(63,'Editare factura ','Factura','XR000070','2015-01-06 13:38:02','admin','server');
INSERT INTO "jurnal" VALUES(64,'Emitere factura ','Factura','XR000072','2015-01-07 11:00:00','admin','server');
INSERT INTO "jurnal" VALUES(65,'Emitere factura ','Factura','XR000073','2015-01-07 12:29:31','admin','server');
INSERT INTO "jurnal" VALUES(66,'Incasare','Incasare','','2015-01-07 12:29:31','admin','server');
INSERT INTO "jurnal" VALUES(67,'Editare factura ','Factura','XR000073','2015-01-07 12:31:03','admin','server');
INSERT INTO "jurnal" VALUES(68,'Editare chitanta ','Chitanta','XC000052','2015-01-07 12:31:03','admin','server');
INSERT INTO "jurnal" VALUES(69,'Editare factura ','Factura','XR000073','2015-01-07 12:31:31','admin','server');
INSERT INTO "jurnal" VALUES(70,'Editare chitanta ','Chitanta','XC000052','2015-01-07 12:31:31','admin','server');
INSERT INTO "jurnal" VALUES(71,'Stergere factura ','Factura','XR000073','2015-01-07 12:33:39','admin','server');
INSERT INTO "jurnal" VALUES(72,'Emitere factura ','Factura','XR000073','2015-01-07 12:36:02','admin','server');
INSERT INTO "jurnal" VALUES(73,'Emitere chitanta ','Chitanta','XC000052','2015-01-07 12:36:02','admin','server');
INSERT INTO "jurnal" VALUES(74,'Emitere  NIR','Nir','NXR000037','2015-01-07 16:07:20','admin','server');
INSERT INTO "jurnal" VALUES(75,'Emitere  bon consum','Bon consum','BCX000009','2015-01-07 16:09:16','admin','server');
INSERT INTO "jurnal" VALUES(76,'Stergere bon consum ','Bon consum','BCX000009','2015-01-07 16:11:08','admin','server');
INSERT INTO "jurnal" VALUES(77,'Emitere  bon consum','Bon consum','BCX000009','2015-01-07 16:12:06','admin','server');
INSERT INTO "jurnal" VALUES(78,'Incasare factura ','Ordin plata','','2015-01-08 12:38:00','admin','server');
INSERT INTO "jurnal" VALUES(79,'Incasare factura ','Ordin plata','','2015-01-08 12:38:02','admin','server');
INSERT INTO "jurnal" VALUES(80,'Incasare factura ','Ordin plata','','2015-01-08 12:38:04','admin','server');
INSERT INTO "jurnal" VALUES(81,'Incasare factura ','Ordin plata','','2015-01-08 12:38:04','admin','server');
INSERT INTO "jurnal" VALUES(82,'Incasare factura ','Ordin plata','','2015-01-08 12:38:05','admin','server');
INSERT INTO "jurnal" VALUES(83,'Incasare factura ','Ordin plata','','2015-01-08 12:38:06','admin','server');
INSERT INTO "jurnal" VALUES(84,'Incasare factura ','Ordin plata','','2015-01-08 12:38:06','admin','server');
INSERT INTO "jurnal" VALUES(85,'Emitere  NIR','Nir','NXR000038','2015-01-08 12:45:54','admin','server');
INSERT INTO "jurnal" VALUES(86,'Emitere factura furnizor','Factura furnizor','1500081','2015-01-08 12:50:20','admin','server');
INSERT INTO "jurnal" VALUES(87,'Editare  NIR','Nir','NXR000037','2015-01-08 14:01:06','admin','server');
INSERT INTO "jurnal" VALUES(88,'Emitere factura furnizor','Factura furnizor','1160595','2015-01-08 14:04:24','admin','server');
INSERT INTO "jurnal" VALUES(89,'Stergere chitanta ','Chitanta','XC000052','2015-01-08 17:04:00','admin','server');
INSERT INTO "jurnal" VALUES(90,'Emitere operatiune casa (incasare) ','Chitanta','4','2015-01-08 17:09:43','admin','server');
INSERT INTO "jurnal" VALUES(91,'Stergere operatiune casa (incasare) ','Chitanta','4','2015-01-08 17:10:43','admin','server');
INSERT INTO "jurnal" VALUES(92,'Salvare date','','','2015-01-08 19:05:42','admin','server');
INSERT INTO "jurnal" VALUES(93,'Emitere factura ','Factura','XR000074','2015-01-09 09:26:34','admin','server');
INSERT INTO "jurnal" VALUES(94,'Emitere  NIR','Nir','NXR000039','2015-01-12 11:40:44','admin','server');
INSERT INTO "jurnal" VALUES(95,'Emitere  NIR','Nir','NXR000040','2015-01-12 15:39:58','admin','server');
INSERT INTO "jurnal" VALUES(96,'Editare factura ','Factura','XR000064','2015-01-13 11:13:47','admin','server');
INSERT INTO "jurnal" VALUES(97,'Emitere factura furnizor','Factura furnizor','1500193','2015-01-14 10:06:47','admin','server');
INSERT INTO "jurnal" VALUES(98,'Emitere  NIR','Nir','NXR000041','2015-01-14 10:07:47','admin','server');
INSERT INTO "jurnal" VALUES(99,'Emitere  NIR','Nir','NXR000042','2015-01-14 10:24:37','admin','server');
INSERT INTO "jurnal" VALUES(100,'Stergere NIR ','Nir','NXR000042','2015-01-14 10:28:46','admin','server');
INSERT INTO "jurnal" VALUES(101,'Stergere NIR ','Nir','NXR000041','2015-01-14 10:28:56','admin','server');
INSERT INTO "jurnal" VALUES(102,'Emitere factura furnizor','Factura furnizor','118198','2015-01-14 10:34:12','admin','server');
INSERT INTO "jurnal" VALUES(103,'Emitere  NIR','Nir','NXR000041','2015-01-14 10:36:43','admin','server');
INSERT INTO "jurnal" VALUES(104,'Emitere factura furnizor','Factura furnizor','1500193','2015-01-14 10:41:41','admin','server');
INSERT INTO "jurnal" VALUES(105,'Emitere  NIR','Nir','NXR000042','2015-01-14 10:42:25','admin','server');
INSERT INTO "jurnal" VALUES(106,'Incasare factura ','Ordin plata','','2015-01-14 10:43:21','admin','server');
INSERT INTO "jurnal" VALUES(107,'Emitere factura ','Factura','XR000075','2015-01-14 15:36:59','admin','server');
INSERT INTO "jurnal" VALUES(108,'Emitere factura furnizor','Factura furnizor','25347','2015-01-14 15:40:15','admin','server');
INSERT INTO "jurnal" VALUES(109,'Emitere  NIR','Nir','NXR000043','2015-01-14 16:33:24','admin','server');
INSERT INTO "jurnal" VALUES(110,'Editare factura furnizor','Factura furnizor','25347','2015-01-14 16:35:44','admin','server');
INSERT INTO "jurnal" VALUES(111,'Emitere factura furnizor','Factura furnizor','25361','2015-01-14 16:39:47','admin','server');
INSERT INTO "jurnal" VALUES(112,'Emitere  NIR','Nir','NXR000044','2015-01-14 16:41:45','admin','server');
INSERT INTO "jurnal" VALUES(113,'Emitere factura furnizor','Factura furnizor','25348','2015-01-14 16:45:15','admin','server');
INSERT INTO "jurnal" VALUES(114,'Emitere  NIR','Nir','NXR000045','2015-01-14 16:46:06','admin','server');
INSERT INTO "jurnal" VALUES(115,'Emitere factura ','Factura','XR000076','2015-01-14 17:55:42','admin','server');
INSERT INTO "jurnal" VALUES(116,'Emitere factura ','Factura','XR000077','2015-01-16 11:14:55','admin','server');
INSERT INTO "jurnal" VALUES(117,'Emitere chitanta ','Chitanta','XC000052','2015-01-16 11:14:55','admin','server');
INSERT INTO "jurnal" VALUES(118,'Emitere factura ','Factura','XR000078','2015-01-16 12:11:13','admin','server');
INSERT INTO "jurnal" VALUES(119,'Emitere chitanta ','Chitanta','XC000053','2015-01-16 12:11:13','admin','server');
INSERT INTO "jurnal" VALUES(120,'Emitere factura furnizor','Factura furnizor','1500383','2015-01-20 12:49:58','admin','server');
INSERT INTO "jurnal" VALUES(121,'Emitere  NIR','Nir','NXR000046','2015-01-20 12:52:02','admin','server');
INSERT INTO "jurnal" VALUES(122,'Emitere factura ','Factura','XR000079','2015-01-21 10:02:29','admin','server');
INSERT INTO "jurnal" VALUES(123,'Editare factura ','Factura','XR000079','2015-01-21 10:08:01','admin','server');
INSERT INTO "jurnal" VALUES(124,'Emitere factura ','Factura','XR000080','2015-01-21 10:13:24','admin','server');
INSERT INTO "jurnal" VALUES(125,'Emitere  NIR','Nir','NXR000047','2015-01-21 10:41:44','admin','server');
INSERT INTO "jurnal" VALUES(126,'Salvare date','','','2015-01-21 10:43:24','admin','server');
INSERT INTO "jurnal" VALUES(127,'Emitere chitanta ','Chitanta','XC000054','2015-01-21 13:28:18','admin','server');
INSERT INTO "jurnal" VALUES(128,'Emitere factura ','Factura','XR000081','2015-01-21 14:08:57','admin','server');
INSERT INTO "jurnal" VALUES(129,'Emitere factura ','Factura','XR000082','2015-01-22 10:16:32','admin','server');
INSERT INTO "jurnal" VALUES(130,'Editare factura ','Factura','XR000077','2015-01-22 10:51:43','admin','server');
INSERT INTO "jurnal" VALUES(131,'Editare chitanta ','Chitanta','XC000052','2015-01-22 10:51:43','admin','server');
INSERT INTO "jurnal" VALUES(132,'Editare factura ','Factura','XR000077','2015-01-22 10:56:36','admin','server');
INSERT INTO "jurnal" VALUES(133,'Editare chitanta ','Chitanta','XC000052','2015-01-22 10:56:36','admin','server');
INSERT INTO "jurnal" VALUES(134,'Editare chitanta ','Chitanta','XC000052','2015-01-22 10:57:21','admin','server');
INSERT INTO "jurnal" VALUES(135,'Emitere plata','Ordin plata','','2015-01-22 11:22:14','admin','server');
INSERT INTO "jurnal" VALUES(136,'Incasare factura ','Ordin plata','','2015-01-22 11:24:59','admin','server');
INSERT INTO "jurnal" VALUES(137,'Incasare factura XR 000061 ','Ordin plata','','2015-01-22 11:28:56','admin','server');
INSERT INTO "jurnal" VALUES(138,'Editare factura ','Factura','XR000082','2015-01-22 11:41:41','admin','server');
INSERT INTO "jurnal" VALUES(139,'Incasare factura ','Ordin plata','','2015-01-22 11:45:57','admin','server');
INSERT INTO "jurnal" VALUES(140,'Incasare factura XR 000064 ','Ordin plata','','2015-01-22 11:47:47','admin','server');
INSERT INTO "jurnal" VALUES(141,'Stergere factura ','Factura','XR000082','2015-01-22 14:19:40','admin','server');
INSERT INTO "jurnal" VALUES(142,'Emitere factura ','Factura','XR000082','2015-01-22 16:30:17','admin','server');
INSERT INTO "jurnal" VALUES(143,'Emitere factura furnizor','Factura furnizor','0182120','2015-01-26 12:06:15','admin','server');
INSERT INTO "jurnal" VALUES(144,'Emitere  NIR','Nir','NXR000048','2015-01-26 12:06:22','admin','server');
INSERT INTO "jurnal" VALUES(145,'Editare  NIR','Nir','NXR000048','2015-01-26 12:07:51','admin','server');
INSERT INTO "jurnal" VALUES(146,'Emitere factura ','Factura','XR000083','2015-01-27 11:34:09','admin','server');
INSERT INTO "jurnal" VALUES(147,'Emitere factura ','Factura','XR000084','2015-01-27 11:41:03','admin','server');
INSERT INTO "jurnal" VALUES(148,'Emitere factura ','Factura','XR000085','2015-01-27 13:45:35','admin','server');
INSERT INTO "jurnal" VALUES(149,'Emitere factura ','Factura','XR000086','2015-01-28 10:22:05','admin','server');
INSERT INTO "jurnal" VALUES(150,'Emitere chitanta ','Chitanta','XC000055','2015-01-28 12:11:13','admin','server');
INSERT INTO "jurnal" VALUES(151,'Salvare date','','','2015-01-28 16:59:28','admin','server');
INSERT INTO "jurnal" VALUES(152,'Emitere factura furnizor','Factura furnizor','184336','2015-01-29 10:45:38','admin','server');
INSERT INTO "jurnal" VALUES(153,'Emitere  NIR','Nir','NXR000049','2015-01-29 11:00:17','admin','server');
INSERT INTO "jurnal" VALUES(154,'Incasare factura ','Ordin plata','','2015-01-29 16:08:20','admin','server');
INSERT INTO "jurnal" VALUES(155,'Incasare factura ','Ordin plata','','2015-01-29 16:08:38','admin','server');
INSERT INTO "jurnal" VALUES(156,'Incasare factura ','Ordin plata','','2015-01-29 16:09:47','admin','server');
INSERT INTO "jurnal" VALUES(157,'Emitere factura ','Factura','XR000087','2015-01-30 11:23:51','admin','server');
INSERT INTO "jurnal" VALUES(158,'Emitere factura ','Factura','XR000088','2015-01-30 11:48:16','admin','server');
INSERT INTO "jurnal" VALUES(159,'Emitere factura ','Factura','XR000089','2015-01-30 12:07:19','admin','server');
INSERT INTO "jurnal" VALUES(160,'Emitere factura ','Factura','XR000090','2015-01-30 12:25:38','admin','server');
INSERT INTO "jurnal" VALUES(161,'Emitere  bon consum','Bon consum','BCX000010','2015-02-02 10:11:48','admin','server');
INSERT INTO "jurnal" VALUES(162,'Incasare factura XR 000061 ','Ordin plata','','2015-02-02 12:44:23','admin','server');
INSERT INTO "jurnal" VALUES(163,'Emitere plata','Ordin plata','','2015-02-02 12:47:01','admin','server');
INSERT INTO "jurnal" VALUES(164,'Emitere plata','Ordin plata','','2015-02-02 12:48:36','admin','server');
INSERT INTO "jurnal" VALUES(165,'Emitere factura ','Factura','XR000091','2015-02-02 14:41:19','admin','server');
INSERT INTO "jurnal" VALUES(166,'Emitere chitanta ','Chitanta','XC000056','2015-02-02 14:41:19','admin','server');
INSERT INTO "jurnal" VALUES(167,'Emitere  bon consum','Bon consum','BCX000011','2015-02-02 14:52:34','admin','server');
INSERT INTO "jurnal" VALUES(168,'Stergere bon consum ','Bon consum','BCX000011','2015-02-02 14:55:47','admin','server');
INSERT INTO "jurnal" VALUES(169,'Emitere  bon consum','Bon consum','BCX000011','2015-02-02 14:57:59','admin','server');
INSERT INTO "jurnal" VALUES(170,'Emitere  bon consum','Bon consum','BCX000012','2015-02-03 10:29:45','admin','server');
INSERT INTO "jurnal" VALUES(171,'Emitere factura ','Factura','XR000092','2015-02-03 10:36:36','admin','server');
INSERT INTO "jurnal" VALUES(172,'Emitere factura furnizor','Factura furnizor','788066','2015-02-03 14:44:13','admin','server');
INSERT INTO "jurnal" VALUES(173,'Emitere  NIR','Nir','NXR000050','2015-02-03 14:47:26','admin','server');
INSERT INTO "jurnal" VALUES(174,'Emitere factura furnizor','Factura furnizor','0187599','2015-02-04 11:23:58','admin','server');
INSERT INTO "jurnal" VALUES(175,'Emitere  NIR','Nir','NXR000051','2015-02-04 11:24:13','admin','server');
INSERT INTO "jurnal" VALUES(176,'Incasare factura ','Ordin plata','','2015-02-04 11:32:49','admin','server');
INSERT INTO "jurnal" VALUES(177,'Editare factura ','Factura','XR000092','2015-02-04 13:54:38','admin','server');
INSERT INTO "jurnal" VALUES(178,'Emitere factura ','Factura','XR000093','2015-02-04 13:58:17','admin','server');
INSERT INTO "jurnal" VALUES(179,'Emitere chitanta ','Chitanta','XC000057','2015-02-04 13:58:17','admin','server');
INSERT INTO "jurnal" VALUES(180,'Emitere chitanta ','Chitanta','XC000058','2015-02-04 17:24:40','admin','server');
INSERT INTO "jurnal" VALUES(181,'Emitere factura ','Factura','XR000094','2015-02-05 10:27:28','admin','server');
INSERT INTO "jurnal" VALUES(182,'Emitere plata','Ordin plata','','2015-02-05 10:41:01','admin','server');
INSERT INTO "jurnal" VALUES(183,'Incasare factura ','Ordin plata','59','2015-02-06 11:50:01','admin','server');
INSERT INTO "jurnal" VALUES(184,'Incasare factura XR 000053 ','Ordin plata','','2015-02-06 12:16:00','admin','server');
INSERT INTO "jurnal" VALUES(185,'Emitere factura ','Factura','XR000095','2015-02-06 14:38:59','admin','server');
INSERT INTO "jurnal" VALUES(186,'Emitere chitanta ','Chitanta','XC000059','2015-02-09 10:10:12','admin','server');
INSERT INTO "jurnal" VALUES(187,'Emitere factura furnizor','Factura furnizor','1500955','2015-02-09 14:56:22','admin','server');
INSERT INTO "jurnal" VALUES(188,'Emitere  NIR','Nir','NXR000052','2015-02-09 14:58:54','admin','server');
INSERT INTO "jurnal" VALUES(189,'Incasare factura ','Ordin plata','','2015-02-10 11:15:56','admin','server');
INSERT INTO "jurnal" VALUES(190,'Emitere plata','Ordin plata','','2015-02-10 11:23:47','admin','server');
INSERT INTO "jurnal" VALUES(191,'Incasare factura ','Ordin plata','','2015-02-10 12:34:10','admin','server');
INSERT INTO "jurnal" VALUES(192,'Incasare factura ','Ordin plata','','2015-02-11 10:18:10','admin','server');
INSERT INTO "jurnal" VALUES(193,'Incasare factura ','Ordin plata','','2015-02-11 10:18:12','admin','server');
INSERT INTO "jurnal" VALUES(194,'Incasare factura ','Ordin plata','','2015-02-11 10:18:23','admin','server');
INSERT INTO "jurnal" VALUES(195,'Emitere factura ','Factura','XR000096','2015-02-11 12:26:01','admin','server');
INSERT INTO "jurnal" VALUES(196,'Emitere factura furnizor','Factura furnizor','0188338','2015-02-12 13:37:24','admin','server');
INSERT INTO "jurnal" VALUES(197,'Emitere  NIR','Nir','NXR000053','2015-02-12 13:45:17','admin','server');
INSERT INTO "jurnal" VALUES(198,'Emitere factura ','Factura','XR000097','2015-02-12 15:40:09','admin','server');
INSERT INTO "jurnal" VALUES(199,'Stergere NIR ','Nir','NXR000053','2015-02-12 16:32:04','admin','server');
INSERT INTO "jurnal" VALUES(200,'Emitere factura furnizor','Factura furnizor','118417','2015-02-12 16:37:39','admin','server');
INSERT INTO "jurnal" VALUES(201,'Emitere  NIR','Nir','NXR000053','2015-02-12 16:39:17','admin','server');
INSERT INTO "jurnal" VALUES(202,'Emitere  NIR','Nir','NXR000054','2015-02-12 16:44:27','admin','server');
INSERT INTO "jurnal" VALUES(203,'Stergere chitanta ','Chitanta','XC000059','2015-02-12 16:55:39','admin','server');
INSERT INTO "jurnal" VALUES(204,'Emitere chitanta','Chitanta','XC000059','2015-02-12 16:57:01','admin','server');
INSERT INTO "jurnal" VALUES(205,'Emitere chitanta ','Chitanta','XC000060','2015-02-13 10:35:27','admin','server');
INSERT INTO "jurnal" VALUES(206,'Salvare date','','','2015-02-13 17:21:15','admin','server');
INSERT INTO "jurnal" VALUES(207,'Emitere factura furnizor','Factura furnizor','25869','2015-02-23 09:22:44','admin','server');
INSERT INTO "jurnal" VALUES(208,'Emitere  NIR','Nir','NXR000055','2015-02-23 09:23:55','admin','server');
INSERT INTO "jurnal" VALUES(209,'Emitere factura ','Factura','XR000098','2015-02-23 11:54:00','admin','server');
INSERT INTO "jurnal" VALUES(210,'Emitere factura furnizor','Factura furnizor','CSC 150200831','2015-02-23 15:12:06','admin','server');
INSERT INTO "jurnal" VALUES(211,'Emitere  NIR','Nir','NXR000056','2015-02-23 15:20:59','admin','server');
INSERT INTO "jurnal" VALUES(212,'Emitere factura ','Factura','XR000099','2015-02-24 14:01:50','admin','server');
INSERT INTO "jurnal" VALUES(213,'Emitere factura ','Factura','XR000100','2015-02-24 14:07:39','admin','server');
INSERT INTO "jurnal" VALUES(214,'Emitere chitanta','Chitanta','XC000061','2015-02-24 15:26:13','admin','server');
INSERT INTO "jurnal" VALUES(215,'Editare factura ','Factura','XR000099','2015-02-24 17:09:27','admin','server');
INSERT INTO "jurnal" VALUES(216,'Emitere factura ','Factura','XR000101','2015-02-24 17:13:05','admin','server');
INSERT INTO "jurnal" VALUES(217,'Salvare date','','','2015-02-24 17:38:15','admin','server');
INSERT INTO "jurnal" VALUES(218,'Incasare factura ','Ordin plata','','2015-02-25 13:25:18','admin','server');
INSERT INTO "jurnal" VALUES(219,'Emitere plata','Ordin plata','','2015-02-25 13:56:25','admin','server');
INSERT INTO "jurnal" VALUES(220,'Emitere plata','Ordin plata','','2015-02-25 13:58:07','admin','server');
INSERT INTO "jurnal" VALUES(221,'Emitere plata','Ordin plata','','2015-02-25 13:58:57','admin','server');
INSERT INTO "jurnal" VALUES(222,'Emitere plata','Ordin plata','','2015-02-25 14:03:38','admin','server');
INSERT INTO "jurnal" VALUES(223,'Emitere plata','Ordin plata','','2015-02-25 14:03:38','admin','server');
INSERT INTO "jurnal" VALUES(224,'Emitere plata','Ordin plata','','2015-02-25 14:03:38','admin','server');
INSERT INTO "jurnal" VALUES(225,'Emitere plata','Ordin plata','','2015-02-25 14:06:49','admin','server');
INSERT INTO "jurnal" VALUES(226,'Incasare factura XR 000053 ','Ordin plata','62','2015-02-25 14:20:37','admin','server');
INSERT INTO "jurnal" VALUES(227,'Incasare factura ','Ordin plata','','2015-02-25 14:20:39','admin','server');
INSERT INTO "jurnal" VALUES(228,'Emitere factura ','Factura','XR000102','2015-02-25 15:40:31','admin','server');
INSERT INTO "jurnal" VALUES(229,'Emitere factura furnizor','Factura furnizor','118493','2015-02-25 16:04:15','admin','server');
INSERT INTO "jurnal" VALUES(230,'Emitere  NIR','Nir','NXR000057','2015-02-25 16:06:21','admin','server');
INSERT INTO "jurnal" VALUES(231,'Emitere factura ','Factura','XR000103','2015-02-25 16:40:38','admin','server');
INSERT INTO "jurnal" VALUES(232,'Emitere factura ','Factura','XR000104','2015-02-25 17:01:10','admin','server');
INSERT INTO "jurnal" VALUES(233,'Emitere factura furnizor','Factura furnizor','0186451','2015-02-26 11:06:34','admin','server');
INSERT INTO "jurnal" VALUES(234,'Emitere  NIR','Nir','NXR000058','2015-02-26 11:08:02','admin','server');
INSERT INTO "jurnal" VALUES(235,'Emitere factura ','Factura','XR000105','2015-02-26 11:26:30','admin','server');
INSERT INTO "jurnal" VALUES(236,'Emitere factura ','Factura','XR000106','2015-02-26 12:15:25','admin','server');
INSERT INTO "jurnal" VALUES(237,'Emitere chitanta ','Chitanta','XC000062','2015-02-26 12:15:25','admin','server');
INSERT INTO "jurnal" VALUES(238,'Emitere factura ','Factura','XR000107','2015-02-27 09:42:17','admin','server');
INSERT INTO "jurnal" VALUES(239,'Emitere factura ','Factura','XR000108','2015-02-27 09:58:01','admin','server');
INSERT INTO "jurnal" VALUES(240,'Emitere factura ','Factura','XR000109','2015-02-27 10:36:58','admin','server');
INSERT INTO "jurnal" VALUES(241,'Emitere factura ','Factura','XR000110','2015-02-27 11:03:00','admin','server');
INSERT INTO "jurnal" VALUES(242,'Emitere factura ','Factura','XR000111','2015-02-27 11:14:06','admin','server');
INSERT INTO "jurnal" VALUES(243,'Emitere factura ','Factura','XR000112','2015-02-27 11:27:48','admin','server');
INSERT INTO "jurnal" VALUES(244,'Emitere proforma ','Proforma','PXR000001','2015-02-27 12:56:18','admin','server');
INSERT INTO "jurnal" VALUES(245,'Emitere factura furnizor','Factura furnizor','1501444','2015-02-27 14:51:08','admin','server');
INSERT INTO "jurnal" VALUES(246,'Emitere  NIR','Nir','NXR000059','2015-02-27 14:55:28','admin','server');
INSERT INTO "jurnal" VALUES(247,'Emitere proforma ','Proforma','PXR000002','2015-02-27 15:09:28','admin','server');
INSERT INTO "jurnal" VALUES(248,'Editare proforma ','Proforma','PXR000002','2015-02-27 15:11:09','admin','server');
INSERT INTO "jurnal" VALUES(249,'Emitere factura ','Factura','XR000113','2015-02-27 16:21:44','admin','server');
INSERT INTO "jurnal" VALUES(250,'Incasare','Incasare','','2015-02-27 16:21:44','admin','server');
INSERT INTO "jurnal" VALUES(251,'Emitere factura furnizor','Factura furnizor','1501440','2015-02-27 16:31:02','admin','server');
INSERT INTO "jurnal" VALUES(252,'Emitere factura furnizor','Factura furnizor','1501467','2015-03-02 15:43:22','admin','server');
INSERT INTO "jurnal" VALUES(253,'Emitere  NIR','Nir','NXR000060','2015-03-02 15:44:44','admin','server');
INSERT INTO "jurnal" VALUES(254,'Emitere factura furnizor','Factura furnizor','001639','2015-03-02 15:47:33','admin','server');
INSERT INTO "jurnal" VALUES(255,'Emitere  NIR','Nir','NXR000061','2015-03-02 15:57:54','admin','server');
INSERT INTO "jurnal" VALUES(256,'Incasare factura ','Ordin plata','','2015-03-02 16:42:40','admin','server');
INSERT INTO "jurnal" VALUES(257,'Emitere factura furnizor','Factura furnizor','79','2015-03-03 11:56:02','admin','server');
INSERT INTO "jurnal" VALUES(258,'Emitere  NIR','Nir','NXR000062','2015-03-03 12:02:04','admin','server');
INSERT INTO "jurnal" VALUES(259,'Editare  NIR','Nir','NXR000062','2015-03-03 12:03:58','admin','server');
INSERT INTO "jurnal" VALUES(260,'Emitere factura ','Factura','XR000114','2015-03-03 15:35:02','admin','server');
INSERT INTO "jurnal" VALUES(261,'Emitere factura ','Factura','XR000115','2015-03-03 17:03:45','admin','server');
INSERT INTO "jurnal" VALUES(262,'Emitere  bon consum','Bon consum','BCX000013','2015-03-04 10:03:12','admin','server');
INSERT INTO "jurnal" VALUES(263,'Emitere factura ','Factura','XR000116','2015-03-04 12:37:36','admin','server');
INSERT INTO "jurnal" VALUES(264,'Emitere chitanta ','Chitanta','XC000063','2015-03-04 12:37:36','admin','server');
INSERT INTO "jurnal" VALUES(265,'Incasare factura ','Ordin plata','','2015-03-04 12:59:34','admin','server');
INSERT INTO "jurnal" VALUES(266,'Incasare factura ','Ordin plata','','2015-03-05 09:47:05','admin','server');
INSERT INTO "jurnal" VALUES(267,'Incasare factura ','Ordin plata','','2015-03-05 09:47:33','admin','server');
INSERT INTO "jurnal" VALUES(268,'Emitere factura furnizor','Factura furnizor','21500671','2015-03-05 15:53:26','admin','server');
INSERT INTO "jurnal" VALUES(269,'Emitere  NIR','Nir','NXR000063','2015-03-05 15:59:41','admin','server');
INSERT INTO "jurnal" VALUES(270,'Emitere factura furnizor','Factura furnizor','1501648','2015-03-05 16:02:17','admin','server');
INSERT INTO "jurnal" VALUES(271,'Emitere  NIR','Nir','NXR000064','2015-03-05 16:03:35','admin','server');
INSERT INTO "jurnal" VALUES(272,'Emitere factura ','Factura','XR000117','2015-03-06 09:52:11','admin','server');
INSERT INTO "jurnal" VALUES(273,'Emitere plata','Ordin plata','','2015-03-06 10:50:01','admin','server');
INSERT INTO "jurnal" VALUES(274,'Emitere factura ','Factura','XR000118','2015-03-06 11:45:35','admin','server');
INSERT INTO "jurnal" VALUES(275,'Emitere factura ','Factura','XR000119','2015-03-06 11:57:30','admin','server');
INSERT INTO "jurnal" VALUES(276,'Stergere factura ','Factura','XR000119','2015-03-06 14:09:01','admin','server');
INSERT INTO "jurnal" VALUES(277,'Emitere factura ','Factura','XR000119','2015-03-09 12:19:00','admin','server');
INSERT INTO "jurnal" VALUES(278,'Emitere chitanta ','Chitanta','XC000064','2015-03-09 12:19:00','admin','server');
INSERT INTO "jurnal" VALUES(279,'Emitere factura ','Factura','XR000120','2015-03-10 09:27:40','admin','server');
INSERT INTO "jurnal" VALUES(280,'Emitere chitanta ','Chitanta','XC000065','2015-03-10 09:27:40','admin','server');
INSERT INTO "jurnal" VALUES(281,'Incasare factura ','Ordin plata','','2015-03-10 11:51:02','admin','server');
INSERT INTO "jurnal" VALUES(282,'Incasare factura ','Ordin plata','','2015-03-10 11:51:03','admin','server');
INSERT INTO "jurnal" VALUES(283,'Incasare factura ','Ordin plata','','2015-03-10 11:52:34','admin','server');
INSERT INTO "jurnal" VALUES(284,'Incasare factura ','Ordin plata','','2015-03-10 11:52:35','admin','server');
INSERT INTO "jurnal" VALUES(285,'Incasare factura ','Ordin plata','','2015-03-10 11:52:36','admin','server');
INSERT INTO "jurnal" VALUES(286,'Incasare factura ','Ordin plata','','2015-03-10 11:52:38','admin','server');
INSERT INTO "jurnal" VALUES(287,'Incasare factura ','Ordin plata','','2015-03-10 11:56:04','admin','server');
INSERT INTO "jurnal" VALUES(288,'Incasare factura ','Ordin plata','','2015-03-10 11:56:05','admin','server');
INSERT INTO "jurnal" VALUES(289,'Emitere plata','Ordin plata','','2015-03-10 11:57:22','admin','server');
INSERT INTO "jurnal" VALUES(290,'Emitere plata','Ordin plata','','2015-03-10 11:58:03','admin','server');
INSERT INTO "jurnal" VALUES(291,'Emitere factura ','Factura','XR000121','2015-03-10 13:35:31','admin','server');
INSERT INTO "jurnal" VALUES(292,'Emitere factura furnizor','Factura furnizor','1501705','2015-03-10 14:17:35','admin','server');
INSERT INTO "jurnal" VALUES(293,'Emitere  NIR','Nir','NXR000065','2015-03-10 14:20:06','admin','server');
INSERT INTO "jurnal" VALUES(294,'Emitere  bon consum','Bon consum','BCX000014','2015-03-11 15:03:16','admin','server');
INSERT INTO "jurnal" VALUES(295,'Emitere factura furnizor','Factura furnizor','118601','2015-03-11 15:14:47','admin','server');
INSERT INTO "jurnal" VALUES(296,'Emitere  NIR','Nir','NXR000066','2015-03-11 15:17:26','admin','server');
INSERT INTO "jurnal" VALUES(297,'Emitere factura ','Factura','XR000122','2015-03-11 15:51:56','admin','server');
INSERT INTO "jurnal" VALUES(298,'Emitere chitanta ','Chitanta','XC000066','2015-03-11 15:51:56','admin','server');
INSERT INTO "jurnal" VALUES(299,'Salvare date','','','2015-03-12 17:02:59','admin','server');
INSERT INTO "jurnal" VALUES(300,'Emitere factura furnizor','Factura furnizor','101781','2015-03-13 10:51:30','admin','server');
INSERT INTO "jurnal" VALUES(301,'Emitere  NIR','Nir','NXR000067','2015-03-13 10:54:12','admin','server');
INSERT INTO "jurnal" VALUES(302,'Emitere  NIR','Nir','NXR000068','2015-03-13 11:02:44','admin','server');
INSERT INTO "jurnal" VALUES(303,'Emitere factura ','Factura','XR000123','2015-03-16 11:18:23','admin','server');
INSERT INTO "jurnal" VALUES(304,'Emitere factura furnizor','Factura furnizor','1520383','2015-03-17 11:55:26','admin','server');
INSERT INTO "jurnal" VALUES(305,'Emitere  NIR','Nir','NXR000069','2015-03-17 11:56:14','admin','server');
INSERT INTO "jurnal" VALUES(306,'Emitere  bon consum','Bon consum','BCX000015','2015-03-17 13:49:37','admin','server');
INSERT INTO "jurnal" VALUES(307,'Emitere factura ','Factura','XR000124','2015-03-17 16:39:09','admin','server');
INSERT INTO "jurnal" VALUES(308,'Emitere factura furnizor','Factura furnizor','0188591','2015-03-17 16:41:36','admin','server');
INSERT INTO "jurnal" VALUES(309,'Emitere  NIR','Nir','NXR000070','2015-03-17 16:45:04','admin','server');
INSERT INTO "jurnal" VALUES(310,'Emitere factura furnizor','Factura furnizor','26290','2015-03-20 13:28:48','admin','server');
INSERT INTO "jurnal" VALUES(311,'Emitere  NIR','Nir','NXR000071','2015-03-20 13:34:35','admin','server');
INSERT INTO "jurnal" VALUES(312,'Emitere factura ','Factura','XR000125','2015-03-20 14:09:35','admin','server');
INSERT INTO "jurnal" VALUES(313,'Salvare date','','','2015-03-20 17:01:51','admin','server');
INSERT INTO "jurnal" VALUES(314,'Incasare factura XR 000118 ','Ordin plata','','2015-03-23 12:27:09','admin','server');
INSERT INTO "jurnal" VALUES(315,'Incasare factura XR 000117 ','Ordin plata','','2015-03-23 12:28:18','admin','server');
INSERT INTO "jurnal" VALUES(316,'Incasare factura XR 000117 ','Ordin plata','','2015-03-23 12:28:31','admin','server');
INSERT INTO "jurnal" VALUES(317,'Incasare factura ','Ordin plata','','2015-03-23 12:32:17','admin','server');
INSERT INTO "jurnal" VALUES(318,'Emitere plata','Ordin plata','','2015-03-23 12:40:25','admin','server');
INSERT INTO "jurnal" VALUES(319,'Salvare date','','','2015-03-23 12:48:29','admin','server');
INSERT INTO "jurnal" VALUES(320,'Emitere factura furnizor','Factura furnizor','1520386','2015-03-23 13:18:35','admin','server');
INSERT INTO "jurnal" VALUES(321,'Editare  NIR','Nir','NXR000071','2015-03-23 13:19:06','admin','server');
INSERT INTO "jurnal" VALUES(322,'Emitere factura furnizor','Factura furnizor','26290','2015-03-23 13:23:08','admin','server');
INSERT INTO "jurnal" VALUES(323,'Emitere  NIR','Nir','NXR000072','2015-03-23 13:24:04','admin','server');
INSERT INTO "jurnal" VALUES(324,'Emitere factura furnizor','Factura furnizor','1502088','2015-03-23 15:07:51','admin','server');
INSERT INTO "jurnal" VALUES(325,'Emitere  NIR','Nir','NXR000073','2015-03-23 15:09:27','admin','server');
INSERT INTO "jurnal" VALUES(326,'Emitere factura ','Factura','XR000126','2015-03-24 10:33:01','admin','server');
INSERT INTO "jurnal" VALUES(327,'Emitere factura ','Factura','XR000127','2015-03-24 10:36:20','admin','server');
INSERT INTO "jurnal" VALUES(328,'Emitere plata','Ordin plata','','2015-03-24 16:38:23','admin','server');
INSERT INTO "jurnal" VALUES(329,'Emitere plata','Ordin plata','','2015-03-24 16:42:19','admin','server');
INSERT INTO "jurnal" VALUES(330,'Emitere factura ','Factura','XR000128','2015-03-25 10:34:03','admin','server');
INSERT INTO "jurnal" VALUES(331,'Incasare factura XR 000124 ','Ordin plata','','2015-03-25 10:37:27','admin','server');
INSERT INTO "jurnal" VALUES(332,'Emitere factura furnizor','Factura furnizor','200202','2015-03-25 13:50:58','admin','server');
INSERT INTO "jurnal" VALUES(333,'Emitere  NIR','Nir','NXR000074','2015-03-25 13:52:40','admin','server');
CREATE TABLE tips (tip_id integer PRIMARY KEY AUTOINCREMENT NOT NULL UNIQUE,text varchar(50),priority integer,version integer,count numeric(10) default 0);
INSERT INTO "tips" VALUES(-1,'<html><body><p style=''text-decoration:none;'' align=''center''> Ati ales sa configurati Smart Bill  <b style=''color:#0083CF;''>cu date introduse de Dvs </b>  (de test sau reale).</p><p style=''text-decoration:none;'' align=''center''> Emiterea de documente cu Smart Bill <b style=''color:#0083CF;''> nu implica nicio obligatie !</b>  <br/>Este alegerea Dvs daca acestea sunt <b style=''color:#0083CF;''>  fictive  </b>sau <b style=''color:#0083CF;''>  reale </b> si daca le veti inregistra in contabilitate sau nu.</p></body></html>',1,1,0);
INSERT INTO "tips" VALUES(0,'<html><body><p style=''text-decoration:none;'' align=''center''> Ati ales sa utilizati Smart Bill  <b style=''color:#0083CF;''>cu date de test </b> predefinite de noi.</p><p style=''text-decoration:none;'' align=''center''> Documentele emise <b style=''color:#0083CF;''>sunt fictive </b> si nu pot avea nicio valoare contabila!</p></body></html>',1,1,0);
INSERT INTO "tips" VALUES(1139,'<p style=''font-family:Tahoma;font-size:12; margin-left:10px;'' align=''justify'' > <b> Fundalul Programului este interactiv </b> si contine scurtaturi importante.<br/> <br/>Faceti click pe facilitatea dorita si veti fi dus la sectiunea respectiva. </p>',1,1,1);
INSERT INTO "tips" VALUES(1140,'<p style=''font-family:Tahoma;font-size:12; margin-left:10px;'' align=''justify''>Aveti posibilitatea sa va <b> importati in program stocurile</b> Dvs curente! <br/>  <br/> Pentru aceasta accesati ''''Nomenclatoare-> Gestiuni''''. <br/> Metoda de gestionare a stocului este FIFO! </p>',1,1,0);
INSERT INTO "tips" VALUES(1141,'<p style=''font-family:Tahoma;font-size:12; margin-left:10px;'' align=''justify''> Smart Bill lureaza cu metoda <b> FIFO </b> de introducere si scoatere in/din stoc. <br/><br/>  Daca aveti nelamuriri legat de acest aspect intrebati-va contabilul. </p>',1,1,1);
INSERT INTO "tips" VALUES(1142,'<p style=''font-family:Tahoma;font-size:12; margin-left:10px;'' align=''justify''> Puteti <b> importa Nomenclatoarele </b> de clienti, furnizori, produse, servicii si angajati dintr-un fisier excel !<br/> <br/> Pentru fiecare nomenclator aveti si un fisier excel de model pentru a va ghida pe care va indrumam sa-l utilizati.</p>',1,1,1);
INSERT INTO "tips" VALUES(1143,'<p style=''font-family:Tahoma;font-size:12; margin-left:10px;'' align=''justify''> Smart Bill are o <b> multime de rapoarte </b> pentru a va oferi toate informatiile de care aveti nevoie in optimizarea activitatii Dvs. <br/><br/> In plus, fiecare raport va da posibilitatea sa-l exportati intr-un fisier excel.</p>',1,1,1);
INSERT INTO "tips" VALUES(1144,'<p style=''font-family:Tahoma;font-size:12; margin-left:10px;'' align=''justify''> Puteti introduce mai multi <b> utilizatori </b> cu diverse drepturi in program. <br/><br/>Pentru siguranta si eficienta  gestionarii stocurilor Dvs aceasta facilitate este extrem de utila. <br/> De asemenea puteti urmari activitatea utilizatorilor in Jurnalul de Activitate (Operatiuni-> Administrare-> Jurnal activitate)</p>',1,1,0);
INSERT INTO "tips" VALUES(1145,'<p style=''font-family:Tahoma;font-size:12; margin-left:10px;'' align=''justify''><b>Raportul de incasari </b>(Incasari-> Raport Incasari) este o unealta deosebit de folositoare pentru a va optimiza incasarile.  <br/><br/> Aici puteti urmari toate facturile incasate precum si cele al caror termen scadent este expirat!</p>',1,1,1);
INSERT INTO "tips" VALUES(1146,'<p style=''font-family:Tahoma;font-size:12; margin-left:10px;'' align=''justify''> Smart Bill <b>''''invata'''' </b> pe masura ce-l utilizati!  <br/>  <br/> Programul memoreaza toate datele referitoare la: furnizori, clienti, produse, servicii urmand sa vi le autocompleteze ulterior.</p>',1,1,0);
INSERT INTO "tips" VALUES(1147,'<p style=''font-family:Tahoma;font-size:12; margin-left:10px;'' align=''justify''> Smart Bill efectueaza <b> toate calculele </b> pentru Dvs si tine evidenta tuturor seriior si numerelor! <br/><br/>Puteti utiliza numere cu 2, 3 sau chiar 4 zecimale! <br/>Pentru aceasta accesati : Configurare-> Configurari Program-> Configurari Generale  </p>',1,1,1);
INSERT INTO "tips" VALUES(1148,'<p style=''font-family:Tahoma;font-size:12; margin-left:10px;'' align=''justify''> Programul poate fi legat la  o <b>casa de marcat </b>.<br/> <br/>Smart Bill a fost testat cu case de marcat marcile Datecs, Eltrade si Sapel. Pentru aceasta trebuie: sa aveti casa de marcat conectata la calculator si programul driver al acesteia instalat corespunzator. <br/>Consultati sectiunea Ajutor pentru mai multe detalii legat de aceasta.</p>',1,1,0);
INSERT INTO "tips" VALUES(1149,'<p style=''font-family:Tahoma;font-size:12; margin-left:10px;'' align=''justify''> Pentru fiecare tip de document (facturi, avize, chitante, proforme, nir) puteti defini <b> oricate serii </b>.<br/><br/> Smart Bill le va gestiona corespunzator numerele acestora si va crea automat Decizia de inseriere la inceputul anului!</p>',1,1,0);
INSERT INTO "tips" VALUES(1150,'<p style=''font-family:Tahoma;font-size:12; margin-left:10px;'' align=''justify''> Dupa emiterea unei facturi o puteti <b> trimite prin email </b> direct din program!   <br/><br/> Conform articolului 155 din codul fiscal facturile nu trebuiesc semnate si stampilate.</p>',1,1,0);
INSERT INTO "tips" VALUES(1151,'<p style=''font-family:Tahoma;font-size:12; margin-left:10px;'' align=''justify''> Puteti <b>sterge ultimul document</b> emis din fiecare serie!  <br/> <br/> Aceasta facilitate este foarte utila in caz ca ati facut greseli. Astfel nu este nevoie sa anulati sau sa stornati documentul. <br/>Nu este recomandat sa folositi aceasta facilitate daca documentul gresit a fost deja trimis clientului/furnizorului.</p>',1,1,1);
INSERT INTO "tips" VALUES(1152,'<p style=''font-family:Tahoma;font-size:12; margin-left:10px;'' align=''justify''> <b> Jurnalul de activitate </b> (Operatiuni-> Administrare-> Jurnal activitate) cuprinde activitatea tuturor utilizatorilor. <br/><br/> Astfel puteti urmari pentru fiecare utilizator in parte ce operatiuni a efectuat si cine este responsabili pentru o anume operatiune.</p>',1,1,0);
INSERT INTO "tips" VALUES(1153,'<p style=''font-family:Tahoma;font-size:12; margin-left:10px;'' align=''justify''> Puteti crea o <b>factura din cateva clickuri</b> pe baza unui alt document emis. <br/><br/>Daca doriti crearea unei facturi conform unui alt document (aviz, proforma, chitanta, bon) este suficient ca la emitere sa apasati butonul Optiuni si sa selectati documentul in cauza. <br/> Programul va completa automat toate datele pentru Dvs.</p>',1,1,1);
INSERT INTO "tips" VALUES(1154,'<p style=''font-family:Tahoma;font-size:12; margin-left:10px;'' align=''justify''> <b>Pe baza unei Proforme</b> puteti crea un Aviz sau o Factura din cateva clickuri.<br/>  <br/>Pentru aceasta este suficient ca la emitere(aviz sau factura) sa apasati butonul Optiuni si sa selectati documentul in cauza. <br/> Programul va completa automat toate datele pentru Dvs.</p>',1,1,0);
INSERT INTO "tips" VALUES(1155,'<p style=''font-family:Tahoma;font-size:12; margin-left:10px;'' align=''justify''> Puteti crea un <b> Aviz pe baza de NIR Storno</b> in cazul returului de marfa. <br/><br/>Pentru aceasta este suficient ca la emitere sa apasati butonul Optiuni si sa selectati documentul in cauza. <br/> Programul va completa automat toate datele pentru Dvs.</p>',1,1,0);
INSERT INTO "tips" VALUES(1156,'<p style=''font-family:Tahoma;font-size:12; margin-left:10px;'' align=''justify''> Smart Bill <b>preia automat Cursul valutar</b> de pe Internet.<br/><br/>Puteti utiliza atat cursul de astazi cat si cel de ieri. Sau puteti sa treceti Dvs manual ce curs doriti. <br/> Mai mult, puteti seta in program un adaous la cursul valutar, adaos pe care Smart Bill il calculeaza si il adauga automat. <br/>Pentru aceasta accesati Configurare-> Configurari program-> Configurari generale.</p>',1,1,1);
INSERT INTO "tips" VALUES(1157,'<p style=''font-family:Tahoma;font-size:12; margin-left:10px;'' align=''justify''> Smart Bill <b>pastreaza documentele</b> Dvs in siguranta. <br/<br/>Documentele sunt salvate automat in baza de date a programului. In plus puteti alege ca acestea sa fie salvate automat sau manual si pe computerul Dvs in format PDF.<br/> Mai mult, puteti seta in program un adaous la cursul valutar, adaos pe care Smart Bill il calculeaza si il adauga automat. </p>',1,1,0);
INSERT INTO "tips" VALUES(1158,'<p style=''font-family:Tahoma;font-size:12; margin-left:10px;'' align=''justify''> Puteti <b>tipari, trimite pe email sau salva </b> pe disc orice document emis.<br/><br/>Dupa emiterea unui document puteti alege ce sa faceti cu el. Il puteti tipari, il puteti trimite pe email direct din program, il puteti salva pe disc in format PDF sau puteti reveni la el mai tarziu pentru aceste operatiuni. <br/>Orice document emis este salvat in baza de date a programului putand fi accesat in orice moment ulterior! </p>',1,1,0);
INSERT INTO "tips" VALUES(1159,'<p style=''font-family:Tahoma;font-size:12; margin-left:10px;'' align=''justify''> <b>Personalizati-va documentele! </b> <br/><br/>Puteti sa va adaugati atat <b>sigla</b> firmei Dvs cat si o <b>imagine de fundal pentru a va personaliza documentele</b></p>',1,1,1);
INSERT INTO "tips" VALUES(1160,'<p style=''font-family:Tahoma;font-size:12; margin-left:10px;'' align=''justify''> Puteti crea <b> o factura pe baza unei alte facturi</b> emise anterior (facturare recurenta)<br/><br/>Foarte utila in cazul in care emiteti facturi repetitive (de ex: facturarea clientilor ce au un abonament/contract cu plata repetitiva)</p>',1,1,0);
INSERT INTO "tips" VALUES(1161,'<p style=''font-family:Tahoma;font-size:12; margin-left:10px;'' align=''justify''> <b>Gestiunea ''''Obiecte de inventar''''</b> este predefinita in prgram. <br/><br/>Fiind o gestiune comuna tuturor aceasta a fost introdusa implicit in Smart Bill.</p>',1,1,0);
INSERT INTO "tips" VALUES(1162,'<p style=''font-family:Tahoma;font-size:12; margin-left:10px;'' align=''justify''> <b>Adauga Stornare, Discount </b><br/><br/>Le emiterea documentelor de iesire, apasand butonul <b>Optiuni</b> puteti adauga o <b> stornare </b>, <b> discount </b> sau sa alegeti sa creati documentul pe baza unui document deja emis. </p>',1,1,0);
INSERT INTO "tips" VALUES(1163,'<p style=''font-family:Tahoma;font-size:12; margin-left:10px;'' align=''justify''><b>Faceti Backup al bazei de date a programului! </b> <br/><br/>Pentru a nu va pierde datele in cazul reinstalarii sistemului de operare sau a defectarii calculatorului este Important sa efectuati periodic (chiar zilnic) o salvare a bazei de date (Operatiuni-> Salvare/restaurare date-> Salvare date) pe care sa o puneti undeva unde sa nu o pierdeti.</p>',1,1,0);
INSERT INTO "tips" VALUES(1164,'<p> Puteti Corecta (modifica) anumite informatii de pe documentele deja emise ! <br/>Pentru aceasta accesati in meniu Operatiuni -> Modificare documente <br/>Nu uitati ca sunteti responsabil pentru corectitudinea documentelor Dvs! </p>',1,1,0);
INSERT INTO "tips" VALUES(1165,'<p><b>Preluare automata date clienti si furnizori de pe Internet </b> <br/>La emiterea unui document pentru un client sau furnizor nou, dupa introducerea CIF-ului apasati pe butonul ''Net'' si programul va prelua si completa automat toate dateleclientului respectiv furnizorului Dvs.</p>',1,1,0);
INSERT INTO "tips" VALUES(1166,'<p> Puteti salva documentele nefinalizate ca si ciorne ! <br/>Avand astfel posibilitatea sa le continuati ulteriori sau sa le utilizati ca sabloane pentru documentele Dvs.<br/>Ciornele salvate pot fi gasite accesand in meniu Rapoarte -> Alte Rapoarte -> Ciorne.</p>',1,1,0);
INSERT INTO "tips" VALUES(1167,'<p style=''font-family:Tahoma;font-size:12; margin-left:10px;'' align=''justify''><b>Ascundeti coloana de TVA sau pretul pe AVIZ</b> <br/><br/>Pentru a tipari avize pe care sa <b>nu fie afisata coloana de TVA si/ sau pretul produselor</b>, in fereastra de previzualizare trebuie sa debifati optiunile corespunzatoare <b>(TVA si Pret)</b>, inainte sau dupa finalizarea documentului.</p>',1,1,0);
INSERT INTO "tips" VALUES(1168,'<p style=''font-family:Tahoma;font-size:12; margin-left:10px;'' align=''justify''><b>Transfer Magazin-Magazin </b> <br/><br/>Programul va ajuta sa realizati usor transferul de produse intre doua gestiuni de tip magazin. Pentru aceasta accesati din meniu ''Intrari -> Transfer Magazin-Magazin''</p>',1,1,0);
INSERT INTO "tips" VALUES(1169,'<p style=''font-family:Tahoma;font-size:12; margin-left:10px;'' align=''justify''><b>Registru de casa </b> <br/><br/>Puteti genera un <b>Registru de casa</b> in care sunt preluate automat tranzactiile cu numerar ( incasari si plati)  efectuate in program si operatiunile de casa introduse de catre Dvs. Registrul de casa poate fi tiparit in trei formate diferite si poate fi trimis prin email direct din program.</p>',1,1,0);
INSERT INTO "tips" VALUES(1170,'<p style=''font-family:Tahoma;font-size:12; margin-left:10px;'' align=''justify''><b>Operatiuni casa</b> <br/><br/>Pentru a putea introduce in program operatiuni efectuate cu numerar,  altele decat incasarile cu bon fiscal si chitanta, accesati din meniu ''Rapoarte->Registru de casa->Operatiuni casa''. Tot aici aveti posibilitatea de a introduce sau modifica <b>Soldul initial</b> al Registrului de casa</p>',1,1,0);
INSERT INTO "tips" VALUES(1171,'<p style=''font-family:Tahoma;font-size:12; margin-left:10px;'' align=''justify''><b>Discount pe NIR</b> <br/><br/>Pentru a adauga un discount pe NIR programul va ofera doua posibilitati: in fereastra de emitere a documentului utilizati butonul<b> Aplica discount</b>  si astfel discount-ul va fi calculat automat in pretul de achizitie sau puteti adauga discount-ul ca un <b>Serviciu</b> si astfel va aparea ca reper separat pe document.</p>',1,1,0);
INSERT INTO "tips" VALUES(1172,'<p style=''font-family:Tahoma;font-size:12; margin-left:10px;'' align=''justify''><b>Incasare cu Card/ Numerar</b> <br/><br/>Programul Smart Bill permite atat incasarea cu card cat si incasarea cu numerar a bonurilor fiscale, in functie de modalitatea de plata dorita de clientul Dvs. La emiterea documentului bifati varianta corespunzatoare</p>',1,1,0);
INSERT INTO "tips" VALUES(1173,'<p style=''font-family:Tahoma;font-size:12; margin-left:10px;'' align=''justify''><b>Utilizare coduri de bare</b> <br/><br/>Programul Smart Bill poate fi conectat la un cititor coduri de bare.<br/> Pentru a configura programul sa lucreze folosind coduri de bare accesati din meniul programului ''Configurare - Configurari Program - Configurari coduri''</p>',1,1,0);
INSERT INTO "tips" VALUES(1174,'<p style=''font-family:Tahoma;font-size:12; margin-left:10px;'' align=''justify''><b>Incasare cu Card/ Numerar</b> <br/><br/>Programul Smart Bill permite atat incasarea cu card cat si incasarea cu numerar a bonurilor fiscale, in functie de modalitatea de plata dorita de clientul Dvs. La emiterea documentului bifati varianta corespunzatoare</p>',1,1,0);
INSERT INTO "tips" VALUES(1175,'<p style=''font-family:Tahoma;font-size:12; margin-left:10px;'' align=''justify''><b>Utilizare coduri de bare</b> <br/><br/>Programul Smart Bill poate fi conectat la un cititor coduri de bare.<br/> Pentru a configura programul sa lucreze folosind coduri de bare accesati din meniul programului ''Configurare - Configurari Program - Configurari coduri''</p>',1,1,0);
INSERT INTO "tips" VALUES(1176,'<p style=''font-family:Tahoma;font-size:12; margin-left:10px;'' align=''justify''><b>Incasare cu Card/ Numerar</b> <br/><br/>Programul Smart Bill permite atat incasarea cu card cat si incasarea cu numerar a bonurilor fiscale, in functie de modalitatea de plata dorita de clientul Dvs. La emiterea documentului bifati varianta corespunzatoare</p>',1,1,0);
INSERT INTO "tips" VALUES(1177,'<p style=''font-family:Tahoma;font-size:12; margin-left:10px;'' align=''justify''><b>Utilizare coduri de bare</b> <br/><br/>Programul Smart Bill poate fi conectat la un cititor coduri de bare.<br/> Pentru a configura programul sa lucreze folosind coduri de bare accesati din meniul programului ''Configurare - Configurari Program - Configurari coduri''</p>',1,1,0);
INSERT INTO "tips" VALUES(1178,'<p style=''font-family:Tahoma;font-size:12; margin-left:10px;'' align=''justify''><b>Incasare cu Card/ Numerar</b> <br/><br/>Programul Smart Bill permite atat incasarea cu card cat si incasarea cu numerar a bonurilor fiscale, in functie de modalitatea de plata dorita de clientul Dvs. La emiterea documentului bifati varianta corespunzatoare</p>',1,1,0);
INSERT INTO "tips" VALUES(1179,'<p style=''font-family:Tahoma;font-size:12; margin-left:10px;'' align=''justify''><b>Utilizare coduri de bare</b> <br/><br/>Programul Smart Bill poate fi conectat la un cititor coduri de bare.<br/> Pentru a configura programul sa lucreze folosind coduri de bare accesati din meniul programului ''Configurare - Configurari Program - Configurari coduri''</p>',1,1,0);
INSERT INTO "tips" VALUES(1180,'<p style=''font-family:Tahoma;font-size:12; margin-left:10px;'' align=''justify''><b>Incasare cu Card/ Numerar</b> <br/><br/>Programul Smart Bill permite atat incasarea cu card cat si incasarea cu numerar a bonurilor fiscale, in functie de modalitatea de plata dorita de clientul Dvs. La emiterea documentului bifati varianta corespunzatoare</p>',1,1,0);
INSERT INTO "tips" VALUES(1181,'<p style=''font-family:Tahoma;font-size:12; margin-left:10px;'' align=''justify''><b>Utilizare coduri de bare</b> <br/><br/>Programul Smart Bill poate fi conectat la un cititor coduri de bare.<br/> Pentru a configura programul sa lucreze folosind coduri de bare accesati din meniul programului ''Configurare - Configurari Program - Configurari coduri''</p>',1,1,0);
INSERT INTO "tips" VALUES(1182,'<p style=''font-family:Tahoma;font-size:12; margin-left:10px;'' align=''justify''><b>Incasare cu Card/ Numerar</b> <br/><br/>Programul Smart Bill permite atat incasarea cu card cat si incasarea cu numerar a bonurilor fiscale, in functie de modalitatea de plata dorita de clientul Dvs. La emiterea documentului bifati varianta corespunzatoare</p>',1,1,0);
INSERT INTO "tips" VALUES(1183,'<p style=''font-family:Tahoma;font-size:12; margin-left:10px;'' align=''justify''><b>Utilizare coduri de bare</b> <br/><br/>Programul Smart Bill poate fi conectat la un cititor coduri de bare.<br/> Pentru a configura programul sa lucreze folosind coduri de bare accesati din meniul programului ''Configurare - Configurari Program - Configurari coduri''</p>',1,1,0);
INSERT INTO "tips" VALUES(1184,'<p style=''font-family:Tahoma;font-size:12; margin-left:10px;'' align=''justify''><b>Incasare cu Card/ Numerar</b> <br/><br/>Programul Smart Bill permite atat incasarea cu card cat si incasarea cu numerar a bonurilor fiscale, in functie de modalitatea de plata dorita de clientul Dvs. La emiterea documentului bifati varianta corespunzatoare</p>',1,1,0);
INSERT INTO "tips" VALUES(1185,'<p style=''font-family:Tahoma;font-size:12; margin-left:10px;'' align=''justify''><b>Utilizare coduri de bare</b> <br/><br/>Programul Smart Bill poate fi conectat la un cititor coduri de bare.<br/> Pentru a configura programul sa lucreze folosind coduri de bare accesati din meniul programului ''Configurare - Configurari Program - Configurari coduri''</p>',1,1,0);
INSERT INTO "tips" VALUES(1186,'<p style=''font-family:Tahoma;font-size:12; margin-left:10px;'' align=''justify''><b>Aviz storno</b> <br/><br/>Pentru a intoarce inapoi in stoc marfa pentru care s-a emis un aviz dar nu si o factura, accesati in meniu Intrari optiunea <b>Aviz storno</b>. Puteti storna integral sau partial avizele emise.</p>',1,1,0);
INSERT INTO "tips" VALUES(1187,'<p style=''font-family:Tahoma;font-size:12; margin-left:10px;'' align=''justify''><b>Raportul de plati</b>(in meniu Plati - Raport plati) este o unealta deosebit de folositoare pentru a va optimiza efectuarea platilor catre furnizorii Dvs..  <br/><br/> Aici puteti urmari toate facturile care trebuie platite,  cele al caror termen scadent va expira sau cele care au fost deja platite integral sau partial!!</p>',1,1,0);
INSERT INTO "tips" VALUES(1188,'<p style=''font-family:Tahoma;font-size:12; margin-left:10px;'' align=''justify''><b>Factura furnizor</b>(in meniu Intrari ‚Äì Factura furnizor) <br/><br/>Puteti inregistra in baza de date a programului facturile primite de la furnizorii Dvs.  <br/><br/> De asemenea puteti inregistra si platile aferente acestor facturi atat in momentul emiterii cat si ulterior!!</p>',1,1,0);
INSERT INTO "tips" VALUES(1189,'<p style=''font-family:Tahoma;font-size:12; margin-left:10px;'' align=''justify''>In cazul in care doriti sa  generati un <b>Inventar</b> la sfarsit de an pentru fiecare gestiune in parte, precum si pentru fiecare angajat care a primit in folosinta bunuri ale societatii sau sa realizati mici corecturi in situatia stocului de produse la un moment dat, puteti face acest lucru accesand din meniul principal ''Operatiuni - Inventar''. <br/>Consultati sectiunea Ajutor pentru mai multe detalii legat de aceasta.</p>',2,1,0);
INSERT INTO "tips" VALUES(1190,'<p style=''font-family:Tahoma;font-size:12; margin-left:10px;'' align=''justify''>In cazul in care doriti sa efectuati o modificare de pret pentru unul, mai multe sau toate produsele de pe stoc, puteti emite un <b>Proces Verbal de Modificare Pret</b> accesand din meniul principal Operatiuni - Modificare pret.<br/><br/>Modificari de pret se pot genera doar pe gestiuni de tip magazin. Consultati sectiunea Ajutor pentru mai multe detalii legat de aceasta.</p>',2,1,0);
INSERT INTO "tips" VALUES(1191,'<p style=''font-family:Tahoma;font-size:12; margin-left:10px;'' align=''justify''>Functionalitatea de <b>suspendare/activare </b>a documentelor permite efectuarea unor corectii la o anume data.<br/><br/>Anumite modificari pe documente mai vechi pot afecta stocul, ceea ce va necesita pe parcursul activarii refacerea sau anularea altor documente.<br/><br/><b>Responsabilitatea pastrarii ordinii de activare a documentelor suspendate revine in intregime utilizatorului.</b></p>',2,1,0);
INSERT INTO "tips" VALUES(1192,'<p style=''font-family:Tahoma;font-size:12; margin-left:10px;'' align=''justify''><b>Procesul Verbal de Predare-Primire</b> este documentul prin care se realizeaza miscarea bunurilor din inventarul societatii catre angajati, prin descarcarea gestiunii de tip <b>Obiecte inventar in folosinta </b> si receptia bunurilor de catre angajati.<br/>Pentru aceasta accesati din meniul principal ''Intrari - Transfer produse - Proces Verbal Predare Primire''. <br/> <br/>Consultati sectiunea Ajutor pentru mai multe detalii legat de aceasta.</p>',2,1,0);
CREATE TABLE gestiuni (  gestiune_id  integer PRIMARY KEY AUTOINCREMENT NOT NULL UNIQUE,  denumire     char(50) NOT NULL,  deleted      char(1) NOT NULL DEFAULT 'n', tip integer, descriere varchar(50));
INSERT INTO "gestiuni" VALUES(1,'Obiecte inventar','n',2,NULL);
INSERT INTO "gestiuni" VALUES(2,'Obiecte inventar in folosinta','n',3,NULL);
INSERT INTO "gestiuni" VALUES(20,'gest del','y',1,NULL);
INSERT INTO "gestiuni" VALUES(21,'XEROGRAFICA','n',2,'En-gros (depozit)');
CREATE TABLE tranzactii (  tranzactie_id         integer PRIMARY KEY AUTOINCREMENT NOT NULL UNIQUE,  serie_id              integer NOT NULL,  nr_doc                char(50) NOT NULL,  tip_doc               char(5) NOT NULL,  tip_operatie          char(1) NOT NULL,  data                  date NOT NULL,  client_id             integer NOT NULL,  furnizor_id           integer NOT NULL,  predator_gestiune_id  integer NOT NULL,  primitor_gestiune_id  integer NOT NULL,  serie_factura         char(5),  numar_factura         char(30),  precizie              integer NOT NULL DEFAULT 2,  angajat_id            integer NOT NULL DEFAULT 0,  tranzactie_stornata_id  integer NOT NULL DEFAULT 0, delegat varchar(50), auto varchar(50), mentiuni varchar(100), comisie_receptie varchar(150), gestionar varchar(150), 'serie' varchar(100), observatii varchar(250), 'tip_nrfact' char(1) DEFAULT 'a', 'status' char(1) DEFAULT 'v');
INSERT INTO "tranzactii" VALUES(1,0,'','SI','X','2014-12-10',0,0,0,21,'','',2,0,0,'','','','','','',NULL,'a','v');
INSERT INTO "tranzactii" VALUES(2,99,'000052','FCT','O','2014-12-10',11302,0,21,0,'','',2,0,0,'','','','','','XR',NULL,'a','v');
INSERT INTO "tranzactii" VALUES(3,93,'000029','NIR','I','2014-12-11',0,1,-1,21,'','CTRKF 0180749',4,0,-1,'','','','','','NXR',NULL,'a','v');
INSERT INTO "tranzactii" VALUES(5,93,'000030','NIR','I','2014-12-10',0,2,-1,21,'','118044',2,0,-1,'','','','','','NXR',NULL,'f','v');
INSERT INTO "tranzactii" VALUES(6,93,'000031','NIR','I','2014-12-11',0,3,-1,21,'','FSH 4576290',2,0,-1,'','','','','','NXR',NULL,'f','v');
INSERT INTO "tranzactii" VALUES(7,93,'000032','NIR','I','2014-12-12',0,4,-1,21,'','KT 6622',2,0,-1,'','','','','','NXR',NULL,'f','v');
INSERT INTO "tranzactii" VALUES(8,99,'000055','FCT','O','2014-12-12',11306,0,21,0,'','',2,0,0,'','','','','','XR',NULL,'a','v');
INSERT INTO "tranzactii" VALUES(9,99,'000056','FCT','O','2014-12-12',11309,0,21,0,'','',2,0,0,'','','','','','XR',NULL,'a','v');
INSERT INTO "tranzactii" VALUES(10,93,'000033','NIR','I','2014-12-15',0,1,-1,21,'','0181062',2,0,-1,'','','','','','NXR',NULL,'f','v');
INSERT INTO "tranzactii" VALUES(11,99,'000057','FCT','O','2014-12-15',11304,0,21,0,'','',2,0,0,'','','','','','XR',NULL,'a','v');
INSERT INTO "tranzactii" VALUES(12,99,'000058','FCT','O','2014-12-15',11304,0,21,0,'','',2,0,0,'','','','','','XR',NULL,'a','v');
INSERT INTO "tranzactii" VALUES(13,99,'000059','FCT','O','2014-12-15',11304,0,21,0,'','',2,0,0,'','','','','','XR',NULL,'a','v');
INSERT INTO "tranzactii" VALUES(14,99,'000060','FCT','O','2014-12-15',11310,0,21,0,'','',2,0,0,'','','','','','XR',NULL,'a','v');
INSERT INTO "tranzactii" VALUES(15,93,'000034','NIR','I','2014-12-15',0,4,-1,21,'','KT 6634',2,0,-1,'','','','','','NXR',NULL,'f','v');
INSERT INTO "tranzactii" VALUES(16,93,'000035','NIR','I','2014-12-15',0,5,-1,21,'','MRES-FA 1579',2,0,-1,'','','','','','NXR',NULL,'f','v');
INSERT INTO "tranzactii" VALUES(17,93,'000036','NIR','I','2014-12-15',0,3,-1,21,'','FSH 4576291',2,0,-1,'','','','','','NXR',NULL,'f','v');
INSERT INTO "tranzactii" VALUES(18,99,'000061','FCT','O','2014-12-16',11311,0,21,0,'','',2,0,0,'','','','','','XR',NULL,'a','v');
INSERT INTO "tranzactii" VALUES(19,99,'000063','FCT','O','2014-12-19',11306,0,21,0,'','',2,0,0,'','','','','','XR',NULL,'a','v');
INSERT INTO "tranzactii" VALUES(20,99,'000064','FCT','O','2014-12-19',11309,0,21,0,'','',2,0,0,'','','','','','XR',NULL,'a','v');
INSERT INTO "tranzactii" VALUES(22,99,'000069','FCT','O','2014-12-22',11315,0,21,0,'','',2,0,0,'','','','','','XR',NULL,'a','v');
INSERT INTO "tranzactii" VALUES(23,95,'000006','BC','O','2014-12-31',0,0,21,0,'','consum intern',2,2,0,'','','','DRAGOI DANIELA','','BCX',NULL,'a','v');
INSERT INTO "tranzactii" VALUES(24,95,'000007','BC','O','2014-12-31',0,0,21,0,'','consum intern',2,2,0,'','','','DRAGOI DANIELA','','BCX',NULL,'a','v');
INSERT INTO "tranzactii" VALUES(25,95,'000008','BC','O','2014-12-31',0,0,21,0,'','centru de copiere',2,3,0,'','','','TUDOR LUMINITA MONICA','','BCX',NULL,'a','v');
INSERT INTO "tranzactii" VALUES(26,93,'000037','NIR','I','2015-01-07',0,6,-1,21,'','1160595',2,0,-1,'','','','TUDOR LUMINITA MONICA','','NXR',NULL,'f','v');
INSERT INTO "tranzactii" VALUES(28,95,'000009','BC','O','2015-01-07',0,0,21,0,'','CENTRU DE COPIERE',2,3,0,'','','','TUDOR LUMINITA MONICA','','BCX',NULL,'a','v');
INSERT INTO "tranzactii" VALUES(29,93,'000038','NIR','I','2015-01-08',0,7,-1,21,'','1500081',2,0,-1,'','','','TUDOR LUMINITA MONICA','','NXR',NULL,'f','v');
INSERT INTO "tranzactii" VALUES(30,99,'000074','FCT','O','2015-01-09',11318,0,21,0,'','',2,0,0,'','','','','','XR',NULL,'a','v');
INSERT INTO "tranzactii" VALUES(31,93,'000039','NIR','I','2015-01-12',0,7,-1,21,'','1500147',2,0,-1,'','','','TUDOR LUMINITA MONICA','','NXR',NULL,'f','v');
INSERT INTO "tranzactii" VALUES(32,93,'000040','NIR','I','2015-01-12',0,1,-1,21,'','CT RIKF 0181427',2,0,-1,'','','','TUDOR LUMINITA MONICA','','NXR',NULL,'f','v');
INSERT INTO "tranzactii" VALUES(35,93,'000041','NIR','I','2015-01-12',0,2,-1,21,'','118198',2,0,-1,'','','','TUDOR LUMINITA MONICA','','NXR',NULL,'f','v');
INSERT INTO "tranzactii" VALUES(36,93,'000042','NIR','I','2015-01-13',0,7,-1,21,'','',2,0,-1,'','','','DOBRE NICOLETA','','NXR',NULL,'f','v');
INSERT INTO "tranzactii" VALUES(37,99,'000075','FCT','O','2015-01-14',11319,0,21,0,'','',2,0,0,'','','','','','XR',NULL,'a','v');
INSERT INTO "tranzactii" VALUES(38,93,'000043','NIR','I','2015-01-14',0,8,-1,21,'','25347',2,0,-1,'','','','DOBRE NICOLETA','','NXR',NULL,'f','v');
INSERT INTO "tranzactii" VALUES(39,93,'000044','NIR','I','2015-01-14',0,8,-1,21,'','25361',2,0,-1,'','','','DOBRE NICOLETA','','NXR',NULL,'f','v');
INSERT INTO "tranzactii" VALUES(40,93,'000045','NIR','I','2015-01-14',0,8,-1,21,'','25348',2,0,-1,'','','','DOBRE NICOLETA','','NXR',NULL,'f','v');
INSERT INTO "tranzactii" VALUES(41,99,'000076','FCT','O','2015-01-15',11311,0,21,0,'','',2,0,0,'','','','','','XR',NULL,'a','v');
INSERT INTO "tranzactii" VALUES(42,93,'000046','NIR','I','2015-01-20',0,7,-1,21,'','1500383',2,0,-1,'','','','DOBRE NICOLETA','','NXR',NULL,'f','v');
INSERT INTO "tranzactii" VALUES(43,93,'000047','NIR','I','2015-01-21',0,9,-1,21,'','RTSJ11500285',2,0,-1,'','','','DRAGOI DANIELA','','NXR',NULL,'f','v');
INSERT INTO "tranzactii" VALUES(44,99,'000081','FCT','O','2015-01-21',11320,0,21,0,'','',2,0,0,'','','','','','XR',NULL,'a','v');
INSERT INTO "tranzactii" VALUES(46,93,'000048','NIR','I','2015-01-26',0,1,-1,21,'','',2,0,-1,'','','','DOBRE NICOLETA','','NXR',NULL,'f','v');
INSERT INTO "tranzactii" VALUES(47,99,'000083','FCT','O','2015-01-27',11307,0,21,0,'','',2,0,0,'','','','','','XR',NULL,'a','v');
INSERT INTO "tranzactii" VALUES(48,93,'000049','NIR','I','2015-01-28',0,1,-1,21,'','184336',2,0,-1,'','','','DOBRE NICOLETA','','NXR',NULL,'f','v');
INSERT INTO "tranzactii" VALUES(49,99,'000087','FCT','O','2015-01-30',11304,0,21,0,'','',2,0,0,'','','','','','XR',NULL,'a','v');
INSERT INTO "tranzactii" VALUES(50,99,'000088','FCT','O','2015-01-30',11304,0,21,0,'','',2,0,0,'','','','','','XR',NULL,'a','v');
INSERT INTO "tranzactii" VALUES(51,99,'000089','FCT','O','2015-01-30',11304,0,21,0,'','',2,0,0,'','','','','','XR',NULL,'a','v');
INSERT INTO "tranzactii" VALUES(52,95,'000010','BC','O','2015-01-30',0,0,21,0,'','consum intern',2,2,0,'','','','DRAGOI DANIELA','','BCX',NULL,'a','v');
INSERT INTO "tranzactii" VALUES(54,95,'000011','BC','O','2015-01-30',0,0,21,0,'','centru copiere',2,3,0,'','','','TUDOR LUMINITA MONICA','','BCX',NULL,'a','v');
INSERT INTO "tranzactii" VALUES(55,95,'000012','BC','O','2015-02-03',0,0,21,0,'','centru de copiere',2,3,0,'','','','TUDOR LUMINITA MONICA','','BCX',NULL,'a','v');
INSERT INTO "tranzactii" VALUES(56,93,'000050','NIR','I','2015-02-03',0,10,-1,21,'','788066',3,0,-1,'','','','DOBRE NICOLETA','','NXR',NULL,'f','v');
INSERT INTO "tranzactii" VALUES(57,93,'000051','NIR','I','2015-02-04',0,1,-1,21,'','0187599',2,0,-1,'','','','DOBRE NICOLETA','','NXR',NULL,'f','v');
INSERT INTO "tranzactii" VALUES(58,93,'000052','NIR','I','2015-02-09',0,7,-1,21,'','1500955',2,0,-1,'','','','DOBRE NICOLETA','','NXR',NULL,'f','v');
INSERT INTO "tranzactii" VALUES(60,93,'000053','NIR','I','2015-02-11',0,2,-1,21,'','',2,0,-1,'','','','DOBRE NICOLETA','','NXR',NULL,'f','v');
INSERT INTO "tranzactii" VALUES(61,93,'000054','NIR','I','2015-02-12',0,1,-1,21,'','0188338',2,0,-1,'','','','DOBRE NICOLETA','','NXR',NULL,'f','v');
INSERT INTO "tranzactii" VALUES(62,93,'000055','NIR','I','2015-02-20',0,8,-1,21,'','25869',2,0,-1,'','','','DOBRE NICOLETA','','NXR',NULL,'f','v');
INSERT INTO "tranzactii" VALUES(63,93,'000056','NIR','I','2015-02-23',0,7,-1,21,'','',2,0,-1,'','','','DRAGOI DANIELA','','NXR',NULL,'f','v');
INSERT INTO "tranzactii" VALUES(64,99,'000100','FCT','O','2015-02-24',11313,0,21,0,'','',2,0,0,'','','','','','XR',NULL,'a','v');
INSERT INTO "tranzactii" VALUES(65,93,'000057','NIR','I','2015-02-24',0,2,-1,21,'','',2,0,-1,'','','','DOBRE NICOLETA','','NXR',NULL,'f','v');
INSERT INTO "tranzactii" VALUES(66,93,'000058','NIR','I','2015-02-26',0,1,-1,21,'','0186451',2,0,-1,'','','','DOBRE NICOLETA','','NXR',NULL,'f','v');
INSERT INTO "tranzactii" VALUES(67,99,'000105','FCT','O','2015-02-26',11328,0,21,0,'','',2,0,0,'','','','','','XR',NULL,'a','v');
INSERT INTO "tranzactii" VALUES(68,99,'000107','FCT','O','2015-02-27',11304,0,21,0,'','',2,0,0,'','','','','','XR',NULL,'a','v');
INSERT INTO "tranzactii" VALUES(69,99,'000108','FCT','O','2015-02-27',11304,0,21,0,'','',2,0,0,'','','','','','XR',NULL,'a','v');
INSERT INTO "tranzactii" VALUES(70,99,'000109','FCT','O','2015-02-27',11304,0,21,0,'','',2,0,0,'','','','','','XR',NULL,'a','v');
INSERT INTO "tranzactii" VALUES(71,99,'000110','FCT','O','2015-02-27',11304,0,21,0,'','',2,0,0,'','','','','','XR',NULL,'a','v');
INSERT INTO "tranzactii" VALUES(72,99,'000112','FCT','O','2015-02-27',11330,0,21,0,'','',2,0,0,'','','','','','XR',NULL,'a','v');
INSERT INTO "tranzactii" VALUES(73,93,'000059','NIR','I','2015-02-27',0,7,-1,21,'','1501444',2,0,-1,'','','','DOBRE NICOLETA','','NXR',NULL,'f','v');
INSERT INTO "tranzactii" VALUES(74,99,'000113','FCT','O','2015-02-27',11332,0,21,0,'','',2,0,0,'','','','','','XR',NULL,'a','v');
INSERT INTO "tranzactii" VALUES(75,93,'000060','NIR','I','2015-03-02',0,7,-1,21,'','1501467',2,0,-1,'','','','DOBRE NICOLETA','','NXR',NULL,'f','v');
INSERT INTO "tranzactii" VALUES(76,93,'000061','NIR','I','2015-03-02',0,11,-1,21,'','',2,0,-1,'','','','DOBRE NICOLETA','','NXR',NULL,'f','v');
INSERT INTO "tranzactii" VALUES(77,93,'000062','NIR','I','2015-03-02',0,12,-1,21,'','79',2,0,-1,'','','','DOBRE NICOLETA','','NXR',NULL,'f','v');
INSERT INTO "tranzactii" VALUES(78,95,'000013','BC','O','2015-02-27',0,0,21,0,'','centru de copiere',2,3,0,'','','','TUDOR LUMINITA MONICA','','BCX',NULL,'a','v');
INSERT INTO "tranzactii" VALUES(79,93,'000063','NIR','I','2015-03-05',0,9,-1,21,'','21500671',2,0,-1,'','','','DOBRE NICOLETA','','NXR',NULL,'f','v');
INSERT INTO "tranzactii" VALUES(80,93,'000064','NIR','I','2015-03-05',0,7,-1,21,'','1501648',2,0,-1,'','','','DOBRE NICOLETA','','NXR',NULL,'f','v');
INSERT INTO "tranzactii" VALUES(81,99,'000117','FCT','O','2015-03-06',11322,0,21,0,'','',2,0,0,'','','','','','XR',NULL,'a','v');
INSERT INTO "tranzactii" VALUES(82,99,'000118','FCT','O','2015-03-06',11335,0,21,0,'','',2,0,0,'','','','','','XR',NULL,'a','v');
INSERT INTO "tranzactii" VALUES(84,99,'000119','FCT','O','2015-03-09',11334,0,21,0,'','',2,0,0,'','','','','','XR',NULL,'a','v');
INSERT INTO "tranzactii" VALUES(85,93,'000065','NIR','I','2015-03-09',0,7,-1,21,'','1501705',2,0,-1,'','','','DOBRE NICOLETA','','NXR',NULL,'f','v');
INSERT INTO "tranzactii" VALUES(86,95,'000014','BC','O','2015-03-11',0,0,21,0,'','centru copiere',2,1,0,'','','','DOBRE NICOLETA','','BCX',NULL,'a','v');
INSERT INTO "tranzactii" VALUES(87,93,'000066','NIR','I','2015-03-10',0,2,-1,21,'','118601',2,0,-1,'','','','DOBRE NICOLETA','','NXR',NULL,'f','v');
INSERT INTO "tranzactii" VALUES(88,93,'000067','NIR','I','2015-03-11',0,7,-1,21,'','101781',2,0,-1,'','','','DOBRE NICOLETA','','NXR',NULL,'f','v');
INSERT INTO "tranzactii" VALUES(89,93,'000068','NIR','I','2015-03-12',0,13,-1,21,'','0057306',2,0,-1,'','','','DOBRE NICOLETA','','NXR',NULL,'f','v');
INSERT INTO "tranzactii" VALUES(90,93,'000069','NIR','I','2015-03-16',0,7,-1,21,'','1520383',2,0,-1,'','','','DOBRE NICOLETA','','NXR',NULL,'f','v');
INSERT INTO "tranzactii" VALUES(91,95,'000015','BC','O','2015-03-17',0,0,21,0,'','',2,1,0,'','','','DOBRE NICOLETA','','BCX',NULL,'a','v');
INSERT INTO "tranzactii" VALUES(92,99,'000124','FCT','O','2015-03-17',11338,0,21,0,'','',2,0,0,'','','','','','XR',NULL,'a','v');
INSERT INTO "tranzactii" VALUES(93,93,'000070','NIR','I','2015-03-17',0,1,-1,21,'','0188591',2,0,-1,'','','','DOBRE NICOLETA','','NXR',NULL,'f','v');
INSERT INTO "tranzactii" VALUES(94,93,'000071','NIR','I','2015-03-17',0,7,-1,21,'','1520386',2,0,-1,'','','','DOBRE NICOLETA','','NXR',NULL,'f','v');
INSERT INTO "tranzactii" VALUES(95,99,'000125','FCT','O','2015-03-20',11303,0,21,0,'','',2,0,0,'','','','','','XR',NULL,'a','v');
INSERT INTO "tranzactii" VALUES(96,93,'000072','NIR','I','2015-03-20',0,14,-1,21,'','',2,0,-1,'','','','DOBRE NICOLETA','','NXR',NULL,'f','v');
INSERT INTO "tranzactii" VALUES(97,93,'000073','NIR','I','2015-03-23',0,7,-1,21,'','1502088',2,0,-1,'','','','DOBRE NICOLETA','','NXR',NULL,'f','v');
INSERT INTO "tranzactii" VALUES(98,99,'000128','FCT','O','2015-03-25',11339,0,21,0,'','',2,0,0,'','','','','','XR',NULL,'a','v');
INSERT INTO "tranzactii" VALUES(99,93,'000074','NIR','I','2015-03-25',0,10,-1,21,'','200202',2,0,-1,'','','','DOBRE NICOLETA','','NXR',NULL,'f','v');
CREATE TABLE tranzactii_detalii (  tranzactie_detaliu_id  integer PRIMARY KEY AUTOINCREMENT NOT NULL UNIQUE,  tranzactie_id          integer NOT NULL,  articol_id             integer NOT NULL,  cantitate              numeric(50) NOT NULL DEFAULT 0,  pret                   numeric(50) NOT NULL DEFAULT 0,  tva_id                 integer NOT NULL,  aa_id                  integer NOT NULL DEFAULT 0,  fa_id                  integer NOT NULL DEFAULT 0,  td_id                  integer NOT NULL DEFAULT 0, 'articol_denumire' varchar(100) DEFAULT '', 'articol_um' varchar(100) DEFAULT '', 'articol_cod' varchar(100) DEFAULT '', 'articol_denumire_tradus' varchar(100) DEFAULT '', 'articol_um_tradus' varchar(100) DEFAULT '', 'is_serviciu' numeric(1) DEFAULT 0, 'cota_tva' numeric(10), 'pret_vanzare' numeric(10) default 0, 'discount_aplicat' numeric(1) default 0);
INSERT INTO "tranzactii_detalii" VALUES(1,1,403,198,0.04,13,0,0,0,'PLIC CD','buc','10314','','',0,24,0,0);
INSERT INTO "tranzactii_detalii" VALUES(2,1,404,198,0.58,13,0,0,0,'CD VERBATIM EXTRA','buc','10394','','',0,24,0,0);
INSERT INTO "tranzactii_detalii" VALUES(3,1,405,35,3.7,13,0,0,0,'BIBLIORAFT MARMORAT','buc','10658','','',0,24,0,0);
INSERT INTO "tranzactii_detalii" VALUES(4,1,406,1,20.5,13,0,0,0,'HARTIE A3 ABSOLUT','top','12551','','',0,24,0,0);
INSERT INTO "tranzactii_detalii" VALUES(5,1,407,50,8.9,13,0,0,0,'HARTIE A4 ABSOLUT','top','13187','','',0,24,0,0);
INSERT INTO "tranzactii_detalii" VALUES(6,1,408,6,70.14,13,0,0,0,'M-JET COPY 80G, 841, 3" BLACK','rola','243485','','',0,24,0,0);
INSERT INTO "tranzactii_detalii" VALUES(7,1,409,3,49.27,13,0,0,0,'M-JET COPY 80G, 594, 3" BLACK','rola','243495','','',0,24,0,0);
INSERT INTO "tranzactii_detalii" VALUES(8,1,410,2,35.36,13,0,0,0,'M-JET COPY 80G, 420, 3" BLACK','rola','243497','','',0,24,0,0);
INSERT INTO "tranzactii_detalii" VALUES(9,1,411,1,70.91,13,0,0,0,'M-JET COPY 80G, 914, 2" COLOR','rola','243506','','',0,24,0,0);
INSERT INTO "tranzactii_detalii" VALUES(10,1,412,1,76.08,13,0,0,0,'M-JET COPY 80G, 914, 3" BLACK','rola','243510','','',0,24,0,0);
INSERT INTO "tranzactii_detalii" VALUES(11,1,413,4,65.25,13,0,0,0,'M-JET COPY 80G, 841, 2" COLOR','rola','243511','','',0,24,0,0);
INSERT INTO "tranzactii_detalii" VALUES(12,1,414,2,45.95,13,0,0,0,'M-JET COPY 80G, 594, 2" COLOR','rola','243704','','',0,24,0,0);
INSERT INTO "tranzactii_detalii" VALUES(13,1,415,1,281.26,13,0,0,0,'M-PHOTO 200G,914','rola','450194','','',0,24,0,0);
INSERT INTO "tranzactii_detalii" VALUES(14,1,416,2,520.09,13,0,0,0,'TONER 6204','buc','006R01238','','',0,24,0,0);
INSERT INTO "tranzactii_detalii" VALUES(15,1,417,1,851.91,13,0,0,0,'INK PFI-703 MATTE BLACK IPF 815','buc','CF2962','','',0,24,0,0);
INSERT INTO "tranzactii_detalii" VALUES(16,1,418,1,851.91,13,0,0,0,'INK PFI-703 PHOTO BLACK IPF 815','buc','CF2963','','',0,24,0,0);
INSERT INTO "tranzactii_detalii" VALUES(17,1,419,1,851.91,13,0,0,0,'INK PFI-703 CYAN IPF 815','buc','CF2964','','',0,24,0,0);
INSERT INTO "tranzactii_detalii" VALUES(18,1,420,1,851.91,13,0,0,0,'INK PFI-703 MAGENTA IPF 815','buc','CF2965','','',0,24,0,0);
INSERT INTO "tranzactii_detalii" VALUES(19,1,421,1,851.91,13,0,0,0,'INK PFI-703 YELLOW IPF 815','buc','CF2966','','',0,24,0,0);
INSERT INTO "tranzactii_detalii" VALUES(20,1,422,75,0.31,13,0,0,0,'DOSAR PVC SINA','buc','D37','','',0,24,0,0);
INSERT INTO "tranzactii_detalii" VALUES(21,1,423,4265,0.27,13,0,0,0,'ALONJE AUTOADEZIVE','buc','VEL-2002000','','',0,24,0,0);
INSERT INTO "tranzactii_detalii" VALUES(22,1,424,2,206.88,13,0,0,0,'TONER BLACK HP C285A','buc','CE285A','','',0,24,0,0);
INSERT INTO "tranzactii_detalii" VALUES(23,1,425,6,19.48,13,0,0,0,'RIBON EPSON BLACK','buc','C13S015637','','',0,24,0,0);
INSERT INTO "tranzactii_detalii" VALUES(24,1,426,1,694.82,13,0,0,0,'EPSON LX 350','buc','C11CC24031','','',0,24,0,0);
INSERT INTO "tranzactii_detalii" VALUES(25,1,427,1,56.61,13,0,0,0,'HARTIE SRA3 90G COLOR COPY','top','5370','','',0,24,0,0);
INSERT INTO "tranzactii_detalii" VALUES(26,1,426,1,696.95,13,0,0,0,'EPSON LX 350','buc','C11CC24031','','',0,24,0,0);
INSERT INTO "tranzactii_detalii" VALUES(27,1,428,50,3.99,13,0,0,0,'BIBLIORAFT A4, 75MM, AKKO','buc','0215','','',0,24,0,0);
INSERT INTO "tranzactii_detalii" VALUES(28,1,429,50,3.99,13,0,0,0,'BIBLIORAFT A4, 50MM, AKKO','buc','2853','','',0,24,0,0);
INSERT INTO "tranzactii_detalii" VALUES(29,1,430,100,0.35,13,0,0,0,'DOSAR PVC SINA NOKY','buc','0246','','',0,24,0,0);
INSERT INTO "tranzactii_detalii" VALUES(30,1,431,100,0.06,13,0,0,0,'PLIC SPECIAL CD','buc','2832','','',0,24,0,0);
INSERT INTO "tranzactii_detalii" VALUES(31,1,432,400,0.04,13,0,0,0,'SEPARATOR CARTON COLOR','buc','0635','','',0,24,0,0);
INSERT INTO "tranzactii_detalii" VALUES(32,1,433,100,0.68,13,0,0,0,'CD VERBATIM','buc','1581','','',0,24,0,0);
INSERT INTO "tranzactii_detalii" VALUES(33,1,426,2,696.01,13,0,0,0,'EPSON LX 350','buc','C11CC24031','','',0,24,0,0);
INSERT INTO "tranzactii_detalii" VALUES(34,1,425,4,17.77,13,0,0,0,'RIBON EPSON BLACK','buc','C13S015637','','',0,24,0,0);
INSERT INTO "tranzactii_detalii" VALUES(35,2,426,4,0,13,0,1976,0,'EPSON LX 350','buc','C11CC24031','','',0,24,0,0);
INSERT INTO "tranzactii_detalii" VALUES(36,2,424,2,0,13,0,1977,0,'TONER BLACK HP C285A','buc','CE285A','','',0,24,0,0);
INSERT INTO "tranzactii_detalii" VALUES(37,2,425,10,0,13,0,1978,0,'RIBON EPSON BLACK','buc','C13S015637','','',0,24,0,0);
INSERT INTO "tranzactii_detalii" VALUES(38,3,438,425,0,13,0,-1,0,'PLIC DL','BUC','11452','','',0,24,0,0);
INSERT INTO "tranzactii_detalii" VALUES(41,5,439,4,0,13,0,-1,0,'M-JET COPY 80G, 297, 3"  BLACK','rola','243499','','',0,24,0,0);
INSERT INTO "tranzactii_detalii" VALUES(42,5,408,3,0,13,0,-1,0,'M-JET COPY 80G, 841, 3" BLACK','rola','243485','','',0,24,0,0);
INSERT INTO "tranzactii_detalii" VALUES(43,6,440,50,0,13,0,-1,0,'SET NOTES','BUC','SETNOT','','',0,24,0,0);
INSERT INTO "tranzactii_detalii" VALUES(44,6,441,60,0,13,0,-1,0,'SET SCRIS','BUC','SETSCRI','','',0,24,0,0);
INSERT INTO "tranzactii_detalii" VALUES(45,6,442,60,0,13,0,-1,0,'BRELOC MULTIFUNCTIONAL','BUC','BREL','','',0,24,0,0);
INSERT INTO "tranzactii_detalii" VALUES(46,6,443,30,0,13,0,-1,0,'INCARCATOR','BUC','INCARC','','',0,24,0,0);
INSERT INTO "tranzactii_detalii" VALUES(47,6,444,30,0,13,0,-1,0,'MULTIFUNCTIONAL LASER','BUC','MFLS','','',0,24,0,0);
INSERT INTO "tranzactii_detalii" VALUES(48,6,445,100,0,13,0,-1,0,'PUNGA','BUC','PNGA','','',0,24,0,0);
INSERT INTO "tranzactii_detalii" VALUES(49,7,446,30,0,13,0,-1,0,'CALENDAR BIROU','BUC','12253','','',0,24,0,0);
INSERT INTO "tranzactii_detalii" VALUES(50,7,447,420,0,13,0,-1,0,'FELICITARI','BUC','12256','','',0,24,0,0);
INSERT INTO "tranzactii_detalii" VALUES(51,8,440,30,0,13,0,1980,0,'SET NOTES','BUC','SETNOT','','',0,24,0,0);
INSERT INTO "tranzactii_detalii" VALUES(52,8,441,30,0,13,0,1981,0,'SET SCRIS','BUC','SETSCRI','','',0,24,0,0);
INSERT INTO "tranzactii_detalii" VALUES(53,8,442,30,0,13,0,1982,0,'BRELOC MULTIFUNCTIONAL','BUC','BREL','','',0,24,0,0);
INSERT INTO "tranzactii_detalii" VALUES(54,8,446,20,0,13,0,1983,0,'CALENDAR BIROU','BUC','12253','','',0,24,0,0);
INSERT INTO "tranzactii_detalii" VALUES(55,8,445,50,0,13,0,1984,0,'PUNGA','BUC','PNGA','','',0,24,0,0);
INSERT INTO "tranzactii_detalii" VALUES(56,9,440,20,0,13,0,1985,0,'SET NOTES','BUC','SETNOT','','',0,24,0,0);
INSERT INTO "tranzactii_detalii" VALUES(57,9,441,30,0,13,0,1986,0,'SET SCRIS','BUC','SETSCRI','','',0,24,0,0);
INSERT INTO "tranzactii_detalii" VALUES(58,9,442,30,0,13,0,1987,0,'BRELOC MULTIFUNCTIONAL','BUC','BREL','','',0,24,0,0);
INSERT INTO "tranzactii_detalii" VALUES(59,9,443,30,0,13,0,1988,0,'INCARCATOR','BUC','INCARC','','',0,24,0,0);
INSERT INTO "tranzactii_detalii" VALUES(60,9,444,30,0,13,0,1989,0,'MULTIFUNCTIONAL LASER','BUC','MFLS','','',0,24,0,0);
INSERT INTO "tranzactii_detalii" VALUES(61,9,446,10,0,13,0,1990,0,'CALENDAR BIROU','BUC','12253','','',0,24,0,0);
INSERT INTO "tranzactii_detalii" VALUES(62,9,445,50,0,13,0,1991,0,'PUNGA','BUC','PNGA','','',0,24,0,0);
INSERT INTO "tranzactii_detalii" VALUES(63,10,448,1,0,13,0,-1,0,'DISTRUGATOR FELLOWES DS-13C 13 COLI CROSS CUT 4X35MM, 18L, UZ MODERAT','BUC','3019801','','',0,24,0,0);
INSERT INTO "tranzactii_detalii" VALUES(64,11,423,433,0,13,0,2037,0,'ALONJE AUTOADEZIVE','buc','VEL-2002000','','',0,24,0,0);
INSERT INTO "tranzactii_detalii" VALUES(65,11,430,6,0,13,0,2038,0,'DOSAR PVC SINA NOKY','buc','0246','','',0,24,0,0);
INSERT INTO "tranzactii_detalii" VALUES(66,11,428,8,0,13,0,2039,0,'BIBLIORAFT A4, 75MM, AKKO','buc','0215','','',0,24,0,0);
INSERT INTO "tranzactii_detalii" VALUES(67,11,429,7,0,13,0,2040,0,'BIBLIORAFT A4, 50MM, AKKO','buc','2853','','',0,24,0,0);
INSERT INTO "tranzactii_detalii" VALUES(68,11,404,8,0,13,0,2041,0,'CD VERBATIM EXTRA','buc','10394','','',0,24,0,0);
INSERT INTO "tranzactii_detalii" VALUES(69,11,403,8,0,13,0,2042,0,'PLIC CD','buc','10314','','',0,24,0,0);
INSERT INTO "tranzactii_detalii" VALUES(70,12,423,234,0,13,0,2053,0,'ALONJE AUTOADEZIVE','buc','VEL-2002000','','',0,24,0,0);
INSERT INTO "tranzactii_detalii" VALUES(71,12,428,12,0,13,0,2054,0,'BIBLIORAFT A4, 75MM, AKKO','buc','0215','','',0,24,0,0);
INSERT INTO "tranzactii_detalii" VALUES(72,12,422,9,0,13,0,2055,0,'DOSAR PVC SINA','buc','D37','','',0,24,0,0);
INSERT INTO "tranzactii_detalii" VALUES(73,12,404,27,0,13,0,2056,0,'CD VERBATIM EXTRA','buc','10394','','',0,24,0,0);
INSERT INTO "tranzactii_detalii" VALUES(74,12,403,27,0,13,0,2057,0,'PLIC CD','buc','10314','','',0,24,0,0);
INSERT INTO "tranzactii_detalii" VALUES(75,13,423,10,0,13,0,2064,0,'ALONJE AUTOADEZIVE','buc','VEL-2002000','','',0,24,0,0);
INSERT INTO "tranzactii_detalii" VALUES(76,13,422,3,0,13,0,2065,0,'DOSAR PVC SINA','buc','D37','','',0,24,0,0);
INSERT INTO "tranzactii_detalii" VALUES(77,14,448,1,0,13,0,2066,0,'DISTRUGATOR FELLOWES DS-13C 13 COLI CROSS CUT 4X35MM, 18L, UZ MODERAT','BUC','3019801','','',0,24,0,0);
INSERT INTO "tranzactii_detalii" VALUES(78,15,458,30,0,13,0,-1,0,'CALENDAR BIROU','BUC','12269','','',0,24,0,0);
INSERT INTO "tranzactii_detalii" VALUES(79,16,459,48,0,13,0,-1,0,'CARTI VIZITA 300G COLOR','BUC','CV300','','',0,24,0,0);
INSERT INTO "tranzactii_detalii" VALUES(81,17,445,100,0,13,0,-1,0,'PUNGA','BUC','PNGA','','',0,24,0,0);
INSERT INTO "tranzactii_detalii" VALUES(82,17,460,100,0,13,0,-1,0,'AGENDA PATRATA SAPTAMANALA','BUC','AGPT','','',0,24,0,0);
INSERT INTO "tranzactii_detalii" VALUES(83,17,461,320,0,13,0,-1,0,'AGENDA NEDATATA','BUC','AGNE','','',0,24,0,0);
INSERT INTO "tranzactii_detalii" VALUES(84,17,462,100,0,13,0,-1,0,'SET AGENDE','BUC','SETA','','',0,24,0,0);
INSERT INTO "tranzactii_detalii" VALUES(85,17,463,200,0,13,0,-1,0,'PUNGA KRAFT','BUC','PGKR','','',0,24,0,0);
INSERT INTO "tranzactii_detalii" VALUES(86,17,464,420,0,13,0,-1,0,'CALENDAR PERETE','BUC','CALP','','',0,24,0,0);
INSERT INTO "tranzactii_detalii" VALUES(87,17,465,60,0,13,0,-1,0,'CALENDAR BIROU','BUC','CALB','','',0,24,0,0);
INSERT INTO "tranzactii_detalii" VALUES(88,17,466,540,0,13,0,-1,0,'PIX PLASTIC PERSONALIZAT','BUC','PPLP','','',0,24,0,0);
INSERT INTO "tranzactii_detalii" VALUES(89,17,467,120,0,13,0,-1,0,'PIX METALIC PERSONALIZAT','BUC','PMPE','','',0,24,0,0);
INSERT INTO "tranzactii_detalii" VALUES(90,17,468,60,0,13,0,-1,0,'RAMA FOTO','BUC','RAMF','','',0,24,0,0);
INSERT INTO "tranzactii_detalii" VALUES(92,18,462,100,0,13,0,2100,0,'SET AGENDE','BUC','SETA','','',0,24,0,0);
INSERT INTO "tranzactii_detalii" VALUES(93,18,460,100,0,13,0,2101,0,'AGENDA PATRATA SAPTAMANALA','BUC','AGPT','','',0,24,0,0);
INSERT INTO "tranzactii_detalii" VALUES(94,18,461,320,0,13,0,2102,0,'AGENDA NEDATATA','BUC','AGNE','','',0,24,0,0);
INSERT INTO "tranzactii_detalii" VALUES(95,18,465,60,0,13,0,2103,0,'CALENDAR BIROU','BUC','CALB','','',0,24,0,0);
INSERT INTO "tranzactii_detalii" VALUES(96,18,464,420,0,13,0,2104,0,'CALENDAR PERETE','BUC','CALP','','',0,24,0,0);
INSERT INTO "tranzactii_detalii" VALUES(97,18,466,540,0,13,0,2105,0,'PIX PLASTIC PERSONALIZAT','BUC','PPLP','','',0,24,0,0);
INSERT INTO "tranzactii_detalii" VALUES(98,18,467,120,0,13,0,2106,0,'PIX METALIC PERSONALIZAT','BUC','PMPE','','',0,24,0,0);
INSERT INTO "tranzactii_detalii" VALUES(99,18,468,60,0,13,0,2107,0,'RAMA FOTO','BUC','RAMF','','',0,24,0,0);
INSERT INTO "tranzactii_detalii" VALUES(100,18,463,200,0,13,0,2108,0,'PUNGA KRAFT','BUC','PGKR','','',0,24,0,0);
INSERT INTO "tranzactii_detalii" VALUES(101,18,438,420,0,13,0,2109,0,'PLIC DL','BUC','11452','','',0,24,0,0);
INSERT INTO "tranzactii_detalii" VALUES(102,18,447,420,0,13,0,2110,0,'FELICITARI','BUC','12256','','',0,24,0,0);
INSERT INTO "tranzactii_detalii" VALUES(103,17,440,50,0,13,0,-1,0,'SET NOTES','BUC','SETNOT','','',0,24,0,0);
INSERT INTO "tranzactii_detalii" VALUES(104,19,445,20,0,13,0,2114,0,'PUNGA','BUC','PNGA','','',0,24,0,0);
INSERT INTO "tranzactii_detalii" VALUES(105,19,458,10,0,13,0,2115,0,'CALENDAR BIROU','BUC','12269','','',0,24,0,0);
INSERT INTO "tranzactii_detalii" VALUES(106,20,445,80,0,13,0,2157,0,'PUNGA','BUC','PNGA','','',0,24,0,0);
INSERT INTO "tranzactii_detalii" VALUES(107,20,440,50,0,13,0,2158,0,'SET NOTES','BUC','SETNOT','','',0,24,0,0);
INSERT INTO "tranzactii_detalii" VALUES(108,20,458,20,0,13,0,2159,0,'CALENDAR BIROU','BUC','12269','','',0,24,0,0);
INSERT INTO "tranzactii_detalii" VALUES(112,22,459,48,0,13,0,2133,0,'CARTI VIZITA 300G COLOR','BUC','CV300','','',0,24,0,0);
INSERT INTO "tranzactii_detalii" VALUES(113,23,422,15,0,0,0,-1,0,'DOSAR PVC SINA','buc','D37','','',0,-1,0,0);
INSERT INTO "tranzactii_detalii" VALUES(114,24,422,39,0,0,0,-1,0,'DOSAR PVC SINA','buc','D37','','',0,-1,0,0);
INSERT INTO "tranzactii_detalii" VALUES(115,24,405,3,0,0,0,-1,0,'BIBLIORAFT MARMORAT','buc','10658','','',0,-1,0,0);
INSERT INTO "tranzactii_detalii" VALUES(116,24,438,5,0,0,0,-1,0,'PLIC DL','BUC','11452','','',0,-1,0,0);
INSERT INTO "tranzactii_detalii" VALUES(117,25,407,10,0,0,0,-1,0,'HARTIE A4 ABSOLUT','top','13187','','',0,-1,0,0);
INSERT INTO "tranzactii_detalii" VALUES(118,25,409,2,0,0,0,-1,0,'M-JET COPY 80G, 594, 3" BLACK','rola','243495','','',0,-1,0,0);
INSERT INTO "tranzactii_detalii" VALUES(119,25,408,5,0,0,0,-1,0,'M-JET COPY 80G, 841, 3" BLACK','rola','243485','','',0,-1,0,0);
INSERT INTO "tranzactii_detalii" VALUES(120,25,410,1,0,0,0,-1,0,'M-JET COPY 80G, 420, 3" BLACK','rola','243497','','',0,-1,0,0);
INSERT INTO "tranzactii_detalii" VALUES(121,25,415,1,0,0,0,-1,0,'M-PHOTO 200G,914','rola','450194','','',0,-1,0,0);
INSERT INTO "tranzactii_detalii" VALUES(122,25,416,1,0,0,0,-1,0,'TONER 6204','buc','006R01238','','',0,-1,0,0);
INSERT INTO "tranzactii_detalii" VALUES(123,26,484,1,0,13,0,-1,0,'maintenance cartridge mc-09','buc','mc-09','','',0,24,0,0);
INSERT INTO "tranzactii_detalii" VALUES(125,28,416,1,0,0,0,-1,0,'TONER 6204','buc','006R01238','','',0,-1,0,0);
INSERT INTO "tranzactii_detalii" VALUES(126,29,485,1,0,13,0,-1,0,'DADH FEED ROLL KIT','BUC','113r00718','','',0,24,0,0);
INSERT INTO "tranzactii_detalii" VALUES(127,30,485,1,0,13,0,2156,0,'DADH FEED ROLL KIT','BUC','113r00718','','',0,24,0,0);
INSERT INTO "tranzactii_detalii" VALUES(128,31,486,1,0,13,0,-1,0,'HIGH CAPACITY CARTRIDGE 3210/3220','BUC','106R01487','','',0,24,0,0);
INSERT INTO "tranzactii_detalii" VALUES(129,32,428,50,0,13,0,-1,0,'BIBLIORAFT A4, 75MM, AKKO','buc','0215','','',0,24,0,0);
INSERT INTO "tranzactii_detalii" VALUES(130,32,430,100,0,13,0,-1,0,'DOSAR PVC SINA NOKY','buc','0246','','',0,24,0,0);
INSERT INTO "tranzactii_detalii" VALUES(134,35,408,3,0,13,0,-1,0,'M-JET COPY 80G, 841, 3" BLACK','rola','243485','','',0,24,0,0);
INSERT INTO "tranzactii_detalii" VALUES(135,35,413,6,0,13,0,-1,0,'M-JET COPY 80G, 841, 2" COLOR','rola','243511','','',0,24,0,0);
INSERT INTO "tranzactii_detalii" VALUES(136,36,416,1,0,13,0,-1,0,'TONER 6204','buc','006R01238','','',0,24,0,0);
INSERT INTO "tranzactii_detalii" VALUES(137,37,486,1,0,13,0,2161,0,'HIGH CAPACITY CARTRIDGE 3210/3220','BUC','106R01487','','',0,24,0,0);
INSERT INTO "tranzactii_detalii" VALUES(138,38,487,4,0,13,0,-1,0,'AGRAFE MET 33MM','CUT','A121','','',0,24,0,0);
INSERT INTO "tranzactii_detalii" VALUES(139,38,488,4,0,13,0,-1,0,'AGRAFE MET 70MM','CUT','A106','','',0,24,0,0);
INSERT INTO "tranzactii_detalii" VALUES(140,38,489,2,0,13,0,-1,0,'CREION MECANIC','buc','15263','','',0,24,0,0);
INSERT INTO "tranzactii_detalii" VALUES(141,38,490,2,0,13,0,-1,0,'CLIPS 25MM 12 BUC/CUT','CUT','C763','','',0,24,0,0);
INSERT INTO "tranzactii_detalii" VALUES(142,38,491,6,0,13,0,-1,0,'CAIET A4 60 FILE','BUC','10660','','',0,24,0,0);
INSERT INTO "tranzactii_detalii" VALUES(143,38,492,6,0,13,0,-1,0,'CAPSE 24/6','CUT','13945','','',0,24,0,0);
INSERT INTO "tranzactii_detalii" VALUES(144,38,493,6,0,13,0,-1,0,'CREION CU GUMA','BUC','16193','','',0,24,0,0);
INSERT INTO "tranzactii_detalii" VALUES(145,38,494,3,0,13,0,-1,0,'CREION CORECTOR','BUC','12567','','',0,24,0,0);
INSERT INTO "tranzactii_detalii" VALUES(146,38,495,5,0,13,0,-1,0,'REZERVA CUB 9X9 ALB','BUC','R59','','',0,24,0,0);
INSERT INTO "tranzactii_detalii" VALUES(147,38,422,20,0,13,0,-1,0,'DOSAR PVC SINA','buc','D37','','',0,24,0,0);
INSERT INTO "tranzactii_detalii" VALUES(148,38,496,10,0,13,0,-1,0,'DOSAR CARTON ALB CU SINA','BUC','D31','','',0,24,0,0);
INSERT INTO "tranzactii_detalii" VALUES(149,38,497,30,0,13,0,-1,0,'DOSAR CARTON ALB SIMPLU','BUC','10769','','',0,24,0,0);
INSERT INTO "tranzactii_detalii" VALUES(150,38,498,20,0,13,0,-1,0,'DOSAR CARTON ALB PLIC','BUC','D30','','',0,24,0,0);
INSERT INTO "tranzactii_detalii" VALUES(151,38,499,2,0,13,0,-1,0,'FOLII DE PROTECTIE A4 100/SET','SET','124445','','',0,24,0,0);
INSERT INTO "tranzactii_detalii" VALUES(152,38,500,2,0,13,0,-1,0,'TEXTMARKER OFFICE COVER 213','BUC','T146','','',0,24,0,0);
INSERT INTO "tranzactii_detalii" VALUES(153,38,501,1,0,13,0,-1,0,'TEXTMARKER VD 80050','BUC','15711','','',0,24,0,0);
INSERT INTO "tranzactii_detalii" VALUES(154,38,502,1,0,13,0,-1,0,'TEXTMARKER OFFICE COVER 213','BUC','T147','','',0,24,0,0);
INSERT INTO "tranzactii_detalii" VALUES(155,38,503,3,0,13,0,-1,0,'MINA CREION 0.5','CUT','M78','','',0,24,0,0);
INSERT INTO "tranzactii_detalii" VALUES(156,38,504,3,0,13,0,-1,0,'MINA CREION 0.7','CUT','M79','','',0,24,0,0);
INSERT INTO "tranzactii_detalii" VALUES(157,38,505,20,0,13,0,-1,0,'PIX TRATTO','BUC','14591','','',0,24,0,0);
INSERT INTO "tranzactii_detalii" VALUES(158,38,506,100,0,13,0,-1,0,'PLIC C6','BUC','P430','','',0,24,0,0);
INSERT INTO "tranzactii_detalii" VALUES(159,38,507,100,0,13,0,-1,0,'PLIC C5','BUC','P639','','',0,24,0,0);
INSERT INTO "tranzactii_detalii" VALUES(160,38,508,50,0,13,0,-1,0,'PLIC C4','BUC','P643','','',0,24,0,0);
INSERT INTO "tranzactii_detalii" VALUES(161,38,509,20,0,13,0,-1,0,'PLIC BURDUF B4T','BUC','P661','','',0,24,0,0);
INSERT INTO "tranzactii_detalii" VALUES(162,38,510,10,0,13,0,-1,0,'POST-IT 75X75MM 100 COLI','BUC','N62','','',0,24,0,0);
INSERT INTO "tranzactii_detalii" VALUES(163,38,511,4,0,13,0,-1,0,'RADIERA HELIX','BUC','G55','','',0,24,0,0);
INSERT INTO "tranzactii_detalii" VALUES(164,38,512,5,0,13,0,-1,0,'BANDA ADEZIVA 48MMX66M TRANSPARENTA','BUC','14330','','',0,24,0,0);
INSERT INTO "tranzactii_detalii" VALUES(165,38,513,2,0,13,0,-1,0,'FLUID CORECTOR','BUC','F72','','',0,24,0,0);
INSERT INTO "tranzactii_detalii" VALUES(166,39,514,4,0,13,0,-1,0,'REGISTRU 100 COLI A4','BUC','R06','','',0,24,0,0);
INSERT INTO "tranzactii_detalii" VALUES(167,39,515,4,0,13,0,-1,0,'SFOARA BUMBAC','BUC','S47','','',0,24,0,0);
INSERT INTO "tranzactii_detalii" VALUES(168,40,407,50,0,13,0,-1,0,'HARTIE A4 ABSOLUT','top','13187','','',0,24,0,0);
INSERT INTO "tranzactii_detalii" VALUES(169,41,487,4,0,13,0,2162,0,'AGRAFE MET 33MM','CUT','A121','','',0,24,0,0);
INSERT INTO "tranzactii_detalii" VALUES(170,41,488,4,0,13,0,2163,0,'AGRAFE MET 70MM','CUT','A106','','',0,24,0,0);
INSERT INTO "tranzactii_detalii" VALUES(171,41,489,2,0,13,0,2164,0,'CREION MECANIC','buc','15263','','',0,24,0,0);
INSERT INTO "tranzactii_detalii" VALUES(172,41,490,2,0,13,0,2165,0,'CLIPS 25MM 12 BUC/CUT','CUT','C763','','',0,24,0,0);
INSERT INTO "tranzactii_detalii" VALUES(173,41,491,6,0,13,0,2166,0,'CAIET A4 60 FILE','BUC','10660','','',0,24,0,0);
INSERT INTO "tranzactii_detalii" VALUES(174,41,492,6,0,13,0,2167,0,'CAPSE 24/6','CUT','13945','','',0,24,0,0);
INSERT INTO "tranzactii_detalii" VALUES(175,41,493,6,0,13,0,2168,0,'CREION CU GUMA','BUC','16193','','',0,24,0,0);
INSERT INTO "tranzactii_detalii" VALUES(176,41,494,3,0,13,0,2169,0,'CREION CORECTOR','BUC','12567','','',0,24,0,0);
INSERT INTO "tranzactii_detalii" VALUES(177,41,495,5,0,13,0,2170,0,'REZERVA CUB 9X9 ALB','BUC','R59','','',0,24,0,0);
INSERT INTO "tranzactii_detalii" VALUES(178,41,422,20,0,13,0,2171,0,'DOSAR PVC SINA','buc','D37','','',0,24,0,0);
INSERT INTO "tranzactii_detalii" VALUES(179,41,496,10,0,13,0,2172,0,'DOSAR CARTON ALB CU SINA','BUC','D31','','',0,24,0,0);
INSERT INTO "tranzactii_detalii" VALUES(180,41,497,30,0,13,0,2173,0,'DOSAR CARTON ALB SIMPLU','BUC','10769','','',0,24,0,0);
INSERT INTO "tranzactii_detalii" VALUES(181,41,498,20,0,13,0,2174,0,'DOSAR CARTON ALB PLIC','BUC','D30','','',0,24,0,0);
INSERT INTO "tranzactii_detalii" VALUES(182,41,499,2,0,13,0,2175,0,'FOLII DE PROTECTIE A4 100/SET','SET','124445','','',0,24,0,0);
INSERT INTO "tranzactii_detalii" VALUES(183,41,500,2,0,13,0,2176,0,'TEXTMARKER OFFICE COVER 213','BUC','T146','','',0,24,0,0);
INSERT INTO "tranzactii_detalii" VALUES(184,41,501,1,0,13,0,2177,0,'TEXTMARKER VD 80050','BUC','15711','','',0,24,0,0);
INSERT INTO "tranzactii_detalii" VALUES(185,41,502,1,0,13,0,2178,0,'TEXTMARKER OFFICE COVER 213','BUC','T147','','',0,24,0,0);
INSERT INTO "tranzactii_detalii" VALUES(186,41,503,3,0,13,0,2179,0,'MINA CREION 0.5','CUT','M78','','',0,24,0,0);
INSERT INTO "tranzactii_detalii" VALUES(187,41,504,3,0,13,0,2180,0,'MINA CREION 0.7','CUT','M79','','',0,24,0,0);
INSERT INTO "tranzactii_detalii" VALUES(188,41,505,20,0,13,0,2181,0,'PIX TRATTO','BUC','14591','','',0,24,0,0);
INSERT INTO "tranzactii_detalii" VALUES(189,41,506,100,0,13,0,2182,0,'PLIC C6','BUC','P430','','',0,24,0,0);
INSERT INTO "tranzactii_detalii" VALUES(190,41,507,100,0,13,0,2183,0,'PLIC C5','BUC','P639','','',0,24,0,0);
INSERT INTO "tranzactii_detalii" VALUES(191,41,508,50,0,13,0,2184,0,'PLIC C4','BUC','P643','','',0,24,0,0);
INSERT INTO "tranzactii_detalii" VALUES(192,41,509,20,0,13,0,2185,0,'PLIC BURDUF B4T','BUC','P661','','',0,24,0,0);
INSERT INTO "tranzactii_detalii" VALUES(193,41,510,10,0,13,0,2186,0,'POST-IT 75X75MM 100 COLI','BUC','N62','','',0,24,0,0);
INSERT INTO "tranzactii_detalii" VALUES(194,41,511,4,0,13,0,2187,0,'RADIERA HELIX','BUC','G55','','',0,24,0,0);
INSERT INTO "tranzactii_detalii" VALUES(195,41,512,5,0,13,0,2188,0,'BANDA ADEZIVA 48MMX66M TRANSPARENTA','BUC','14330','','',0,24,0,0);
INSERT INTO "tranzactii_detalii" VALUES(196,41,513,2,0,13,0,2189,0,'FLUID CORECTOR','BUC','F72','','',0,24,0,0);
INSERT INTO "tranzactii_detalii" VALUES(197,41,514,4,0,13,0,2190,0,'REGISTRU 100 COLI A4','BUC','R06','','',0,24,0,0);
INSERT INTO "tranzactii_detalii" VALUES(198,41,515,4,0,13,0,2191,0,'SFOARA BUMBAC','BUC','S47','','',0,24,0,0);
INSERT INTO "tranzactii_detalii" VALUES(199,42,416,2,0,13,0,-1,0,'TONER 6204','buc','006R01238','','',0,24,0,0);
INSERT INTO "tranzactii_detalii" VALUES(200,43,519,1,0,13,0,-1,0,'FEED ASSY DADF','BUC','059K67731','','',0,24,0,0);
INSERT INTO "tranzactii_detalii" VALUES(201,44,416,2,0,13,0,2197,0,'TONER 6204','buc','006R01238','','',0,24,0,0);
INSERT INTO "tranzactii_detalii" VALUES(203,46,520,2,0,13,0,-1,0,'CARTON DUBLUCRETAT LUCIOS A4 150G 100COLI/TOP','TOP','1418','','',0,24,0,0);
INSERT INTO "tranzactii_detalii" VALUES(204,47,519,1,0,13,0,2203,0,'FEED ASSY DADF','BUC','059K67731','','',0,24,0,0);
INSERT INTO "tranzactii_detalii" VALUES(205,48,428,25,0,13,0,-1,0,'BIBLIORAFT A4, 75MM, AKKO','buc','0215','','',0,24,0,0);
INSERT INTO "tranzactii_detalii" VALUES(206,48,430,200,0,13,0,-1,0,'DOSAR PVC SINA NOKY','buc','0246','','',0,24,0,0);
INSERT INTO "tranzactii_detalii" VALUES(207,48,432,500,0,13,0,-1,0,'SEPARATOR CARTON COLOR','buc','0635','','',0,24,0,0);
INSERT INTO "tranzactii_detalii" VALUES(208,49,429,37,0,13,0,2221,0,'BIBLIORAFT A4, 50MM, AKKO','buc','2853','','',0,24,0,0);
INSERT INTO "tranzactii_detalii" VALUES(209,49,430,22,0,13,0,2222,0,'DOSAR PVC SINA NOKY','buc','0246','','',0,24,0,0);
INSERT INTO "tranzactii_detalii" VALUES(210,49,423,752,0,13,0,2223,0,'ALONJE AUTOADEZIVE','buc','VEL-2002000','','',0,24,0,0);
INSERT INTO "tranzactii_detalii" VALUES(211,49,432,63,0,13,0,2224,0,'SEPARATOR CARTON COLOR','buc','0635','','',0,24,0,0);
INSERT INTO "tranzactii_detalii" VALUES(212,49,433,31,0,13,0,2225,0,'CD VERBATIM','buc','1581','','',0,24,0,0);
INSERT INTO "tranzactii_detalii" VALUES(213,49,431,31,0,13,0,2226,0,'PLIC SPECIAL CD','buc','2832','','',0,24,0,0);
INSERT INTO "tranzactii_detalii" VALUES(214,50,429,1,0,13,0,2234,0,'BIBLIORAFT A4, 50MM, AKKO','buc','2853','','',0,24,0,0);
INSERT INTO "tranzactii_detalii" VALUES(215,50,430,18,0,13,0,2235,0,'DOSAR PVC SINA NOKY','buc','0246','','',0,24,0,0);
INSERT INTO "tranzactii_detalii" VALUES(216,50,433,21,0,13,0,2236,0,'CD VERBATIM','buc','1581','','',0,24,0,0);
INSERT INTO "tranzactii_detalii" VALUES(217,50,431,21,0,13,0,2237,0,'PLIC SPECIAL CD','buc','2832','','',0,24,0,0);
INSERT INTO "tranzactii_detalii" VALUES(218,51,423,331,0,13,0,2251,0,'ALONJE AUTOADEZIVE','buc','VEL-2002000','','',0,24,0,0);
INSERT INTO "tranzactii_detalii" VALUES(219,51,405,32,0,13,0,2252,0,'BIBLIORAFT MARMORAT','buc','10658','','',0,24,0,0);
INSERT INTO "tranzactii_detalii" VALUES(220,51,429,5,0,13,0,2253,0,'BIBLIORAFT A4, 50MM, AKKO','buc','2853','','',0,24,0,0);
INSERT INTO "tranzactii_detalii" VALUES(221,51,428,18,0,13,0,2254,0,'BIBLIORAFT A4, 75MM, AKKO','buc','0215','','',0,24,0,0);
INSERT INTO "tranzactii_detalii" VALUES(222,51,422,6,0,13,0,2255,0,'DOSAR PVC SINA','buc','D37','','',0,24,0,0);
INSERT INTO "tranzactii_detalii" VALUES(223,51,433,47,0,13,0,2256,0,'CD VERBATIM','buc','1581','','',0,24,0,0);
INSERT INTO "tranzactii_detalii" VALUES(224,51,403,47,0,13,0,2257,0,'PLIC CD','buc','10314','','',0,24,0,0);
INSERT INTO "tranzactii_detalii" VALUES(225,52,422,3,0,0,0,-1,0,'DOSAR PVC SINA','buc','D37','','',0,-1,0,0);
INSERT INTO "tranzactii_detalii" VALUES(226,52,430,32,0,0,0,-1,0,'DOSAR PVC SINA NOKY','buc','0246','','',0,-1,0,0);
INSERT INTO "tranzactii_detalii" VALUES(227,52,407,1,0,0,0,-1,0,'HARTIE A4 ABSOLUT','top','13187','','',0,-1,0,0);
INSERT INTO "tranzactii_detalii" VALUES(228,52,428,1,0,0,0,-1,0,'BIBLIORAFT A4, 75MM, AKKO','buc','0215','','',0,-1,0,0);
INSERT INTO "tranzactii_detalii" VALUES(235,54,413,4,0,0,0,-1,0,'M-JET COPY 80G, 841, 2" COLOR','rola','243511','','',0,-1,0,0);
INSERT INTO "tranzactii_detalii" VALUES(236,54,413,2,0,0,0,-1,0,'M-JET COPY 80G, 841, 2" COLOR','rola','243511','','',0,-1,0,0);
INSERT INTO "tranzactii_detalii" VALUES(237,54,408,3,0,0,0,-1,0,'M-JET COPY 80G, 841, 3" BLACK','rola','243485','','',0,-1,0,0);
INSERT INTO "tranzactii_detalii" VALUES(238,54,439,1,0,0,0,-1,0,'M-JET COPY 80G, 297, 3"  BLACK','rola','243499','','',0,-1,0,0);
INSERT INTO "tranzactii_detalii" VALUES(239,54,407,39,0,0,0,-1,0,'HARTIE A4 ABSOLUT','top','13187','','',0,-1,0,0);
INSERT INTO "tranzactii_detalii" VALUES(240,54,407,10,0,0,0,-1,0,'HARTIE A4 ABSOLUT','top','13187','','',0,-1,0,0);
INSERT INTO "tranzactii_detalii" VALUES(241,55,419,1,0,0,0,-1,0,'INK PFI-703 CYAN IPF 815','buc','CF2964','','',0,-1,0,0);
INSERT INTO "tranzactii_detalii" VALUES(242,56,423,3000,0,13,0,-1,0,'ALONJE AUTOADEZIVE','buc','VEL-2002000','','',0,24,0,0);
INSERT INTO "tranzactii_detalii" VALUES(243,57,530,1,0,13,0,-1,0,'TABLA CONFERINTE 90X120CM','BUC','0995','','',0,24,0,0);
INSERT INTO "tranzactii_detalii" VALUES(244,57,531,1,0,13,0,-1,0,'MARKER WHITEBOARD 4 BUC/SET VF ROTUND 2MM','SET','2059','','',0,24,0,0);
INSERT INTO "tranzactii_detalii" VALUES(245,57,532,1,0,13,0,-1,0,'BURETEM MAGNETIC PENTRU TABLA','BUC','6572','','',0,24,0,0);
INSERT INTO "tranzactii_detalii" VALUES(246,58,535,1,0,13,0,-1,0,'NETWORK OPTION KIT  5019/5021','BUC','497K13770','','',0,24,0,0);
INSERT INTO "tranzactii_detalii" VALUES(251,60,408,6,0,13,0,-1,0,'M-JET COPY 80G, 841, 3" BLACK','rola','243485','','',0,24,0,0);
INSERT INTO "tranzactii_detalii" VALUES(252,61,428,25,0,13,0,-1,0,'BIBLIORAFT A4, 75MM, AKKO','buc','0215','','',0,24,0,0);
INSERT INTO "tranzactii_detalii" VALUES(253,61,429,25,0,13,0,-1,0,'BIBLIORAFT A4, 50MM, AKKO','buc','2853','','',0,24,0,0);
INSERT INTO "tranzactii_detalii" VALUES(254,61,538,200,0,13,0,-1,0,'CD VERBATIM 700MB, 52X','BUC','3962','','',0,24,0,0);
INSERT INTO "tranzactii_detalii" VALUES(255,61,431,200,0,13,0,-1,0,'PLIC SPECIAL CD','buc','2832','','',0,24,0,0);
INSERT INTO "tranzactii_detalii" VALUES(256,62,407,50,0,13,0,-1,0,'HARTIE A4 ABSOLUT','top','13187','','',0,24,0,0);
INSERT INTO "tranzactii_detalii" VALUES(257,63,539,1,0,13,0,-1,0,'HIGH CAPACITY CARTRIDGE WORKCENTRE 3550','BUC','106R01531','','',0,24,0,0);
INSERT INTO "tranzactii_detalii" VALUES(258,64,535,1,0,13,0,2279,0,'NETWORK OPTION KIT  5019/5021','BUC','497K13770','','',0,24,0,0);
INSERT INTO "tranzactii_detalii" VALUES(259,65,439,4,0,13,0,-1,0,'M-JET COPY 80G, 297, 3"  BLACK','rola','243499','','',0,24,0,0);
INSERT INTO "tranzactii_detalii" VALUES(260,65,410,2,0,13,0,-1,0,'M-JET COPY 80G, 420, 3" BLACK','rola','243497','','',0,24,0,0);
INSERT INTO "tranzactii_detalii" VALUES(261,65,408,4,0,13,0,-1,0,'M-JET COPY 80G, 841, 3" BLACK','rola','243485','','',0,24,0,0);
INSERT INTO "tranzactii_detalii" VALUES(262,65,415,1,0,13,0,-1,0,'M-PHOTO 200G,914','rola','450194','','',0,24,0,0);
INSERT INTO "tranzactii_detalii" VALUES(263,66,428,25,0,13,0,-1,0,'BIBLIORAFT A4, 75MM, AKKO','buc','0215','','',0,24,0,0);
INSERT INTO "tranzactii_detalii" VALUES(264,66,429,25,0,13,0,-1,0,'BIBLIORAFT A4, 50MM, AKKO','buc','2853','','',0,24,0,0);
INSERT INTO "tranzactii_detalii" VALUES(265,67,539,1,0,13,0,2286,0,'HIGH CAPACITY CARTRIDGE WORKCENTRE 3550','BUC','106R01531','','',0,24,0,0);
INSERT INTO "tranzactii_detalii" VALUES(266,68,433,1,0,13,0,2291,0,'CD VERBATIM','buc','1581','','',0,24,0,0);
INSERT INTO "tranzactii_detalii" VALUES(267,68,404,3,0,13,0,2292,0,'CD VERBATIM EXTRA','buc','10394','','',0,24,0,0);
INSERT INTO "tranzactii_detalii" VALUES(268,68,403,4,0,13,0,2293,0,'PLIC CD','buc','10314','','',0,24,0,0);
INSERT INTO "tranzactii_detalii" VALUES(269,69,423,62,0,13,0,2304,0,'ALONJE AUTOADEZIVE','buc','VEL-2002000','','',0,24,0,0);
INSERT INTO "tranzactii_detalii" VALUES(270,69,430,27,0,13,0,2305,0,'DOSAR PVC SINA NOKY','buc','0246','','',0,24,0,0);
INSERT INTO "tranzactii_detalii" VALUES(271,69,404,24,0,13,0,2306,0,'CD VERBATIM EXTRA','buc','10394','','',0,24,0,0);
INSERT INTO "tranzactii_detalii" VALUES(272,69,403,24,0,13,0,2307,0,'PLIC CD','buc','10314','','',0,24,0,0);
INSERT INTO "tranzactii_detalii" VALUES(273,70,423,14,0,13,0,2319,0,'ALONJE AUTOADEZIVE','buc','VEL-2002000','','',0,24,0,0);
INSERT INTO "tranzactii_detalii" VALUES(274,70,429,42,0,13,0,2320,0,'BIBLIORAFT A4, 50MM, AKKO','buc','2853','','',0,24,0,0);
INSERT INTO "tranzactii_detalii" VALUES(275,70,430,7,0,13,0,2321,0,'DOSAR PVC SINA NOKY','buc','0246','','',0,24,0,0);
INSERT INTO "tranzactii_detalii" VALUES(276,70,404,24,0,13,0,2322,0,'CD VERBATIM EXTRA','buc','10394','','',0,24,0,0);
INSERT INTO "tranzactii_detalii" VALUES(277,70,403,24,0,13,0,2323,0,'PLIC CD','buc','10314','','',0,24,0,0);
INSERT INTO "tranzactii_detalii" VALUES(278,70,432,140,0,13,0,2324,0,'SEPARATOR CARTON COLOR','buc','0635','','',0,24,0,0);
INSERT INTO "tranzactii_detalii" VALUES(279,70,530,1,0,13,0,2325,0,'TABLA CONFERINTE 90X120CM','BUC','0995','','',0,24,0,0);
INSERT INTO "tranzactii_detalii" VALUES(280,70,531,1,0,13,0,2326,0,'MARKER WHITEBOARD 4 BUC/SET VF ROTUND 2MM','SET','2059','','',0,24,0,0);
INSERT INTO "tranzactii_detalii" VALUES(281,70,532,1,0,13,0,2327,0,'BURETEM MAGNETIC PENTRU TABLA','BUC','6572','','',0,24,0,0);
INSERT INTO "tranzactii_detalii" VALUES(282,71,423,712,0,13,0,2343,0,'ALONJE AUTOADEZIVE','buc','VEL-2002000','','',0,24,0,0);
INSERT INTO "tranzactii_detalii" VALUES(283,71,429,8,0,13,0,2344,0,'BIBLIORAFT A4, 50MM, AKKO','buc','2853','','',0,24,0,0);
INSERT INTO "tranzactii_detalii" VALUES(284,71,428,36,0,13,0,2345,0,'BIBLIORAFT A4, 75MM, AKKO','buc','0215','','',0,24,0,0);
INSERT INTO "tranzactii_detalii" VALUES(285,71,430,73,0,13,0,2346,0,'DOSAR PVC SINA NOKY','buc','0246','','',0,24,0,0);
INSERT INTO "tranzactii_detalii" VALUES(286,71,403,64,0,13,0,2347,0,'PLIC CD','buc','10314','','',0,24,0,0);
INSERT INTO "tranzactii_detalii" VALUES(287,71,431,42,0,13,0,2348,0,'PLIC SPECIAL CD','buc','2832','','',0,24,0,0);
INSERT INTO "tranzactii_detalii" VALUES(288,71,432,140,0,13,0,2349,0,'SEPARATOR CARTON COLOR','buc','0635','','',0,24,0,0);
INSERT INTO "tranzactii_detalii" VALUES(289,72,430,2,0,13,0,2363,0,'DOSAR PVC SINA NOKY','buc','0246','','',0,24,0,0);
INSERT INTO "tranzactii_detalii" VALUES(290,73,552,1,0,13,0,-1,0,'WORKCENTRE 7200 PRINTER/COPIER/SCANER 20PPM DADF/STAND','BUC','7200V_S','','',0,24,0,0);
INSERT INTO "tranzactii_detalii" VALUES(291,73,553,1,0,13,0,-1,0,'DMO WC7220 INITIALISATION KIT','BUC','097S04455','','',0,24,0,0);
INSERT INTO "tranzactii_detalii" VALUES(292,73,554,1,0,13,0,-1,0,'POSTSCRIPT KIT WORKCENTRE 72XX','BUC','320S00649','','',0,24,0,0);
INSERT INTO "tranzactii_detalii" VALUES(293,74,552,1,0,13,0,2365,0,'WORKCENTRE 7200 PRINTER/COPIER/SCANER 20PPM DADF/STAND','BUC','7200V_S','','',0,24,0,0);
INSERT INTO "tranzactii_detalii" VALUES(294,74,553,1,0,13,0,2366,0,'DMO WC7220 INITIALISATION KIT','BUC','097S04455','','',0,24,0,0);
INSERT INTO "tranzactii_detalii" VALUES(295,74,554,1,0,13,0,2367,0,'POSTSCRIPT KIT WORKCENTRE 72XX','BUC','320S00649','','',0,24,0,0);
INSERT INTO "tranzactii_detalii" VALUES(296,75,555,1,0,13,0,-1,0,'TONER BLACK XEROX WORKCENTRE 5325/5330/5335','BUC','006R01160','','',0,24,0,0);
INSERT INTO "tranzactii_detalii" VALUES(297,76,556,34,0,13,0,-1,0,'RAMA PROFIL PVC 59.4CM X42CM','BUC','RAMA2','','',0,24,0,0);
INSERT INTO "tranzactii_detalii" VALUES(298,77,557,10,0,13,0,-1,0,'PANOU SEMNALIZARE COLOR FORMAT A0','BUC','PANA0','','',0,24,0,0);
INSERT INTO "tranzactii_detalii" VALUES(299,77,558,10,0,13,0,-1,0,'PANPOU SEMNALIZARE COLOR A1','BUC','PANA1','','',0,24,0,0);
INSERT INTO "tranzactii_detalii" VALUES(300,77,559,6,0,13,0,-1,0,'PANOU SEMNALIZARE COLOR A3','BUC','PANA3','','',0,24,0,0);
INSERT INTO "tranzactii_detalii" VALUES(301,78,406,1,0,0,0,-1,0,'HARTIE A3 ABSOLUT','top','12551','','',0,-1,0,0);
INSERT INTO "tranzactii_detalii" VALUES(302,78,407,40,0,0,0,-1,0,'HARTIE A4 ABSOLUT','top','13187','','',0,-1,0,0);
INSERT INTO "tranzactii_detalii" VALUES(303,78,407,15,0,0,0,-1,0,'HARTIE A4 ABSOLUT','top','13187','','',0,-1,0,0);
INSERT INTO "tranzactii_detalii" VALUES(304,78,408,1,0,0,0,-1,0,'M-JET COPY 80G, 841, 3" BLACK','rola','243485','','',0,-1,0,0);
INSERT INTO "tranzactii_detalii" VALUES(305,78,408,2,0,0,0,-1,0,'M-JET COPY 80G, 841, 3" BLACK','rola','243485','','',0,-1,0,0);
INSERT INTO "tranzactii_detalii" VALUES(306,78,439,2,0,0,0,-1,0,'M-JET COPY 80G, 297, 3"  BLACK','rola','243499','','',0,-1,0,0);
INSERT INTO "tranzactii_detalii" VALUES(307,78,413,3,0,0,0,-1,0,'M-JET COPY 80G, 841, 2" COLOR','rola','243511','','',0,-1,0,0);
INSERT INTO "tranzactii_detalii" VALUES(308,78,404,1,0,0,0,-1,0,'CD VERBATIM EXTRA','buc','10394','','',0,-1,0,0);
INSERT INTO "tranzactii_detalii" VALUES(309,78,431,1,0,0,0,-1,0,'PLIC SPECIAL CD','buc','2832','','',0,-1,0,0);
INSERT INTO "tranzactii_detalii" VALUES(310,79,563,1,0,13,0,-1,0,'XEROX WORKCENTRE 5024','BUC','5024V_U','','',0,24,0,0);
INSERT INTO "tranzactii_detalii" VALUES(311,79,564,1,0,13,0,-1,0,'PCL NETWORK OPTION KIT','BUC','497K14820','','',0,24,0,0);
INSERT INTO "tranzactii_detalii" VALUES(312,80,565,1,0,13,0,-1,0,'XEROX WORKCENTRE 3225','BUC','3225V_DNIY','','',0,24,0,0);
INSERT INTO "tranzactii_detalii" VALUES(313,81,557,10,0,13,0,2372,0,'PANOU SEMNALIZARE COLOR FORMAT A0','BUC','PANA0','','',0,24,0,0);
INSERT INTO "tranzactii_detalii" VALUES(314,81,558,10,0,13,0,2373,0,'PANPOU SEMNALIZARE COLOR A1','BUC','PANA1','','',0,24,0,0);
INSERT INTO "tranzactii_detalii" VALUES(315,81,559,6,0,13,0,2374,0,'PANOU SEMNALIZARE COLOR A3','BUC','PANA3','','',0,24,0,0);
INSERT INTO "tranzactii_detalii" VALUES(316,81,556,34,0,13,0,2376,0,'RAMA PROFIL PVC 59.4CM X42CM','BUC','RAMA2','','',0,24,0,0);
INSERT INTO "tranzactii_detalii" VALUES(317,82,563,1,0,13,0,2377,0,'XEROX WORKCENTRE 5024','BUC','5024V_U','','',0,24,0,0);
INSERT INTO "tranzactii_detalii" VALUES(318,82,564,1,0,13,0,2378,0,'PCL NETWORK OPTION KIT','BUC','497K14820','','',0,24,0,0);
INSERT INTO "tranzactii_detalii" VALUES(320,84,565,1,0,13,0,2380,0,'XEROX WORKCENTRE 3225','BUC','3225V_DNIY','','',0,24,0,0);
INSERT INTO "tranzactii_detalii" VALUES(321,85,569,2,0,13,0,-1,0,'TONER BLACK XEROX WORKCENTRE 5019/5021/5022/5024','BUC','006R01573','','',0,24,0,0);
INSERT INTO "tranzactii_detalii" VALUES(322,86,420,1,0,0,0,-1,0,'INK PFI-703 MAGENTA IPF 815','buc','CF2965','','',0,-1,0,0);
INSERT INTO "tranzactii_detalii" VALUES(323,87,570,1,0,13,0,-1,0,'TEXTIL BANNER LIGHT FRII 120G 914MMx30Mx2"','rola','600136','','',0,24,0,0);
INSERT INTO "tranzactii_detalii" VALUES(324,88,571,1,0,13,0,-1,0,'XEROX WORKCENTRE 3615','BUC','3615V_DN','','',0,24,0,0);
INSERT INTO "tranzactii_detalii" VALUES(325,88,572,1,0,13,0,-1,0,'DMO NATKIT - 3210/3220/3615','BUC','SCANFAXKDI','','',0,24,0,0);
INSERT INTO "tranzactii_detalii" VALUES(326,89,573,1,0,13,0,-1,0,'INELE PLASTIC 8MM NEGRE','CUT','INEL8MM','','',0,24,0,0);
INSERT INTO "tranzactii_detalii" VALUES(327,89,574,1,0,13,0,-1,0,'INELE PLASTIC 16MM NEGRE','CUT','INEL16MM','','',0,24,0,0);
INSERT INTO "tranzactii_detalii" VALUES(328,89,575,1,0,13,0,-1,0,'COPERTA PVC GRI FUMURIU A4 150MIC','TOP','COPPVC','','',0,24,0,0);
INSERT INTO "tranzactii_detalii" VALUES(329,89,576,1,0,13,0,-1,0,'COPERTI IMITATIE PIELE NEGRU 230G/MP','TOP','COPIM','','',0,24,0,0);
INSERT INTO "tranzactii_detalii" VALUES(330,89,577,1,0,13,0,-1,0,'INELE METALICE 9.5MM ALB','CUT','INELMET','','',0,24,0,0);
INSERT INTO "tranzactii_detalii" VALUES(331,89,578,1,0,13,0,-1,0,'INELE METALICE 12.7MM NEGRE','CUT','INELMETB','','',0,24,0,0);
INSERT INTO "tranzactii_detalii" VALUES(332,90,417,1,0,13,0,-1,0,'INK PFI-703 MATTE BLACK IPF 815','buc','CF2962','','',0,24,0,0);
INSERT INTO "tranzactii_detalii" VALUES(333,91,417,1,0,0,0,-1,0,'INK PFI-703 MATTE BLACK IPF 815','buc','CF2962','','',0,-1,0,0);
INSERT INTO "tranzactii_detalii" VALUES(334,92,555,1,0,13,0,2386,0,'TONER BLACK XEROX WORKCENTRE 5325/5330/5335','BUC','006R01160','','',0,24,0,0);
INSERT INTO "tranzactii_detalii" VALUES(335,93,428,50,0,13,0,-1,0,'BIBLIORAFT A4, 75MM, AKKO','buc','0215','','',0,24,0,0);
INSERT INTO "tranzactii_detalii" VALUES(336,93,431,100,0,13,0,-1,0,'PLIC SPECIAL CD','buc','2832','','',0,24,0,0);
INSERT INTO "tranzactii_detalii" VALUES(337,93,538,100,0,13,0,-1,0,'CD VERBATIM 700MB, 52X','BUC','3962','','',0,24,0,0);
INSERT INTO "tranzactii_detalii" VALUES(339,95,430,3,0,13,0,2394,0,'DOSAR PVC SINA NOKY','buc','0246','','',0,24,0,0);
INSERT INTO "tranzactii_detalii" VALUES(340,94,419,1,0,13,0,-1,0,'INK PFI-703 CYAN IPF 815','buc','CF2964','','',0,24,0,0);
INSERT INTO "tranzactii_detalii" VALUES(341,96,579,50,0,13,0,-1,0,'HARTIE A4 TRAFFIC','TOP','16675','','',0,24,0,0);
INSERT INTO "tranzactii_detalii" VALUES(342,97,580,1,0,13,0,-1,0,'DRUM XEROX WORKCENTRE 118/123/128/133','BUC','013R00589','','',0,24,0,0);
INSERT INTO "tranzactii_detalii" VALUES(343,98,580,1,0,13,0,2398,0,'DRUM XEROX WORKCENTRE 118/123/128/133','BUC','013R00589','','',0,24,0,0);
INSERT INTO "tranzactii_detalii" VALUES(344,99,423,2000,0,13,0,-1,0,'ALONJE AUTOADEZIVE','buc','VEL-2002000','','',0,24,0,0);
CREATE TABLE tranzactii_detalii_reale (  tranzactie_detaliu_r_id  integer PRIMARY KEY AUTOINCREMENT NOT NULL UNIQUE,  tranzactie_detaliu_id    integer NOT NULL,  cantitate                numeric(50) NOT NULL,  pret_intrare             numeric(50) NOT NULL,  pret_iesire              numeric(50) NOT NULL,  data_intrarii            date NOT NULL,  data_operarii            timestamp NOT NULL DEFAULT CURRENT_TIMESTAMP,  cantitate_stornata       numeric(50) NOT NULL DEFAULT 0, adaos_procent numeric(10), pret_cu_adaos numeric(50), cantitate_conform_doc numeric(50), valoare_discount numeric(50) default 0);
INSERT INTO "tranzactii_detalii_reale" VALUES(1,1,198,0.04,0,'2014-12-10','2014-12-10 12:25:36',0,0,0,0,0);
INSERT INTO "tranzactii_detalii_reale" VALUES(2,2,198,0.58,0,'2014-12-10','2014-12-10 12:25:36',0,0,0,0,0);
INSERT INTO "tranzactii_detalii_reale" VALUES(3,3,35,3.7,0,'2014-12-10','2014-12-10 12:25:36',0,0,0,0,0);
INSERT INTO "tranzactii_detalii_reale" VALUES(4,4,1,20.5,0,'2014-12-10','2014-12-10 12:25:36',0,0,0,0,0);
INSERT INTO "tranzactii_detalii_reale" VALUES(5,5,50,8.9,0,'2014-12-10','2014-12-10 12:25:36',0,0,0,0,0);
INSERT INTO "tranzactii_detalii_reale" VALUES(6,6,6,70.14,0,'2014-12-10','2014-12-10 12:25:36',0,0,0,0,0);
INSERT INTO "tranzactii_detalii_reale" VALUES(7,7,3,49.27,0,'2014-12-10','2014-12-10 12:25:36',0,0,0,0,0);
INSERT INTO "tranzactii_detalii_reale" VALUES(8,8,2,35.36,0,'2014-12-10','2014-12-10 12:25:36',0,0,0,0,0);
INSERT INTO "tranzactii_detalii_reale" VALUES(9,9,1,70.91,0,'2014-12-10','2014-12-10 12:25:36',0,0,0,0,0);
INSERT INTO "tranzactii_detalii_reale" VALUES(10,10,1,76.08,0,'2014-12-10','2014-12-10 12:25:36',0,0,0,0,0);
INSERT INTO "tranzactii_detalii_reale" VALUES(11,11,4,65.25,0,'2014-12-10','2014-12-10 12:25:36',0,0,0,0,0);
INSERT INTO "tranzactii_detalii_reale" VALUES(12,12,2,45.95,0,'2014-12-10','2014-12-10 12:25:36',0,0,0,0,0);
INSERT INTO "tranzactii_detalii_reale" VALUES(13,13,1,281.26,0,'2014-12-10','2014-12-10 12:25:36',0,0,0,0,0);
INSERT INTO "tranzactii_detalii_reale" VALUES(14,14,2,520.09,0,'2014-12-10','2014-12-10 12:25:36',0,0,0,0,0);
INSERT INTO "tranzactii_detalii_reale" VALUES(15,15,1,851.91,0,'2014-12-10','2014-12-10 12:25:36',0,0,0,0,0);
INSERT INTO "tranzactii_detalii_reale" VALUES(16,16,1,851.91,0,'2014-12-10','2014-12-10 12:25:36',0,0,0,0,0);
INSERT INTO "tranzactii_detalii_reale" VALUES(17,17,1,851.91,0,'2014-12-10','2014-12-10 12:25:36',0,0,0,0,0);
INSERT INTO "tranzactii_detalii_reale" VALUES(18,18,1,851.91,0,'2014-12-10','2014-12-10 12:25:36',0,0,0,0,0);
INSERT INTO "tranzactii_detalii_reale" VALUES(19,19,1,851.91,0,'2014-12-10','2014-12-10 12:25:36',0,0,0,0,0);
INSERT INTO "tranzactii_detalii_reale" VALUES(20,20,75,0.31,0,'2014-12-10','2014-12-10 12:25:36',0,0,0,0,0);
INSERT INTO "tranzactii_detalii_reale" VALUES(21,21,4265,0.27,0,'2014-12-10','2014-12-10 12:25:36',0,0,0,0,0);
INSERT INTO "tranzactii_detalii_reale" VALUES(22,22,2,206.88,0,'2014-12-10','2014-12-10 12:25:36',0,0,0,0,0);
INSERT INTO "tranzactii_detalii_reale" VALUES(23,23,6,19.48,0,'2014-12-10','2014-12-10 12:25:36',0,0,0,0,0);
INSERT INTO "tranzactii_detalii_reale" VALUES(24,24,1,694.82,0,'2014-12-10','2014-12-10 12:25:36',0,0,0,0,0);
INSERT INTO "tranzactii_detalii_reale" VALUES(25,25,1,56.61,0,'2014-12-10','2014-12-10 12:25:36',0,0,0,0,0);
INSERT INTO "tranzactii_detalii_reale" VALUES(26,26,1,696.95,0,'2014-12-10','2014-12-10 12:25:36',0,0,0,0,0);
INSERT INTO "tranzactii_detalii_reale" VALUES(27,27,50,3.99,0,'2014-12-10','2014-12-10 12:25:36',0,0,0,0,0);
INSERT INTO "tranzactii_detalii_reale" VALUES(28,28,50,3.99,0,'2014-12-10','2014-12-10 12:25:36',0,0,0,0,0);
INSERT INTO "tranzactii_detalii_reale" VALUES(29,29,100,0.35,0,'2014-12-10','2014-12-10 12:25:36',0,0,0,0,0);
INSERT INTO "tranzactii_detalii_reale" VALUES(30,30,100,0.06,0,'2014-12-10','2014-12-10 12:25:36',0,0,0,0,0);
INSERT INTO "tranzactii_detalii_reale" VALUES(31,31,400,0.04,0,'2014-12-10','2014-12-10 12:25:36',0,0,0,0,0);
INSERT INTO "tranzactii_detalii_reale" VALUES(32,32,100,0.68,0,'2014-12-10','2014-12-10 12:25:36',0,0,0,0,0);
INSERT INTO "tranzactii_detalii_reale" VALUES(33,33,2,696.01,0,'2014-12-10','2014-12-10 12:25:36',0,0,0,0,0);
INSERT INTO "tranzactii_detalii_reale" VALUES(34,34,4,17.77,0,'2014-12-10','2014-12-10 12:25:36',0,0,0,0,0);
INSERT INTO "tranzactii_detalii_reale" VALUES(53,35,1,694.82,758.07,'2014-12-10','2014-12-11 09:21:35',0,0,0,0,0);
INSERT INTO "tranzactii_detalii_reale" VALUES(54,35,2,696.01,758.07,'2014-12-10','2014-12-11 09:21:35',0,0,0,0,0);
INSERT INTO "tranzactii_detalii_reale" VALUES(55,35,1,696.95,758.07,'2014-12-10','2014-12-11 09:21:35',0,0,0,0,0);
INSERT INTO "tranzactii_detalii_reale" VALUES(56,36,2,206.88,237.91,'2014-12-10','2014-12-11 09:21:35',0,0,0,0,0);
INSERT INTO "tranzactii_detalii_reale" VALUES(57,37,4,17.77,20.16,'2014-12-10','2014-12-11 09:21:35',0,0,0,0,0);
INSERT INTO "tranzactii_detalii_reale" VALUES(58,37,6,19.48,20.16,'2014-12-10','2014-12-11 09:21:35',0,0,0,0,0);
INSERT INTO "tranzactii_detalii_reale" VALUES(60,38,425,0.0584,0.0584,'2014-12-11','2014-12-11 14:41:52',0,0,0,425,0);
INSERT INTO "tranzactii_detalii_reale" VALUES(65,41,4,26.08,26.08,'2014-12-10','2014-12-12 14:08:32',0,0,0,4,0);
INSERT INTO "tranzactii_detalii_reale" VALUES(66,42,3,70.14,70.14,'2014-12-10','2014-12-12 14:08:32',0,0,0,3,0);
INSERT INTO "tranzactii_detalii_reale" VALUES(73,49,30,7,7,'2014-12-12','2014-12-12 14:42:13',0,0,0,30,0);
INSERT INTO "tranzactii_detalii_reale" VALUES(74,50,420,2.16,2.16,'2014-12-12','2014-12-12 14:42:13',0,0,0,420,0);
INSERT INTO "tranzactii_detalii_reale" VALUES(75,51,30,26.34,31.61,'2014-12-11','2014-12-12 14:49:50',0,0,0,0,0);
INSERT INTO "tranzactii_detalii_reale" VALUES(76,52,30,38.31,45.98,'2014-12-11','2014-12-12 14:49:50',0,0,0,0,0);
INSERT INTO "tranzactii_detalii_reale" VALUES(77,53,30,30.81,36.97,'2014-12-11','2014-12-12 14:49:50',0,0,0,0,0);
INSERT INTO "tranzactii_detalii_reale" VALUES(78,54,20,7,8.53,'2014-12-12','2014-12-12 14:49:50',0,0,0,0,0);
INSERT INTO "tranzactii_detalii_reale" VALUES(79,55,50,10.27,12.5,'2014-12-11','2014-12-12 14:49:50',0,0,0,0,0);
INSERT INTO "tranzactii_detalii_reale" VALUES(80,56,20,26.34,31.61,'2014-12-11','2014-12-12 14:59:08',0,0,0,0,0);
INSERT INTO "tranzactii_detalii_reale" VALUES(81,57,30,38.31,45.98,'2014-12-11','2014-12-12 14:59:08',0,0,0,0,0);
INSERT INTO "tranzactii_detalii_reale" VALUES(82,58,30,30.81,36.97,'2014-12-11','2014-12-12 14:59:08',0,0,0,0,0);
INSERT INTO "tranzactii_detalii_reale" VALUES(83,59,30,40.18,48.22,'2014-12-11','2014-12-12 14:59:08',0,0,0,0,0);
INSERT INTO "tranzactii_detalii_reale" VALUES(84,60,30,62.5,75,'2014-12-11','2014-12-12 14:59:08',0,0,0,0,0);
INSERT INTO "tranzactii_detalii_reale" VALUES(85,61,10,7,8.53,'2014-12-12','2014-12-12 14:59:08',0,0,0,0,0);
INSERT INTO "tranzactii_detalii_reale" VALUES(86,62,50,10.27,12.5,'2014-12-11','2014-12-12 14:59:08',0,0,0,0,0);
INSERT INTO "tranzactii_detalii_reale" VALUES(93,63,1,675.29,675.29,'2014-12-15','2014-12-15 10:22:44',0,0,0,1,0);
INSERT INTO "tranzactii_detalii_reale" VALUES(106,64,433,0.27,0.4,'2014-12-10','2014-12-15 11:18:35',0,0,0,0,0);
INSERT INTO "tranzactii_detalii_reale" VALUES(107,65,6,0.35,1,'2014-12-10','2014-12-15 11:18:35',0,0,0,0,0);
INSERT INTO "tranzactii_detalii_reale" VALUES(108,66,8,3.99,8,'2014-12-10','2014-12-15 11:18:35',0,0,0,0,0);
INSERT INTO "tranzactii_detalii_reale" VALUES(109,67,7,3.99,8,'2014-12-10','2014-12-15 11:18:35',0,0,0,0,0);
INSERT INTO "tranzactii_detalii_reale" VALUES(110,68,8,0.58,1.1,'2014-12-10','2014-12-15 11:18:35',0,0,0,0,0);
INSERT INTO "tranzactii_detalii_reale" VALUES(111,69,8,0.04,0.15,'2014-12-10','2014-12-15 11:18:35',0,0,0,0,0);
INSERT INTO "tranzactii_detalii_reale" VALUES(112,70,234,0.27,0.4,'2014-12-10','2014-12-15 11:35:51',0,0,0,0,0);
INSERT INTO "tranzactii_detalii_reale" VALUES(113,71,12,3.99,8,'2014-12-10','2014-12-15 11:35:51',0,0,0,0,0);
INSERT INTO "tranzactii_detalii_reale" VALUES(114,72,9,0.31,0.31,'2014-12-10','2014-12-15 11:35:51',0,0,0,0,0);
INSERT INTO "tranzactii_detalii_reale" VALUES(115,73,27,0.58,1.1,'2014-12-10','2014-12-15 11:35:51',0,0,0,0,0);
INSERT INTO "tranzactii_detalii_reale" VALUES(116,74,27,0.04,0.15,'2014-12-10','2014-12-15 11:35:51',0,0,0,0,0);
INSERT INTO "tranzactii_detalii_reale" VALUES(117,75,10,0.27,0.4,'2014-12-10','2014-12-15 11:42:14',0,0,0,0,0);
INSERT INTO "tranzactii_detalii_reale" VALUES(118,76,3,0.31,0.31,'2014-12-10','2014-12-15 11:42:14',0,0,0,0,0);
INSERT INTO "tranzactii_detalii_reale" VALUES(119,77,1,675.29,810,'2014-12-15','2014-12-15 11:57:12',0,0,0,0,0);
INSERT INTO "tranzactii_detalii_reale" VALUES(120,78,30,7,7,'2014-12-15','2014-12-15 14:00:17',0,0,0,30,0);
INSERT INTO "tranzactii_detalii_reale" VALUES(121,79,48,0.15,0.15,'2014-12-15','2014-12-15 15:02:58',0,0,0,48,0);
INSERT INTO "tranzactii_detalii_reale" VALUES(189,92,100,81.69,106,'2014-12-15','2014-12-16 11:34:02',0,0,0,0,0);
INSERT INTO "tranzactii_detalii_reale" VALUES(190,93,100,37.85,49,'2014-12-15','2014-12-16 11:34:02',0,0,0,0,0);
INSERT INTO "tranzactii_detalii_reale" VALUES(191,94,320,25.75,32,'2014-12-15','2014-12-16 11:34:02',0,0,0,0,0);
INSERT INTO "tranzactii_detalii_reale" VALUES(192,95,60,17.06,22.5,'2014-12-15','2014-12-16 11:34:02',0,0,0,0,0);
INSERT INTO "tranzactii_detalii_reale" VALUES(193,96,420,8.51,13.5,'2014-12-15','2014-12-16 11:34:02',0,0,0,0,0);
INSERT INTO "tranzactii_detalii_reale" VALUES(194,97,540,5.37,6.9,'2014-12-15','2014-12-16 11:34:02',0,0,0,0,0);
INSERT INTO "tranzactii_detalii_reale" VALUES(195,98,120,8.73,11.28,'2014-12-15','2014-12-16 11:34:02',0,0,0,0,0);
INSERT INTO "tranzactii_detalii_reale" VALUES(196,99,60,22.53,29,'2014-12-15','2014-12-16 11:34:02',0,0,0,0,0);
INSERT INTO "tranzactii_detalii_reale" VALUES(197,100,200,9.41,13.3,'2014-12-15','2014-12-16 11:34:02',0,0,0,0,0);
INSERT INTO "tranzactii_detalii_reale" VALUES(198,101,420,0.0584,0.2,'2014-12-11','2014-12-16 11:34:02',0,0,0,0,0);
INSERT INTO "tranzactii_detalii_reale" VALUES(199,102,420,2.16,2.85,'2014-12-12','2014-12-16 11:34:02',0,0,0,0,0);
INSERT INTO "tranzactii_detalii_reale" VALUES(200,81,100,10.27,10.27,'2014-12-15','2014-12-16 12:20:31',0,0,0,100,0);
INSERT INTO "tranzactii_detalii_reale" VALUES(201,82,100,37.85,37.85,'2014-12-15','2014-12-16 12:20:31',0,0,0,100,0);
INSERT INTO "tranzactii_detalii_reale" VALUES(202,83,320,25.75,25.75,'2014-12-15','2014-12-16 12:20:31',0,0,0,320,0);
INSERT INTO "tranzactii_detalii_reale" VALUES(203,84,100,81.69,81.69,'2014-12-15','2014-12-16 12:20:31',0,0,0,100,0);
INSERT INTO "tranzactii_detalii_reale" VALUES(204,85,200,9.41,9.41,'2014-12-15','2014-12-16 12:20:31',0,0,0,200,0);
INSERT INTO "tranzactii_detalii_reale" VALUES(205,86,420,8.51,8.51,'2014-12-15','2014-12-16 12:20:31',0,0,0,420,0);
INSERT INTO "tranzactii_detalii_reale" VALUES(206,87,60,17.06,17.06,'2014-12-15','2014-12-16 12:20:31',0,0,0,60,0);
INSERT INTO "tranzactii_detalii_reale" VALUES(207,88,540,5.37,5.37,'2014-12-15','2014-12-16 12:20:31',0,0,0,540,0);
INSERT INTO "tranzactii_detalii_reale" VALUES(208,89,120,8.73,8.73,'2014-12-15','2014-12-16 12:20:31',0,0,0,120,0);
INSERT INTO "tranzactii_detalii_reale" VALUES(209,90,60,22.53,22.53,'2014-12-15','2014-12-16 12:20:31',0,0,0,60,0);
INSERT INTO "tranzactii_detalii_reale" VALUES(210,103,50,26.34,26.34,'2014-12-15','2014-12-16 12:20:31',0,0,0,50,0);
INSERT INTO "tranzactii_detalii_reale" VALUES(211,43,50,26.34,26.34,'2014-12-11','2014-12-17 07:27:34',0,0,0,50,0);
INSERT INTO "tranzactii_detalii_reale" VALUES(212,44,60,38.31,38.31,'2014-12-11','2014-12-17 07:27:34',0,0,0,60,0);
INSERT INTO "tranzactii_detalii_reale" VALUES(213,45,60,30.81,30.81,'2014-12-11','2014-12-17 07:27:34',0,0,0,60,0);
INSERT INTO "tranzactii_detalii_reale" VALUES(214,46,30,40.18,40.18,'2014-12-11','2014-12-17 07:27:34',0,0,0,30,0);
INSERT INTO "tranzactii_detalii_reale" VALUES(215,47,30,62.5,62.5,'2014-12-11','2014-12-17 07:27:34',0,0,0,30,0);
INSERT INTO "tranzactii_detalii_reale" VALUES(216,48,100,10.27,10.27,'2014-12-11','2014-12-17 07:27:34',0,0,0,100,0);
INSERT INTO "tranzactii_detalii_reale" VALUES(219,104,20,10.27,12.5,'2014-12-15','2014-12-19 10:16:35',0,0,0,0,0);
INSERT INTO "tranzactii_detalii_reale" VALUES(220,105,10,7,8.53,'2014-12-15','2014-12-19 10:16:35',0,0,0,0,0);
INSERT INTO "tranzactii_detalii_reale" VALUES(227,112,48,0.15,0.28,'2014-12-15','2014-12-22 13:55:52',0,0,0,0,0);
INSERT INTO "tranzactii_detalii_reale" VALUES(228,113,15,0.31,0.31,'2014-12-10','2015-01-05 08:03:20',0,0,0,15,0);
INSERT INTO "tranzactii_detalii_reale" VALUES(229,114,39,0.31,0.31,'2014-12-10','2015-01-05 14:14:40',0,0,0,39,0);
INSERT INTO "tranzactii_detalii_reale" VALUES(230,115,3,3.7,3.7,'2014-12-10','2015-01-05 14:14:40',0,0,0,3,0);
INSERT INTO "tranzactii_detalii_reale" VALUES(231,116,5,0.0584,0.0584,'2014-12-11','2015-01-05 14:14:40',0,0,0,5,0);
INSERT INTO "tranzactii_detalii_reale" VALUES(232,117,10,8.9,8.9,'2014-12-10','2015-01-05 14:20:48',0,0,0,10,0);
INSERT INTO "tranzactii_detalii_reale" VALUES(233,118,2,49.27,49.27,'2014-12-10','2015-01-05 14:20:48',0,0,0,2,0);
INSERT INTO "tranzactii_detalii_reale" VALUES(234,119,5,70.14,70.14,'2014-12-10','2015-01-05 14:20:48',0,0,0,5,0);
INSERT INTO "tranzactii_detalii_reale" VALUES(235,120,1,35.36,35.36,'2014-12-10','2015-01-05 14:20:48',0,0,0,1,0);
INSERT INTO "tranzactii_detalii_reale" VALUES(236,121,1,281.26,281.26,'2014-12-10','2015-01-05 14:20:48',0,0,0,1,0);
INSERT INTO "tranzactii_detalii_reale" VALUES(237,122,1,520.09,520.09,'2014-12-10','2015-01-05 14:20:48',0,0,0,1,0);
INSERT INTO "tranzactii_detalii_reale" VALUES(240,125,1,520.09,520.09,'2014-12-10','2015-01-07 14:12:06',0,0,0,1,0);
INSERT INTO "tranzactii_detalii_reale" VALUES(241,126,1,98.56,98.56,'2015-01-08','2015-01-08 10:45:54',0,0,0,1,0);
INSERT INTO "tranzactii_detalii_reale" VALUES(242,123,1,187.84,187.84,'2015-01-07','2015-01-08 12:01:06',0,0,0,1,0);
INSERT INTO "tranzactii_detalii_reale" VALUES(243,127,1,98.56,151.61,'2015-01-08','2015-01-09 07:26:34',0,0,0,0,0);
INSERT INTO "tranzactii_detalii_reale" VALUES(244,128,1,328.03,328.03,'2015-01-12','2015-01-12 09:40:44',0,0,0,1,0);
INSERT INTO "tranzactii_detalii_reale" VALUES(245,129,50,3.99,3.99,'2015-01-12','2015-01-12 13:39:58',0,0,0,50,0);
INSERT INTO "tranzactii_detalii_reale" VALUES(246,130,100,0.35,0.35,'2015-01-12','2015-01-12 13:39:58',0,0,0,100,0);
INSERT INTO "tranzactii_detalii_reale" VALUES(247,106,80,10.27,12.5,'2014-12-15','2015-01-13 09:13:47',0,0,0,0,0);
INSERT INTO "tranzactii_detalii_reale" VALUES(248,107,50,26.34,31.61,'2014-12-15','2015-01-13 09:13:47',0,0,0,0,0);
INSERT INTO "tranzactii_detalii_reale" VALUES(249,108,20,7,8.53,'2014-12-15','2015-01-13 09:13:47',0,0,0,0,0);
INSERT INTO "tranzactii_detalii_reale" VALUES(253,134,3,70.14,70.14,'2015-01-12','2015-01-14 08:36:43',0,0,0,3,0);
INSERT INTO "tranzactii_detalii_reale" VALUES(254,135,6,65.25,65.25,'2015-01-12','2015-01-14 08:36:43',0,0,0,6,0);
INSERT INTO "tranzactii_detalii_reale" VALUES(255,136,1,529.3,529.3,'2015-01-13','2015-01-14 08:42:25',0,0,0,1,0);
INSERT INTO "tranzactii_detalii_reale" VALUES(256,137,1,328.03,404.42,'2015-01-12','2015-01-14 13:36:59',0,0,0,0,0);
INSERT INTO "tranzactii_detalii_reale" VALUES(257,138,4,0.61,0.61,'2015-01-14','2015-01-14 14:33:24',0,0,0,4,0);
INSERT INTO "tranzactii_detalii_reale" VALUES(258,139,4,2.99,2.99,'2015-01-14','2015-01-14 14:33:24',0,0,0,4,0);
INSERT INTO "tranzactii_detalii_reale" VALUES(259,140,2,2.55,2.55,'2015-01-14','2015-01-14 14:33:24',0,0,0,2,0);
INSERT INTO "tranzactii_detalii_reale" VALUES(260,141,2,2.36,2.36,'2015-01-14','2015-01-14 14:33:24',0,0,0,2,0);
INSERT INTO "tranzactii_detalii_reale" VALUES(261,142,6,1.84,1.84,'2015-01-14','2015-01-14 14:33:24',0,0,0,6,0);
INSERT INTO "tranzactii_detalii_reale" VALUES(262,143,6,0.66,0.66,'2015-01-14','2015-01-14 14:33:24',0,0,0,6,0);
INSERT INTO "tranzactii_detalii_reale" VALUES(263,144,6,0.25,0.25,'2015-01-14','2015-01-14 14:33:24',0,0,0,6,0);
INSERT INTO "tranzactii_detalii_reale" VALUES(264,145,3,3.25,3.25,'2015-01-14','2015-01-14 14:33:24',0,0,0,3,0);
INSERT INTO "tranzactii_detalii_reale" VALUES(265,146,5,1.82,1.82,'2015-01-14','2015-01-14 14:33:24',0,0,0,5,0);
INSERT INTO "tranzactii_detalii_reale" VALUES(266,147,20,0.31,0.31,'2015-01-14','2015-01-14 14:33:24',0,0,0,20,0);
INSERT INTO "tranzactii_detalii_reale" VALUES(267,148,10,0.22,0.22,'2015-01-14','2015-01-14 14:33:24',0,0,0,10,0);
INSERT INTO "tranzactii_detalii_reale" VALUES(268,149,30,0.18,0.18,'2015-01-14','2015-01-14 14:33:24',0,0,0,30,0);
INSERT INTO "tranzactii_detalii_reale" VALUES(269,150,20,0.25,0.25,'2015-01-14','2015-01-14 14:33:24',0,0,0,20,0);
INSERT INTO "tranzactii_detalii_reale" VALUES(270,151,2,4.15,4.15,'2015-01-14','2015-01-14 14:33:24',0,0,0,2,0);
INSERT INTO "tranzactii_detalii_reale" VALUES(271,152,2,0.98,0.98,'2015-01-14','2015-01-14 14:33:24',0,0,0,2,0);
INSERT INTO "tranzactii_detalii_reale" VALUES(272,153,1,1.1,1.1,'2015-01-14','2015-01-14 14:33:24',0,0,0,1,0);
INSERT INTO "tranzactii_detalii_reale" VALUES(273,154,1,0.98,0.98,'2015-01-14','2015-01-14 14:33:24',0,0,0,1,0);
INSERT INTO "tranzactii_detalii_reale" VALUES(274,155,3,0.55,0.55,'2015-01-14','2015-01-14 14:33:24',0,0,0,3,0);
INSERT INTO "tranzactii_detalii_reale" VALUES(275,156,3,0.55,0.55,'2015-01-14','2015-01-14 14:33:24',0,0,0,3,0);
INSERT INTO "tranzactii_detalii_reale" VALUES(276,157,20,0.34,0.34,'2015-01-14','2015-01-14 14:33:24',0,0,0,20,0);
INSERT INTO "tranzactii_detalii_reale" VALUES(277,158,100,0.06,0.06,'2015-01-14','2015-01-14 14:33:24',0,0,0,100,0);
INSERT INTO "tranzactii_detalii_reale" VALUES(278,159,100,0.11,0.11,'2015-01-14','2015-01-14 14:33:24',0,0,0,100,0);
INSERT INTO "tranzactii_detalii_reale" VALUES(279,160,50,0.18,0.18,'2015-01-14','2015-01-14 14:33:24',0,0,0,50,0);
INSERT INTO "tranzactii_detalii_reale" VALUES(280,161,20,0.59,0.59,'2015-01-14','2015-01-14 14:33:24',0,0,0,20,0);
INSERT INTO "tranzactii_detalii_reale" VALUES(281,162,10,0.89,0.89,'2015-01-14','2015-01-14 14:33:24',0,0,0,10,0);
INSERT INTO "tranzactii_detalii_reale" VALUES(282,163,4,0.38,0.38,'2015-01-14','2015-01-14 14:33:24',0,0,0,4,0);
INSERT INTO "tranzactii_detalii_reale" VALUES(283,164,5,1.95,1.95,'2015-01-14','2015-01-14 14:33:24',0,0,0,5,0);
INSERT INTO "tranzactii_detalii_reale" VALUES(284,165,2,1.15,1.15,'2015-01-14','2015-01-14 14:33:24',0,0,0,2,0);
INSERT INTO "tranzactii_detalii_reale" VALUES(285,166,4,5.3,5.3,'2015-01-14','2015-01-14 14:41:45',0,0,0,4,0);
INSERT INTO "tranzactii_detalii_reale" VALUES(286,167,4,2.25,2.25,'2015-01-14','2015-01-14 14:41:45',0,0,0,4,0);
INSERT INTO "tranzactii_detalii_reale" VALUES(287,168,50,8.9,8.9,'2015-01-14','2015-01-14 14:46:06',0,0,0,50,0);
INSERT INTO "tranzactii_detalii_reale" VALUES(288,169,4,0.61,0.73,'2015-01-14','2015-01-14 15:55:42',0,0,0,0,0);
INSERT INTO "tranzactii_detalii_reale" VALUES(289,170,4,2.99,3.6,'2015-01-14','2015-01-14 15:55:42',0,0,0,0,0);
INSERT INTO "tranzactii_detalii_reale" VALUES(290,171,2,2.55,3.06,'2015-01-14','2015-01-14 15:55:42',0,0,0,0,0);
INSERT INTO "tranzactii_detalii_reale" VALUES(291,172,2,2.36,2.83,'2015-01-14','2015-01-14 15:55:42',0,0,0,0,0);
INSERT INTO "tranzactii_detalii_reale" VALUES(292,173,6,1.84,2.2,'2015-01-14','2015-01-14 15:55:42',0,0,0,0,0);
INSERT INTO "tranzactii_detalii_reale" VALUES(293,174,6,0.66,0.8,'2015-01-14','2015-01-14 15:55:42',0,0,0,0,0);
INSERT INTO "tranzactii_detalii_reale" VALUES(294,175,6,0.25,0.4,'2015-01-14','2015-01-14 15:55:42',0,0,0,0,0);
INSERT INTO "tranzactii_detalii_reale" VALUES(295,176,3,3.25,3.9,'2015-01-14','2015-01-14 15:55:42',0,0,0,0,0);
INSERT INTO "tranzactii_detalii_reale" VALUES(296,177,5,1.82,2.2,'2015-01-14','2015-01-14 15:55:42',0,0,0,0,0);
INSERT INTO "tranzactii_detalii_reale" VALUES(297,178,9,0.31,0.6,'2014-12-10','2015-01-14 15:55:42',0,0,0,0,0);
INSERT INTO "tranzactii_detalii_reale" VALUES(298,178,11,0.31,0.6,'2015-01-14','2015-01-14 15:55:42',0,0,0,0,0);
INSERT INTO "tranzactii_detalii_reale" VALUES(299,179,10,0.22,0.4,'2015-01-14','2015-01-14 15:55:42',0,0,0,0,0);
INSERT INTO "tranzactii_detalii_reale" VALUES(300,180,30,0.18,0.3,'2015-01-14','2015-01-14 15:55:42',0,0,0,0,0);
INSERT INTO "tranzactii_detalii_reale" VALUES(301,181,20,0.25,0.4,'2015-01-14','2015-01-14 15:55:42',0,0,0,0,0);
INSERT INTO "tranzactii_detalii_reale" VALUES(302,182,2,4.15,6,'2015-01-14','2015-01-14 15:55:42',0,0,0,0,0);
INSERT INTO "tranzactii_detalii_reale" VALUES(303,183,2,0.98,1.5,'2015-01-14','2015-01-14 15:55:42',0,0,0,0,0);
INSERT INTO "tranzactii_detalii_reale" VALUES(304,184,1,1.1,1.5,'2015-01-14','2015-01-14 15:55:42',0,0,0,0,0);
INSERT INTO "tranzactii_detalii_reale" VALUES(305,185,1,0.98,1.5,'2015-01-14','2015-01-14 15:55:42',0,0,0,0,0);
INSERT INTO "tranzactii_detalii_reale" VALUES(306,186,3,0.55,0.75,'2015-01-14','2015-01-14 15:55:42',0,0,0,0,0);
INSERT INTO "tranzactii_detalii_reale" VALUES(307,187,3,0.55,0.75,'2015-01-14','2015-01-14 15:55:42',0,0,0,0,0);
INSERT INTO "tranzactii_detalii_reale" VALUES(308,188,20,0.34,0.8,'2015-01-14','2015-01-14 15:55:42',0,0,0,0,0);
INSERT INTO "tranzactii_detalii_reale" VALUES(309,189,100,0.06,0.12,'2015-01-14','2015-01-14 15:55:42',0,0,0,0,0);
INSERT INTO "tranzactii_detalii_reale" VALUES(310,190,100,0.11,0.2,'2015-01-14','2015-01-14 15:55:42',0,0,0,0,0);
INSERT INTO "tranzactii_detalii_reale" VALUES(311,191,50,0.18,0.25,'2015-01-14','2015-01-14 15:55:42',0,0,0,0,0);
INSERT INTO "tranzactii_detalii_reale" VALUES(312,192,20,0.59,1,'2015-01-14','2015-01-14 15:55:42',0,0,0,0,0);
INSERT INTO "tranzactii_detalii_reale" VALUES(313,193,10,0.89,1.07,'2015-01-14','2015-01-14 15:55:42',0,0,0,0,0);
INSERT INTO "tranzactii_detalii_reale" VALUES(314,194,4,0.38,0.45,'2015-01-14','2015-01-14 15:55:42',0,0,0,0,0);
INSERT INTO "tranzactii_detalii_reale" VALUES(315,195,5,1.95,2.35,'2015-01-14','2015-01-14 15:55:42',0,0,0,0,0);
INSERT INTO "tranzactii_detalii_reale" VALUES(316,196,2,1.15,1.4,'2015-01-14','2015-01-14 15:55:42',0,0,0,0,0);
INSERT INTO "tranzactii_detalii_reale" VALUES(317,197,4,5.3,6.4,'2015-01-14','2015-01-14 15:55:42',0,0,0,0,0);
INSERT INTO "tranzactii_detalii_reale" VALUES(318,198,4,2.25,3,'2015-01-14','2015-01-14 15:55:42',0,0,0,0,0);
INSERT INTO "tranzactii_detalii_reale" VALUES(319,199,2,538.73,538.73,'2015-01-20','2015-01-20 10:52:02',0,0,0,2,0);
INSERT INTO "tranzactii_detalii_reale" VALUES(320,200,1,386.29,386.29,'2015-01-21','2015-01-21 08:41:44',0,0,0,1,0);
INSERT INTO "tranzactii_detalii_reale" VALUES(321,201,1,529.3,595.45,'2015-01-13','2015-01-21 12:08:57',0,0,0,0,0);
INSERT INTO "tranzactii_detalii_reale" VALUES(322,201,1,538.73,595.45,'2015-01-20','2015-01-21 12:08:57',0,0,0,0,0);
INSERT INTO "tranzactii_detalii_reale" VALUES(326,203,2,8.21,8.21,'2015-01-26','2015-01-26 10:07:51',0,0,0,2,0);
INSERT INTO "tranzactii_detalii_reale" VALUES(327,204,1,386.29,837.65,'2015-01-21','2015-01-27 09:34:09',0,0,0,0,0);
INSERT INTO "tranzactii_detalii_reale" VALUES(328,205,25,3.99,3.99,'2015-01-28','2015-01-29 09:00:17',0,0,0,25,0);
INSERT INTO "tranzactii_detalii_reale" VALUES(329,206,200,0.35,0.35,'2015-01-28','2015-01-29 09:00:17',0,0,0,200,0);
INSERT INTO "tranzactii_detalii_reale" VALUES(330,207,500,0.04,0.04,'2015-01-28','2015-01-29 09:00:17',0,0,0,500,0);
INSERT INTO "tranzactii_detalii_reale" VALUES(331,208,37,3.99,6.45,'2014-12-10','2015-01-30 09:23:52',0,0,0,0,0);
INSERT INTO "tranzactii_detalii_reale" VALUES(332,209,22,0.35,0.81,'2014-12-10','2015-01-30 09:23:52',0,0,0,0,0);
INSERT INTO "tranzactii_detalii_reale" VALUES(333,210,752,0.27,0.32,'2014-12-10','2015-01-30 09:23:52',0,0,0,0,0);
INSERT INTO "tranzactii_detalii_reale" VALUES(334,211,63,0.04,0.2,'2014-12-10','2015-01-30 09:23:52',0,0,0,0,0);
INSERT INTO "tranzactii_detalii_reale" VALUES(335,212,31,0.68,0.81,'2014-12-10','2015-01-30 09:23:52',0,0,0,0,0);
INSERT INTO "tranzactii_detalii_reale" VALUES(336,213,31,0.06,0.12,'2014-12-10','2015-01-30 09:23:52',0,0,0,0,0);
INSERT INTO "tranzactii_detalii_reale" VALUES(337,214,1,3.99,6.45,'2014-12-10','2015-01-30 09:48:16',0,0,0,0,0);
INSERT INTO "tranzactii_detalii_reale" VALUES(338,215,18,0.35,0.81,'2014-12-10','2015-01-30 09:48:16',0,0,0,0,0);
INSERT INTO "tranzactii_detalii_reale" VALUES(339,216,21,0.68,0.81,'2014-12-10','2015-01-30 09:48:16',0,0,0,0,0);
INSERT INTO "tranzactii_detalii_reale" VALUES(340,217,21,0.06,0.12,'2014-12-10','2015-01-30 09:48:16',0,0,0,0,0);
INSERT INTO "tranzactii_detalii_reale" VALUES(341,218,331,0.27,0.32,'2014-12-10','2015-01-30 10:07:19',0,0,0,0,0);
INSERT INTO "tranzactii_detalii_reale" VALUES(342,219,32,3.7,6.45,'2014-12-10','2015-01-30 10:07:19',0,0,0,0,0);
INSERT INTO "tranzactii_detalii_reale" VALUES(343,220,5,3.99,6.45,'2014-12-10','2015-01-30 10:07:19',0,0,0,0,0);
INSERT INTO "tranzactii_detalii_reale" VALUES(344,221,18,3.99,6.45,'2014-12-10','2015-01-30 10:07:19',0,0,0,0,0);
INSERT INTO "tranzactii_detalii_reale" VALUES(345,222,6,0.31,0.81,'2015-01-14','2015-01-30 10:07:19',0,0,0,0,0);
INSERT INTO "tranzactii_detalii_reale" VALUES(346,223,47,0.68,0.81,'2014-12-10','2015-01-30 10:07:19',0,0,0,0,0);
INSERT INTO "tranzactii_detalii_reale" VALUES(347,224,47,0.04,0.12,'2014-12-10','2015-01-30 10:07:19',0,0,0,0,0);
INSERT INTO "tranzactii_detalii_reale" VALUES(348,225,3,0.31,0.31,'2015-01-14','2015-02-02 08:11:48',0,0,0,3,0);
INSERT INTO "tranzactii_detalii_reale" VALUES(349,226,32,0.35,0.35,'2014-12-10','2015-02-02 08:11:48',0,0,0,32,0);
INSERT INTO "tranzactii_detalii_reale" VALUES(350,227,1,8.9,8.9,'2014-12-10','2015-02-02 08:11:48',0,0,0,1,0);
INSERT INTO "tranzactii_detalii_reale" VALUES(351,228,1,3.99,3.99,'2014-12-10','2015-02-02 08:11:48',0,0,0,1,0);
INSERT INTO "tranzactii_detalii_reale" VALUES(358,235,4,65.25,65.25,'2014-12-10','2015-02-02 12:57:59',0,0,0,4,0);
INSERT INTO "tranzactii_detalii_reale" VALUES(359,236,2,65.25,65.25,'2015-01-12','2015-02-02 12:57:59',0,0,0,2,0);
INSERT INTO "tranzactii_detalii_reale" VALUES(360,237,3,70.14,70.14,'2014-12-10','2015-02-02 12:57:59',0,0,0,3,0);
INSERT INTO "tranzactii_detalii_reale" VALUES(361,238,1,26.08,26.08,'2014-12-10','2015-02-02 12:57:59',0,0,0,1,0);
INSERT INTO "tranzactii_detalii_reale" VALUES(362,239,39,8.9,8.9,'2014-12-10','2015-02-02 12:57:59',0,0,0,39,0);
INSERT INTO "tranzactii_detalii_reale" VALUES(363,240,10,8.9,8.9,'2015-01-14','2015-02-02 12:57:59',0,0,0,10,0);
INSERT INTO "tranzactii_detalii_reale" VALUES(364,241,1,851.91,851.91,'2014-12-10','2015-02-03 08:29:45',0,0,0,1,0);
INSERT INTO "tranzactii_detalii_reale" VALUES(365,242,3000,0.272,0.272,'2015-02-03','2015-02-03 12:47:26',0,0,0,3000,0);
INSERT INTO "tranzactii_detalii_reale" VALUES(366,243,1,172.54,172.54,'2015-02-04','2015-02-04 09:24:13',0,0,0,1,0);
INSERT INTO "tranzactii_detalii_reale" VALUES(367,244,1,11.8,11.8,'2015-02-04','2015-02-04 09:24:13',0,0,0,1,0);
INSERT INTO "tranzactii_detalii_reale" VALUES(368,245,1,6.67,6.67,'2015-02-04','2015-02-04 09:24:13',0,0,0,1,0);
INSERT INTO "tranzactii_detalii_reale" VALUES(369,246,1,262.7,262.7,'2015-02-09','2015-02-09 12:58:54',0,0,0,1,0);
INSERT INTO "tranzactii_detalii_reale" VALUES(374,251,6,70.14,70.14,'2015-02-11','2015-02-12 14:39:17',0,0,0,6,0);
INSERT INTO "tranzactii_detalii_reale" VALUES(375,252,25,3.99,3.99,'2015-02-12','2015-02-12 14:44:27',0,0,0,25,0);
INSERT INTO "tranzactii_detalii_reale" VALUES(376,253,25,3.99,3.99,'2015-02-12','2015-02-12 14:44:27',0,0,0,25,0);
INSERT INTO "tranzactii_detalii_reale" VALUES(377,254,200,0.87,0.87,'2015-02-12','2015-02-12 14:44:27',0,0,0,200,0);
INSERT INTO "tranzactii_detalii_reale" VALUES(378,255,200,0.06,0.06,'2015-02-12','2015-02-12 14:44:27',0,0,0,200,0);
INSERT INTO "tranzactii_detalii_reale" VALUES(379,256,50,8.9,8.9,'2015-02-20','2015-02-23 07:23:55',0,0,0,50,0);
INSERT INTO "tranzactii_detalii_reale" VALUES(380,257,1,511.01,511.01,'2015-02-23','2015-02-23 13:20:59',0,0,0,1,0);
INSERT INTO "tranzactii_detalii_reale" VALUES(381,258,1,262.7,311.45,'2015-02-09','2015-02-24 12:07:39',0,0,0,0,0);
INSERT INTO "tranzactii_detalii_reale" VALUES(382,259,4,26.08,26.08,'2015-02-24','2015-02-25 14:06:21',0,0,0,4,0);
INSERT INTO "tranzactii_detalii_reale" VALUES(383,260,2,35.36,35.36,'2015-02-24','2015-02-25 14:06:21',0,0,0,2,0);
INSERT INTO "tranzactii_detalii_reale" VALUES(384,261,4,70.14,70.14,'2015-02-24','2015-02-25 14:06:21',0,0,0,4,0);
INSERT INTO "tranzactii_detalii_reale" VALUES(385,262,1,283.01,283.01,'2015-02-24','2015-02-25 14:06:21',0,0,0,1,0);
INSERT INTO "tranzactii_detalii_reale" VALUES(386,263,25,3.99,3.99,'2015-02-26','2015-02-26 09:08:02',0,0,0,25,0);
INSERT INTO "tranzactii_detalii_reale" VALUES(387,264,25,3.99,3.99,'2015-02-26','2015-02-26 09:08:02',0,0,0,25,0);
INSERT INTO "tranzactii_detalii_reale" VALUES(388,265,1,511.01,580,'2015-02-23','2015-02-26 09:26:30',0,0,0,0,0);
INSERT INTO "tranzactii_detalii_reale" VALUES(389,266,1,0.68,0.81,'2014-12-10','2015-02-27 07:42:18',0,0,0,0,0);
INSERT INTO "tranzactii_detalii_reale" VALUES(390,267,3,0.58,0.81,'2014-12-10','2015-02-27 07:42:18',0,0,0,0,0);
INSERT INTO "tranzactii_detalii_reale" VALUES(391,268,4,0.04,0.12,'2014-12-10','2015-02-27 07:42:18',0,0,0,0,0);
INSERT INTO "tranzactii_detalii_reale" VALUES(392,269,62,0.27,0.32,'2014-12-10','2015-02-27 07:58:01',0,0,0,0,0);
INSERT INTO "tranzactii_detalii_reale" VALUES(393,270,22,0.35,0.81,'2014-12-10','2015-02-27 07:58:01',0,0,0,0,0);
INSERT INTO "tranzactii_detalii_reale" VALUES(394,270,5,0.35,0.81,'2015-01-12','2015-02-27 07:58:01',0,0,0,0,0);
INSERT INTO "tranzactii_detalii_reale" VALUES(395,271,24,0.58,0.81,'2014-12-10','2015-02-27 07:58:01',0,0,0,0,0);
INSERT INTO "tranzactii_detalii_reale" VALUES(396,272,24,0.04,0.12,'2014-12-10','2015-02-27 07:58:01',0,0,0,0,0);
INSERT INTO "tranzactii_detalii_reale" VALUES(397,273,14,0.27,0.32,'2014-12-10','2015-02-27 08:36:58',0,0,0,0,0);
INSERT INTO "tranzactii_detalii_reale" VALUES(398,274,25,3.99,6.45,'2015-02-12','2015-02-27 08:36:58',0,0,0,0,0);
INSERT INTO "tranzactii_detalii_reale" VALUES(399,274,17,3.99,6.45,'2015-02-26','2015-02-27 08:36:58',0,0,0,0,0);
INSERT INTO "tranzactii_detalii_reale" VALUES(400,275,7,0.35,0.81,'2015-01-12','2015-02-27 08:36:58',0,0,0,0,0);
INSERT INTO "tranzactii_detalii_reale" VALUES(401,276,24,0.58,0.81,'2014-12-10','2015-02-27 08:36:58',0,0,0,0,0);
INSERT INTO "tranzactii_detalii_reale" VALUES(402,277,24,0.04,0.12,'2014-12-10','2015-02-27 08:36:58',0,0,0,0,0);
INSERT INTO "tranzactii_detalii_reale" VALUES(403,278,140,0.04,0.2,'2014-12-10','2015-02-27 08:36:58',0,0,0,0,0);
INSERT INTO "tranzactii_detalii_reale" VALUES(404,279,1,172.54,224.29,'2015-02-04','2015-02-27 08:36:59',0,0,0,0,0);
INSERT INTO "tranzactii_detalii_reale" VALUES(405,280,1,11.8,11.8,'2015-02-04','2015-02-27 08:36:59',0,0,0,0,0);
INSERT INTO "tranzactii_detalii_reale" VALUES(406,281,1,6.67,6.67,'2015-02-04','2015-02-27 08:36:59',0,0,0,0,0);
INSERT INTO "tranzactii_detalii_reale" VALUES(407,282,712,0.27,0.32,'2014-12-10','2015-02-27 09:03:01',0,0,0,0,0);
INSERT INTO "tranzactii_detalii_reale" VALUES(408,283,8,3.99,6.45,'2015-02-26','2015-02-27 09:03:01',0,0,0,0,0);
INSERT INTO "tranzactii_detalii_reale" VALUES(409,284,11,3.99,6.45,'2014-12-10','2015-02-27 09:03:01',0,0,0,0,0);
INSERT INTO "tranzactii_detalii_reale" VALUES(410,284,25,3.99,6.45,'2015-01-12','2015-02-27 09:03:01',0,0,0,0,0);
INSERT INTO "tranzactii_detalii_reale" VALUES(411,285,73,0.35,0.81,'2015-01-12','2015-02-27 09:03:01',0,0,0,0,0);
INSERT INTO "tranzactii_detalii_reale" VALUES(412,286,64,0.04,0.12,'2014-12-10','2015-02-27 09:03:01',0,0,0,0,0);
INSERT INTO "tranzactii_detalii_reale" VALUES(413,287,42,0.06,0.12,'2014-12-10','2015-02-27 09:03:01',0,0,0,0,0);
INSERT INTO "tranzactii_detalii_reale" VALUES(414,288,140,0.04,0.2,'2014-12-10','2015-02-27 09:03:01',0,0,0,0,0);
INSERT INTO "tranzactii_detalii_reale" VALUES(415,289,2,0.35,0.81,'2015-01-12','2015-02-27 09:27:48',0,0,0,0,0);
INSERT INTO "tranzactii_detalii_reale" VALUES(416,290,1,8859.83,8859.83,'2015-02-27','2015-02-27 12:55:28',0,0,0,1,0);
INSERT INTO "tranzactii_detalii_reale" VALUES(417,291,1,933.72,933.72,'2015-02-27','2015-02-27 12:55:28',0,0,0,1,0);
INSERT INTO "tranzactii_detalii_reale" VALUES(418,292,1,230.11,230.11,'2015-02-27','2015-02-27 12:55:28',0,0,0,1,0);
INSERT INTO "tranzactii_detalii_reale" VALUES(419,293,1,8859.83,10277.4,'2015-02-27','2015-02-27 14:21:44',0,0,0,0,0);
INSERT INTO "tranzactii_detalii_reale" VALUES(420,294,1,933.72,1083.12,'2015-02-27','2015-02-27 14:21:44',0,0,0,0,0);
INSERT INTO "tranzactii_detalii_reale" VALUES(421,295,1,230.11,266.93,'2015-02-27','2015-02-27 14:21:44',0,0,0,0,0);
INSERT INTO "tranzactii_detalii_reale" VALUES(422,296,1,286.61,286.61,'2015-03-02','2015-03-02 13:44:44',0,0,0,1,0);
INSERT INTO "tranzactii_detalii_reale" VALUES(423,297,34,37.29,37.29,'2015-03-02','2015-03-02 13:57:54',0,0,0,34,0);
INSERT INTO "tranzactii_detalii_reale" VALUES(427,298,10,197.6,197.6,'2015-03-02','2015-03-03 10:03:58',0,0,0,10,0);
INSERT INTO "tranzactii_detalii_reale" VALUES(428,299,10,121,121,'2015-03-02','2015-03-03 10:03:58',0,0,0,10,0);
INSERT INTO "tranzactii_detalii_reale" VALUES(429,300,6,33,33,'2015-03-02','2015-03-03 10:03:58',0,0,0,6,0);
INSERT INTO "tranzactii_detalii_reale" VALUES(430,301,1,20.5,20.5,'2014-12-10','2015-03-04 08:03:12',0,0,0,1,0);
INSERT INTO "tranzactii_detalii_reale" VALUES(431,302,40,8.9,8.9,'2015-01-14','2015-03-04 08:03:12',0,0,0,40,0);
INSERT INTO "tranzactii_detalii_reale" VALUES(432,303,15,8.9,8.9,'2015-02-20','2015-03-04 08:03:12',0,0,0,15,0);
INSERT INTO "tranzactii_detalii_reale" VALUES(433,304,1,70.14,70.14,'2014-12-10','2015-03-04 08:03:12',0,0,0,1,0);
INSERT INTO "tranzactii_detalii_reale" VALUES(434,305,2,70.14,70.14,'2015-01-12','2015-03-04 08:03:12',0,0,0,2,0);
INSERT INTO "tranzactii_detalii_reale" VALUES(435,306,2,26.08,26.08,'2014-12-10','2015-03-04 08:03:12',0,0,0,2,0);
INSERT INTO "tranzactii_detalii_reale" VALUES(436,307,3,65.25,65.25,'2015-01-12','2015-03-04 08:03:12',0,0,0,3,0);
INSERT INTO "tranzactii_detalii_reale" VALUES(437,308,1,0.58,0.58,'2014-12-10','2015-03-04 08:03:12',0,0,0,1,0);
INSERT INTO "tranzactii_detalii_reale" VALUES(438,309,1,0.06,0.06,'2014-12-10','2015-03-04 08:03:12',0,0,0,1,0);
INSERT INTO "tranzactii_detalii_reale" VALUES(439,310,1,3337.99,3337.99,'2015-03-05','2015-03-05 13:59:41',0,0,0,1,0);
INSERT INTO "tranzactii_detalii_reale" VALUES(440,311,1,374.69,374.69,'2015-03-05','2015-03-05 13:59:41',0,0,0,1,0);
INSERT INTO "tranzactii_detalii_reale" VALUES(441,312,1,847.29,847.29,'2015-03-05','2015-03-05 14:03:35',0,0,0,1,0);
INSERT INTO "tranzactii_detalii_reale" VALUES(442,313,10,197.6,241.95,'2015-03-02','2015-03-06 07:52:11',0,0,0,0,0);
INSERT INTO "tranzactii_detalii_reale" VALUES(443,314,10,121,153.23,'2015-03-02','2015-03-06 07:52:11',0,0,0,0,0);
INSERT INTO "tranzactii_detalii_reale" VALUES(444,315,6,33,41.89,'2015-03-02','2015-03-06 07:52:11',0,0,0,0,0);
INSERT INTO "tranzactii_detalii_reale" VALUES(445,316,34,37.29,50,'2015-03-02','2015-03-06 07:52:11',0,0,0,0,0);
INSERT INTO "tranzactii_detalii_reale" VALUES(446,317,1,3337.99,3438.13,'2015-03-05','2015-03-06 09:45:35',0,0,0,0,0);
INSERT INTO "tranzactii_detalii_reale" VALUES(447,318,1,374.69,384.91,'2015-03-05','2015-03-06 09:45:35',0,0,0,0,0);
INSERT INTO "tranzactii_detalii_reale" VALUES(449,320,1,847.29,932.45,'2015-03-05','2015-03-09 10:19:00',0,0,0,0,0);
INSERT INTO "tranzactii_detalii_reale" VALUES(450,321,2,100.35,100.35,'2015-03-09','2015-03-10 12:20:06',0,0,0,2,0);
INSERT INTO "tranzactii_detalii_reale" VALUES(451,322,1,851.91,851.91,'2014-12-10','2015-03-11 13:03:16',0,0,0,1,0);
INSERT INTO "tranzactii_detalii_reale" VALUES(452,323,1,426.44,426.44,'2015-03-10','2015-03-11 13:17:26',0,0,0,1,0);
INSERT INTO "tranzactii_detalii_reale" VALUES(453,324,1,2692.21,2692.21,'2015-03-11','2015-03-13 08:54:12',0,0,0,1,0);
INSERT INTO "tranzactii_detalii_reale" VALUES(454,325,1,23.2,23.2,'2015-03-11','2015-03-13 08:54:12',0,0,0,1,0);
INSERT INTO "tranzactii_detalii_reale" VALUES(455,326,1,6.8,6.8,'2015-03-12','2015-03-13 09:02:44',0,0,0,1,0);
INSERT INTO "tranzactii_detalii_reale" VALUES(456,327,1,20.48,20.48,'2015-03-12','2015-03-13 09:02:44',0,0,0,1,0);
INSERT INTO "tranzactii_detalii_reale" VALUES(457,328,1,19.6,19.6,'2015-03-12','2015-03-13 09:02:44',0,0,0,1,0);
INSERT INTO "tranzactii_detalii_reale" VALUES(458,329,1,17,17,'2015-03-12','2015-03-13 09:02:44',0,0,0,1,0);
INSERT INTO "tranzactii_detalii_reale" VALUES(459,330,1,24.95,24.95,'2015-03-12','2015-03-13 09:02:44',0,0,0,1,0);
INSERT INTO "tranzactii_detalii_reale" VALUES(460,331,1,35.92,35.92,'2015-03-12','2015-03-13 09:02:44',0,0,0,1,0);
INSERT INTO "tranzactii_detalii_reale" VALUES(461,332,1,857.91,857.91,'2015-03-16','2015-03-17 09:56:14',0,0,0,1,0);
INSERT INTO "tranzactii_detalii_reale" VALUES(462,333,1,851.91,851.91,'2014-12-10','2015-03-17 11:49:37',0,0,0,1,0);
INSERT INTO "tranzactii_detalii_reale" VALUES(463,334,1,286.61,315.27,'2015-03-02','2015-03-17 14:39:09',0,0,0,0,0);
INSERT INTO "tranzactii_detalii_reale" VALUES(464,335,50,3.99,3.99,'2015-03-17','2015-03-17 14:45:04',0,0,0,50,0);
INSERT INTO "tranzactii_detalii_reale" VALUES(465,336,100,0.06,0.06,'2015-03-17','2015-03-17 14:45:04',0,0,0,100,0);
INSERT INTO "tranzactii_detalii_reale" VALUES(466,337,100,0.87,0.87,'2015-03-17','2015-03-17 14:45:04',0,0,0,100,0);
INSERT INTO "tranzactii_detalii_reale" VALUES(468,339,3,0.35,0.81,'2015-01-12','2015-03-20 12:09:36',0,0,0,0,0);
INSERT INTO "tranzactii_detalii_reale" VALUES(469,340,1,855.95,855.95,'2015-03-17','2015-03-23 11:19:06',0,0,0,1,0);
INSERT INTO "tranzactii_detalii_reale" VALUES(470,341,50,8.9,8.9,'2015-03-20','2015-03-23 11:24:04',0,0,0,50,0);
INSERT INTO "tranzactii_detalii_reale" VALUES(471,342,1,640.44,640.44,'2015-03-23','2015-03-23 13:09:27',0,0,0,1,0);
INSERT INTO "tranzactii_detalii_reale" VALUES(472,343,1,640.44,717.3,'2015-03-23','2015-03-25 08:34:03',0,0,0,0,0);
INSERT INTO "tranzactii_detalii_reale" VALUES(473,344,2000,0.27,0.27,'2015-03-25','2015-03-25 11:52:40',0,0,0,2000,0);
CREATE TABLE furnizori (  furnizor_id   integer PRIMARY KEY AUTOINCREMENT NOT NULL UNIQUE,  denumire      char(50) NOT NULL,  cif           char(50),  reg_com       char(50),  cod_furnizor  char(50),  adresa        char(50),  localitate    char(50),  judet         char(50),  tara          char(50) DEFAULT 'Romania',  banca         char(50),  IBAN          char(50),  email         char(50),  deleted       char(1) DEFAULT 'n', pers_contact varchar(50), telefon varchar(20), 'platitor_TVA' char(1) DEFAULT 'y', 'cod_postal' varchar(20), 'stare_societate' varchar(100), 'cifra_afaceri_neta' varchar(100), 'tip_activitate' varchar(100), 'nr_angajati' integer);
INSERT INTO "furnizori" VALUES(1,'RIK SRL','RO1889794','J13/3643/1991','','Str. Sulmona, Nr. 9, C.P. 900746','Constanta','Constanta','','UNICREDIT TIRIAC BANK','RO34BACX0000000208524000','','n','','','n',NULL,NULL,NULL,NULL,NULL);
INSERT INTO "furnizori" VALUES(2,'MULTI-JET SRL','RO17262146','J35/553/2005','','Str. Mangalia, Nr. 59-61, Incaperea 1','Timisoara','Timis','','UNICREDIT TIRIAC BANK','RO55BACX0000003022559000','','n','','','n',NULL,NULL,NULL,NULL,NULL);
INSERT INTO "furnizori" VALUES(3,'FRESH PROMOTION SRL','17318743','J40/4245/2005','','Str. Trestiana, Nr. 11, Bl. 14, Sc. 2, Et. 10, Ap. 84, Sect. 4, C.P. 70000','Bucuresti Sectorul 4','Bucuresti','','','','','n','','','n',NULL,NULL,NULL,NULL,NULL);
INSERT INTO "furnizori" VALUES(4,'PULS PRINTING SRL','RO26372717','J13/32/2010','','B-dul Mamaia, Nr. 142, Et. 1','Constanta','Constanta','','','','','n','','','n',NULL,NULL,NULL,NULL,NULL);
INSERT INTO "furnizori" VALUES(5,'MEDIA RESPONSIVE SRL','RO31062470','J13/21/2013','','Str. Mircea Cel Batran, Nr. 99, C.P. 900592','Constanta','Constanta','','','','','n','','','n',NULL,NULL,NULL,NULL,NULL);
INSERT INTO "furnizori" VALUES(6,'SAMA CONSUL SRL','RO3903321','J40/8827/1993','','Str. Maica Domnului 44a ','Bucuresti','Bucuresti','','UNICREDIT TIRIAC BANK','RO29BACX0000000030166310','','n','','','y',NULL,NULL,NULL,NULL,NULL);
INSERT INTO "furnizori" VALUES(7,'COMSERVICE-COMPANY SRL','RO980141','J04/22/1992','','B-Dul Unirii 30','Bacau','Bacau','','UNICREDIT TIRIAC BANK','RO32BACX0000003026511000','','n','','','y',NULL,NULL,NULL,NULL,NULL);
INSERT INTO "furnizori" VALUES(8,'CORAGEO S.R.L.','ro9745964','J13/2032/1997','','Str. I.l.caragiale 4','Constanta','Constanta','Romania','BANCA COMERCIALA ROMANA','RO23RNCB0114032022220001','','y','','','¿Ä',NULL,NULL,NULL,NULL,NULL);
INSERT INTO "furnizori" VALUES(9,'ROM TEAM SOLUTIONS SRL','RO1577121','J40/4498/1991','','Str. Ion Campineanu, Nr. 29, Bl. 6, Sc. B, Et. 3, Ap. 49, Sect. 1, C.P. 7071','Bucuresti Sectorul 1','Bucuresti','','ING BANK NV','RO29INGB0001000131418915','','n','','','n',NULL,NULL,NULL,NULL,NULL);
INSERT INTO "furnizori" VALUES(10,'GRIMAGH - IMPORT EXPORT S.R.L.','RO2353505','J40/4473/1991','','Str. Ocolului 7','Bucuresti','Bucuresti','Romania','BANCA ITALO ROMENA SPA','RO89BITRBU1RON035713CC01','','n','','','¿Ä',NULL,NULL,NULL,NULL,NULL);
INSERT INTO "furnizori" VALUES(11,'TOP SHOP SRL','RO6743390','J13/5310/1994','','Str. Rachitasi 68','Constanta','Constanta','','','','','n','','','¿Ä',NULL,NULL,NULL,NULL,NULL);
INSERT INTO "furnizori" VALUES(12,'GOLDEN STRUCT SRL','RO31837550','J13/1398/2013','','Str. Cutezatorii 13','Constanta','Constanta','Romania','','','','n','','','¿Ä',NULL,NULL,NULL,NULL,NULL);
INSERT INTO "furnizori" VALUES(13,'ANEMONA COM SRL','RO10222829','J29/200/1998','','Str. Buna Vestire 82','Ploiesti','Prahova','','BANCA TRANSILVANIA','RO51BTRL03001202975553XX','','n','','','y',NULL,NULL,NULL,NULL,NULL);
INSERT INTO "furnizori" VALUES(14,'CORAGEO S.R.L.','RO9745964','J13/2032/1997','','Str. I.l.caragiale 4','Constanta','Constanta','Romania','BANCA COMERCIALA ROMANA','RO23RNCB0114032022220001','','n','','','y',NULL,NULL,NULL,NULL,NULL);
CREATE TABLE avize_facturate (  id          integer PRIMARY KEY AUTOINCREMENT NOT NULL UNIQUE,   aviz_id     integer NOT NULL DEFAULT 0,   factura_id  integer NOT NULL DEFAULT 0);
CREATE TABLE stoc_articole_salvate (  stoc_articol_salvat_id  integer PRIMARY KEY AUTOINCREMENT NOT NULL UNIQUE,   articol_id              integer NOT NULL,   gestiune_id             integer NOT NULL,   data                    date NOT NULL,   cantitate               numeric(50) NOT NULL DEFAULT 0,   valoare                 numeric(50) NOT NULL DEFAULT 0);
CREATE TABLE stoc_articole(  stoc_id        integer PRIMARY KEY AUTOINCREMENT NOT NULL UNIQUE,  gestiune_id    integer NOT NULL,  articol_id     integer NOT NULL,  data_intrarii  date NOT NULL DEFAULT CURRENT_TIMESTAMP,  cantitate      numeric(50) NOT NULL DEFAULT 0,  pret           numeric(50) NOT NULL DEFAULT 0,   pret_cu_adaos  numeric(50) NOT NULL DEFAULT 0);
INSERT INTO "stoc_articole" VALUES(1,-1,-1,'2011-01-01',1,0,0);
INSERT INTO "stoc_articole" VALUES(2,-1,-1,'2011-01-01',1,0,0);
INSERT INTO "stoc_articole" VALUES(3,-1,-1,'2011-01-01',1,0,0);
INSERT INTO "stoc_articole" VALUES(4,-1,-1,'2011-01-01',1,0,0);
INSERT INTO "stoc_articole" VALUES(5,-1,-1,'2011-01-01',1,0,0);
INSERT INTO "stoc_articole" VALUES(6,-1,-1,'2011-01-01',1,0,0);
INSERT INTO "stoc_articole" VALUES(7,-1,-1,'2011-01-01',1,0,0);
INSERT INTO "stoc_articole" VALUES(8,-1,-1,'2011-01-01',1,0,0);
INSERT INTO "stoc_articole" VALUES(9,-1,-1,'2011-01-01',1,0,0);
INSERT INTO "stoc_articole" VALUES(10,-1,-1,'2011-01-01',1,0,0);
INSERT INTO "stoc_articole" VALUES(11,-1,-1,'2011-01-01',1,0,0);
INSERT INTO "stoc_articole" VALUES(12,-1,-1,'2011-01-01',1,0,0);
INSERT INTO "stoc_articole" VALUES(13,-1,-1,'2011-01-01',1,0,0);
INSERT INTO "stoc_articole" VALUES(14,-1,-1,'2011-01-01',1,0,0);
INSERT INTO "stoc_articole" VALUES(15,-1,-1,'2011-01-01',1,0,0);
INSERT INTO "stoc_articole" VALUES(16,-1,-1,'2011-01-01',1,0,0);
INSERT INTO "stoc_articole" VALUES(17,-1,-1,'2011-01-01',1,0,0);
INSERT INTO "stoc_articole" VALUES(18,-1,-1,'2011-01-01',1,0,0);
INSERT INTO "stoc_articole" VALUES(19,-1,-1,'2011-01-01',1,0,0);
INSERT INTO "stoc_articole" VALUES(20,-1,-1,'2011-01-01',1,0,0);
INSERT INTO "stoc_articole" VALUES(21,-1,-1,'2011-01-01',1,0,0);
INSERT INTO "stoc_articole" VALUES(22,-1,-1,'2011-01-01',1,0,0);
INSERT INTO "stoc_articole" VALUES(23,-1,-1,'2011-01-01',1,0,0);
INSERT INTO "stoc_articole" VALUES(24,-1,-1,'2011-01-01',1,0,0);
INSERT INTO "stoc_articole" VALUES(25,-1,-1,'2011-01-01',1,0,0);
INSERT INTO "stoc_articole" VALUES(26,-1,-1,'2011-01-01',1,0,0);
INSERT INTO "stoc_articole" VALUES(27,-1,-1,'2011-01-01',1,0,0);
INSERT INTO "stoc_articole" VALUES(28,-1,-1,'2011-01-01',1,0,0);
INSERT INTO "stoc_articole" VALUES(29,-1,-1,'2011-01-01',1,0,0);
INSERT INTO "stoc_articole" VALUES(30,-1,-1,'2011-01-01',1,0,0);
INSERT INTO "stoc_articole" VALUES(31,-1,-1,'2011-01-01',1,0,0);
INSERT INTO "stoc_articole" VALUES(32,-1,-1,'2011-01-01',1,0,0);
INSERT INTO "stoc_articole" VALUES(33,-1,-1,'2011-01-01',1,0,0);
INSERT INTO "stoc_articole" VALUES(34,-1,-1,'2011-01-01',1,0,0);
INSERT INTO "stoc_articole" VALUES(35,-1,-1,'2011-01-01',1,0,0);
INSERT INTO "stoc_articole" VALUES(36,-1,-1,'2011-01-01',1,0,0);
INSERT INTO "stoc_articole" VALUES(37,-1,-1,'2011-01-01',1,0,0);
INSERT INTO "stoc_articole" VALUES(38,-1,-1,'2011-01-01',1,0,0);
INSERT INTO "stoc_articole" VALUES(39,-1,-1,'2011-01-01',1,0,0);
INSERT INTO "stoc_articole" VALUES(40,-1,-1,'2011-01-01',1,0,0);
INSERT INTO "stoc_articole" VALUES(41,-1,-1,'2011-01-01',1,0,0);
INSERT INTO "stoc_articole" VALUES(42,-1,-1,'2011-01-01',1,0,0);
INSERT INTO "stoc_articole" VALUES(43,-1,-1,'2011-01-01',1,0,0);
INSERT INTO "stoc_articole" VALUES(44,-1,-1,'2011-01-01',1,0,0);
INSERT INTO "stoc_articole" VALUES(45,-1,-1,'2011-01-01',1,0,0);
INSERT INTO "stoc_articole" VALUES(46,-1,-1,'2011-01-01',1,0,0);
INSERT INTO "stoc_articole" VALUES(47,-1,-1,'2011-01-01',1,0,0);
INSERT INTO "stoc_articole" VALUES(48,-1,-1,'2011-01-01',1,0,0);
INSERT INTO "stoc_articole" VALUES(49,-1,-1,'2011-01-01',1,0,0);
INSERT INTO "stoc_articole" VALUES(50,-1,-1,'2011-01-01',1,0,0);
INSERT INTO "stoc_articole" VALUES(51,-1,-1,'2011-01-01',1,0,0);
INSERT INTO "stoc_articole" VALUES(52,-1,-1,'2011-01-01',1,0,0);
INSERT INTO "stoc_articole" VALUES(53,-1,-1,'2011-01-01',1,0,0);
INSERT INTO "stoc_articole" VALUES(54,-1,-1,'2011-01-01',1,0,0);
INSERT INTO "stoc_articole" VALUES(55,-1,-1,'2011-01-01',1,0,0);
INSERT INTO "stoc_articole" VALUES(56,-1,-1,'2011-01-01',1,0,0);
INSERT INTO "stoc_articole" VALUES(57,-1,-1,'2011-01-01',1,0,0);
INSERT INTO "stoc_articole" VALUES(58,-1,-1,'2011-01-01',1,0,0);
INSERT INTO "stoc_articole" VALUES(59,-1,-1,'2011-01-01',1,0,0);
INSERT INTO "stoc_articole" VALUES(60,-1,-1,'2011-01-01',1,0,0);
INSERT INTO "stoc_articole" VALUES(61,-1,-1,'2011-01-01',1,0,0);
INSERT INTO "stoc_articole" VALUES(62,-1,-1,'2011-01-01',1,0,0);
INSERT INTO "stoc_articole" VALUES(63,-1,-1,'2011-01-01',1,0,0);
INSERT INTO "stoc_articole" VALUES(64,-1,-1,'2011-01-01',1,0,0);
INSERT INTO "stoc_articole" VALUES(65,-1,-1,'2011-01-01',1,0,0);
INSERT INTO "stoc_articole" VALUES(66,-1,-1,'2011-01-01',1,0,0);
INSERT INTO "stoc_articole" VALUES(67,-1,-1,'2011-01-01',1,0,0);
INSERT INTO "stoc_articole" VALUES(68,-1,-1,'2011-01-01',1,0,0);
INSERT INTO "stoc_articole" VALUES(69,-1,-1,'2011-01-01',1,0,0);
INSERT INTO "stoc_articole" VALUES(70,-1,-1,'2011-01-01',1,0,0);
INSERT INTO "stoc_articole" VALUES(71,-1,-1,'2011-01-01',1,0,0);
INSERT INTO "stoc_articole" VALUES(72,-1,-1,'2011-01-01',1,0,0);
INSERT INTO "stoc_articole" VALUES(73,-1,-1,'2011-01-01',1,0,0);
INSERT INTO "stoc_articole" VALUES(74,-1,-1,'2011-01-01',1,0,0);
INSERT INTO "stoc_articole" VALUES(75,-1,-1,'2011-01-01',1,0,0);
INSERT INTO "stoc_articole" VALUES(76,-1,-1,'2011-01-01',1,0,0);
INSERT INTO "stoc_articole" VALUES(77,-1,-1,'2011-01-01',1,0,0);
INSERT INTO "stoc_articole" VALUES(78,-1,-1,'2011-01-01',1,0,0);
INSERT INTO "stoc_articole" VALUES(79,-1,-1,'2011-01-01',1,0,0);
INSERT INTO "stoc_articole" VALUES(80,-1,-1,'2011-01-01',1,0,0);
INSERT INTO "stoc_articole" VALUES(81,-1,-1,'2011-01-01',1,0,0);
INSERT INTO "stoc_articole" VALUES(82,-1,-1,'2011-01-01',1,0,0);
INSERT INTO "stoc_articole" VALUES(83,-1,-1,'2011-01-01',1,0,0);
INSERT INTO "stoc_articole" VALUES(84,-1,-1,'2011-01-01',1,0,0);
INSERT INTO "stoc_articole" VALUES(85,-1,-1,'2011-01-01',1,0,0);
INSERT INTO "stoc_articole" VALUES(86,-1,-1,'2011-01-01',1,0,0);
INSERT INTO "stoc_articole" VALUES(87,-1,-1,'2011-01-01',1,0,0);
INSERT INTO "stoc_articole" VALUES(88,-1,-1,'2011-01-01',1,0,0);
INSERT INTO "stoc_articole" VALUES(89,-1,-1,'2011-01-01',1,0,0);
INSERT INTO "stoc_articole" VALUES(90,-1,-1,'2011-01-01',1,0,0);
INSERT INTO "stoc_articole" VALUES(91,-1,-1,'2011-01-01',1,0,0);
INSERT INTO "stoc_articole" VALUES(92,-1,-1,'2011-01-01',1,0,0);
INSERT INTO "stoc_articole" VALUES(93,-1,-1,'2011-01-01',1,0,0);
INSERT INTO "stoc_articole" VALUES(94,-1,-1,'2011-01-01',1,0,0);
INSERT INTO "stoc_articole" VALUES(95,-1,-1,'2011-01-01',1,0,0);
INSERT INTO "stoc_articole" VALUES(96,-1,-1,'2011-01-01',1,0,0);
INSERT INTO "stoc_articole" VALUES(97,-1,-1,'2011-01-01',1,0,0);
INSERT INTO "stoc_articole" VALUES(98,-1,-1,'2011-01-01',1,0,0);
INSERT INTO "stoc_articole" VALUES(99,-1,-1,'2011-01-01',1,0,0);
INSERT INTO "stoc_articole" VALUES(100,-1,-1,'2011-01-01',1,0,0);
INSERT INTO "stoc_articole" VALUES(101,-1,-1,'2011-01-01',1,0,0);
INSERT INTO "stoc_articole" VALUES(102,-1,-1,'2011-01-01',1,0,0);
INSERT INTO "stoc_articole" VALUES(103,-1,-1,'2011-01-01',1,0,0);
INSERT INTO "stoc_articole" VALUES(104,-1,-1,'2011-01-01',1,0,0);
INSERT INTO "stoc_articole" VALUES(105,-1,-1,'2011-01-01',1,0,0);
INSERT INTO "stoc_articole" VALUES(106,-1,-1,'2011-01-01',1,0,0);
INSERT INTO "stoc_articole" VALUES(107,-1,-1,'2011-01-01',1,0,0);
INSERT INTO "stoc_articole" VALUES(108,-1,-1,'2011-01-01',1,0,0);
INSERT INTO "stoc_articole" VALUES(109,-1,-1,'2011-01-01',1,0,0);
INSERT INTO "stoc_articole" VALUES(110,-1,-1,'2011-01-01',1,0,0);
INSERT INTO "stoc_articole" VALUES(111,-1,-1,'2011-01-01',1,0,0);
INSERT INTO "stoc_articole" VALUES(112,-1,-1,'2011-01-01',1,0,0);
INSERT INTO "stoc_articole" VALUES(113,-1,-1,'2011-01-01',1,0,0);
INSERT INTO "stoc_articole" VALUES(114,-1,-1,'2011-01-01',1,0,0);
INSERT INTO "stoc_articole" VALUES(115,-1,-1,'2011-01-01',1,0,0);
INSERT INTO "stoc_articole" VALUES(116,-1,-1,'2011-01-01',1,0,0);
INSERT INTO "stoc_articole" VALUES(117,-1,-1,'2011-01-01',1,0,0);
INSERT INTO "stoc_articole" VALUES(118,-1,-1,'2011-01-01',1,0,0);
INSERT INTO "stoc_articole" VALUES(119,-1,-1,'2011-01-01',1,0,0);
INSERT INTO "stoc_articole" VALUES(120,-1,-1,'2011-01-01',1,0,0);
INSERT INTO "stoc_articole" VALUES(121,-1,-1,'2011-01-01',1,0,0);
INSERT INTO "stoc_articole" VALUES(122,-1,-1,'2011-01-01',1,0,0);
INSERT INTO "stoc_articole" VALUES(123,-1,-1,'2011-01-01',1,0,0);
INSERT INTO "stoc_articole" VALUES(124,-1,-1,'2011-01-01',1,0,0);
INSERT INTO "stoc_articole" VALUES(125,-1,-1,'2011-01-01',1,0,0);
INSERT INTO "stoc_articole" VALUES(126,-1,-1,'2011-01-01',1,0,0);
INSERT INTO "stoc_articole" VALUES(127,-1,-1,'2011-01-01',1,0,0);
INSERT INTO "stoc_articole" VALUES(128,-1,-1,'2011-01-01',1,0,0);
INSERT INTO "stoc_articole" VALUES(129,-1,-1,'2011-01-01',1,0,0);
INSERT INTO "stoc_articole" VALUES(130,-1,-1,'2011-01-01',1,0,0);
INSERT INTO "stoc_articole" VALUES(131,-1,-1,'2011-01-01',1,0,0);
INSERT INTO "stoc_articole" VALUES(132,-1,-1,'2011-01-01',1,0,0);
INSERT INTO "stoc_articole" VALUES(133,-1,-1,'2011-01-01',1,0,0);
INSERT INTO "stoc_articole" VALUES(134,-1,-1,'2011-01-01',1,0,0);
INSERT INTO "stoc_articole" VALUES(135,-1,-1,'2011-01-01',1,0,0);
CREATE TABLE modificari_pret(  mp_id          integer PRIMARY KEY AUTOINCREMENT NOT NULL UNIQUE,  tranzactie_id  integer NOT NULL,  articol_id     integer NOT NULL,  cantitate      numeric(50) NOT NULL DEFAULT 0,  procent        numeric(10) NOT NULL DEFAULT 0,  pret_vechi     numeric(50) NOT NULL DEFAULT 0,   pret_nou       numeric(50) NOT NULL DEFAULT 0, 'tva_id_vechi' integer DEFAULT 0, 'tva_id_nou' integer DEFAULT 0, 'tranzactie_detaliu_id' integer DEFAULT 0);
CREATE TABLE avize_nir (  id          integer PRIMARY KEY AUTOINCREMENT NOT NULL UNIQUE,   aviz_id     integer NOT NULL DEFAULT 0,   tranzactie_id  integer NOT NULL DEFAULT 0);
CREATE TABLE document_draft(  id          integer NOT NULL ,  key         integer NOT NULL,  value       character NOT NULL);
INSERT INTO "document_draft" VALUES(1,'data_draft','2015-01-05 09:57:36');
INSERT INTO "document_draft" VALUES(1,'utilizator','admin');
INSERT INTO "document_draft" VALUES(1,'ip','server');
INSERT INTO "document_draft" VALUES(1,'Angajat_id','0');
INSERT INTO "document_draft" VALUES(1,'Primitor_Denumire','XEROGRAFICA');
INSERT INTO "document_draft" VALUES(1,'Precizie','2');
INSERT INTO "document_draft" VALUES(1,'t_id','-1');
INSERT INTO "document_draft" VALUES(1,'Primitor_Tip','2');
INSERT INTO "document_draft" VALUES(1,'t_TipOperatie','I');
INSERT INTO "document_draft" VALUES(1,'Furnizor_id','-1');
INSERT INTO "document_draft" VALUES(1,'Numar','1');
INSERT INTO "document_draft" VALUES(1,'t_TipDoc','INV');
INSERT INTO "document_draft" VALUES(1,'tip_document','Inventar');
INSERT INTO "document_draft" VALUES(1,'Angajat_Functie','');
INSERT INTO "document_draft" VALUES(1,'Primitor_Id','21');
INSERT INTO "document_draft" VALUES(1,'Serie','');
INSERT INTO "document_draft" VALUES(1,'Judet','');
INSERT INTO "document_draft" VALUES(1,'Localitate','');
INSERT INTO "document_draft" VALUES(1,'CIF/CNP','');
INSERT INTO "document_draft" VALUES(1,'Banca','');
INSERT INTO "document_draft" VALUES(1,'Reg con','');
INSERT INTO "document_draft" VALUES(1,'t_AngajatId','0');
INSERT INTO "document_draft" VALUES(1,'t_NrDoc','1');
INSERT INTO "document_draft" VALUES(1,'Predator_Denumire','');
INSERT INTO "document_draft" VALUES(1,'t_data','2015-01-05');
INSERT INTO "document_draft" VALUES(1,'Angajat_Nume','');
INSERT INTO "document_draft" VALUES(1,'Predator_Id','0');
INSERT INTO "document_draft" VALUES(1,'t_Status','v');
INSERT INTO "document_draft" VALUES(1,'t_Gestionar','');
INSERT INTO "document_draft" VALUES(1,'t_Precizie','2');
INSERT INTO "document_draft" VALUES(1,'Furnizor_denumire','');
INSERT INTO "document_draft" VALUES(1,'Tara','');
INSERT INTO "document_draft" VALUES(1,'Adresa','');
INSERT INTO "document_draft" VALUES(1,'t_Comisie_receptie','');
INSERT INTO "document_draft" VALUES(1,'E-mail','');
INSERT INTO "document_draft" VALUES(1,'t_PrimitorGestiuneId','21');
INSERT INTO "document_draft" VALUES(1,'IBAN','');
INSERT INTO "document_draft" VALUES(1,'Predator_Tip','0');
INSERT INTO "document_draft" VALUES(1,'Cod Furnizor','');
INSERT INTO "document_draft" VALUES(1,'Angajat_Cnp','');
INSERT INTO "document_draft" VALUES(1,'t_SerieId','0');
INSERT INTO "document_draft" VALUES(1,'t_PredatorGestiuneId','0');
INSERT INTO "document_draft" VALUES(1,'t_Mentiuni','');
INSERT INTO "document_draft" VALUES(1,'t_tipNrDoc','a');
INSERT INTO "document_draft" VALUES(1,'PrintId','6');
INSERT INTO "document_draft" VALUES(2,'data_draft','2015-01-29 16:48:08');
INSERT INTO "document_draft" VALUES(2,'utilizator','admin');
INSERT INTO "document_draft" VALUES(2,'ip','server');
INSERT INTO "document_draft" VALUES(2,'Angajat_id','0');
INSERT INTO "document_draft" VALUES(2,'Primitor_Denumire','XEROGRAFICA');
INSERT INTO "document_draft" VALUES(2,'Precizie','2');
INSERT INTO "document_draft" VALUES(2,'t_id','-1');
INSERT INTO "document_draft" VALUES(2,'Primitor_Tip','2');
INSERT INTO "document_draft" VALUES(2,'t_TipOperatie','I');
INSERT INTO "document_draft" VALUES(2,'Furnizor_id','-1');
INSERT INTO "document_draft" VALUES(2,'Numar','1');
INSERT INTO "document_draft" VALUES(2,'t_TipDoc','INV');
INSERT INTO "document_draft" VALUES(2,'tip_document','Inventar');
INSERT INTO "document_draft" VALUES(2,'Angajat_Functie','');
INSERT INTO "document_draft" VALUES(2,'Primitor_Id','21');
INSERT INTO "document_draft" VALUES(2,'Serie','');
INSERT INTO "document_draft" VALUES(2,'Judet','');
INSERT INTO "document_draft" VALUES(2,'Localitate','');
INSERT INTO "document_draft" VALUES(2,'CIF/CNP','');
INSERT INTO "document_draft" VALUES(2,'Banca','');
INSERT INTO "document_draft" VALUES(2,'Reg con','');
INSERT INTO "document_draft" VALUES(2,'t_AngajatId','0');
INSERT INTO "document_draft" VALUES(2,'t_NrDoc','1');
INSERT INTO "document_draft" VALUES(2,'Predator_Denumire','');
INSERT INTO "document_draft" VALUES(2,'t_data','2015-01-29');
INSERT INTO "document_draft" VALUES(2,'Angajat_Nume','');
INSERT INTO "document_draft" VALUES(2,'Predator_Id','0');
INSERT INTO "document_draft" VALUES(2,'t_Status','v');
INSERT INTO "document_draft" VALUES(2,'t_Gestionar','');
INSERT INTO "document_draft" VALUES(2,'t_Precizie','2');
INSERT INTO "document_draft" VALUES(2,'Furnizor_denumire','');
INSERT INTO "document_draft" VALUES(2,'Tara','');
INSERT INTO "document_draft" VALUES(2,'Adresa','');
INSERT INTO "document_draft" VALUES(2,'t_Comisie_receptie','');
INSERT INTO "document_draft" VALUES(2,'E-mail','');
INSERT INTO "document_draft" VALUES(2,'t_PrimitorGestiuneId','21');
INSERT INTO "document_draft" VALUES(2,'IBAN','');
INSERT INTO "document_draft" VALUES(2,'Predator_Tip','0');
INSERT INTO "document_draft" VALUES(2,'Cod Furnizor','');
INSERT INTO "document_draft" VALUES(2,'Angajat_Cnp','');
INSERT INTO "document_draft" VALUES(2,'t_SerieId','0');
INSERT INTO "document_draft" VALUES(2,'t_PredatorGestiuneId','0');
INSERT INTO "document_draft" VALUES(2,'t_Mentiuni','');
INSERT INTO "document_draft" VALUES(2,'t_tipNrDoc','a');
INSERT INTO "document_draft" VALUES(2,'PrintId','6');
CREATE TABLE document_draft_row(  id          integer NOT NULL ,  DD_key      integer NOT NULL,  key         character NOT NULL,   value       character NOT NULL);
INSERT INTO "document_draft_row" VALUES(1,1,'cod_articol','006R01238');
INSERT INTO "document_draft_row" VALUES(1,1,'U.M.','buc');
INSERT INTO "document_draft_row" VALUES(1,1,'index_list','0');
INSERT INTO "document_draft_row" VALUES(1,1,'factura_id','0');
INSERT INTO "document_draft_row" VALUES(1,1,'ProformaArticolId','0');
INSERT INTO "document_draft_row" VALUES(1,1,'AdaosProcent','0');
INSERT INTO "document_draft_row" VALUES(1,1,'Pret vanzare','0');
INSERT INTO "document_draft_row" VALUES(1,1,'Cantitate','2.00');
INSERT INTO "document_draft_row" VALUES(1,1,'Discount','false');
INSERT INTO "document_draft_row" VALUES(1,1,'Denumire produs','TONER 6204');
INSERT INTO "document_draft_row" VALUES(1,1,'FaStornataId','-1');
INSERT INTO "document_draft_row" VALUES(1,1,'articol_tradus','');
INSERT INTO "document_draft_row" VALUES(1,1,'id_articol','416');
INSERT INTO "document_draft_row" VALUES(1,1,'Gestiune predatoare','XEROGRAFICA');
INSERT INTO "document_draft_row" VALUES(1,1,'cu_tva','¿Ä');
INSERT INTO "document_draft_row" VALUES(1,1,'isServiciu','0');
INSERT INTO "document_draft_row" VALUES(1,1,'cantitateInventar','2.00');
INSERT INTO "document_draft_row" VALUES(1,1,'pret unitar','');
INSERT INTO "document_draft_row" VALUES(1,1,'Cote TVA','24');
INSERT INTO "document_draft_row" VALUES(1,1,'insert','¿Ä');
INSERT INTO "document_draft_row" VALUES(1,1,'AvizArticolId','0');
INSERT INTO "document_draft_row" VALUES(1,1,'um_tradus','');
INSERT INTO "document_draft_row" VALUES(1,1,'tva_id','13');
INSERT INTO "document_draft_row" VALUES(1,1,'storno_id','0');
INSERT INTO "document_draft_row" VALUES(2,1,'cod_articol','0215');
INSERT INTO "document_draft_row" VALUES(2,1,'U.M.','buc');
INSERT INTO "document_draft_row" VALUES(2,1,'index_list','1');
INSERT INTO "document_draft_row" VALUES(2,1,'factura_id','0');
INSERT INTO "document_draft_row" VALUES(2,1,'ProformaArticolId','0');
INSERT INTO "document_draft_row" VALUES(2,1,'AdaosProcent','0');
INSERT INTO "document_draft_row" VALUES(2,1,'Pret vanzare','0');
INSERT INTO "document_draft_row" VALUES(2,1,'Cantitate','30.00');
INSERT INTO "document_draft_row" VALUES(2,1,'Discount','false');
INSERT INTO "document_draft_row" VALUES(2,1,'Denumire produs','BIBLIORAFT A4, 75MM, AKKO');
INSERT INTO "document_draft_row" VALUES(2,1,'FaStornataId','-1');
INSERT INTO "document_draft_row" VALUES(2,1,'articol_tradus','');
INSERT INTO "document_draft_row" VALUES(2,1,'id_articol','428');
INSERT INTO "document_draft_row" VALUES(2,1,'Gestiune predatoare','XEROGRAFICA');
INSERT INTO "document_draft_row" VALUES(2,1,'cu_tva','¿Ä');
INSERT INTO "document_draft_row" VALUES(2,1,'isServiciu','0');
INSERT INTO "document_draft_row" VALUES(2,1,'cantitateInventar','30.00');
INSERT INTO "document_draft_row" VALUES(2,1,'pret unitar','');
INSERT INTO "document_draft_row" VALUES(2,1,'Cote TVA','24');
INSERT INTO "document_draft_row" VALUES(2,1,'insert','¿Ä');
INSERT INTO "document_draft_row" VALUES(2,1,'AvizArticolId','0');
INSERT INTO "document_draft_row" VALUES(2,1,'um_tradus','');
INSERT INTO "document_draft_row" VALUES(2,1,'tva_id','13');
INSERT INTO "document_draft_row" VALUES(2,1,'storno_id','0');
INSERT INTO "document_draft_row" VALUES(4,1,'cod_articol','0246');
INSERT INTO "document_draft_row" VALUES(4,1,'U.M.','buc');
INSERT INTO "document_draft_row" VALUES(4,1,'index_list','2');
INSERT INTO "document_draft_row" VALUES(4,1,'factura_id','0');
INSERT INTO "document_draft_row" VALUES(4,1,'ProformaArticolId','0');
INSERT INTO "document_draft_row" VALUES(4,1,'AdaosProcent','0');
INSERT INTO "document_draft_row" VALUES(4,1,'Pret vanzare','0');
INSERT INTO "document_draft_row" VALUES(4,1,'Cantitate','94.00');
INSERT INTO "document_draft_row" VALUES(4,1,'Discount','false');
INSERT INTO "document_draft_row" VALUES(4,1,'Denumire produs','DOSAR PVC SINA NOKY');
INSERT INTO "document_draft_row" VALUES(4,1,'FaStornataId','-1');
INSERT INTO "document_draft_row" VALUES(4,1,'articol_tradus','');
INSERT INTO "document_draft_row" VALUES(4,1,'id_articol','430');
INSERT INTO "document_draft_row" VALUES(4,1,'Gestiune predatoare','XEROGRAFICA');
INSERT INTO "document_draft_row" VALUES(4,1,'cu_tva','¿Ä');
INSERT INTO "document_draft_row" VALUES(4,1,'isServiciu','0');
INSERT INTO "document_draft_row" VALUES(4,1,'cantitateInventar','94.00');
INSERT INTO "document_draft_row" VALUES(4,1,'pret unitar','');
INSERT INTO "document_draft_row" VALUES(4,1,'Cote TVA','24');
INSERT INTO "document_draft_row" VALUES(4,1,'insert','¿Ä');
INSERT INTO "document_draft_row" VALUES(4,1,'AvizArticolId','0');
INSERT INTO "document_draft_row" VALUES(4,1,'um_tradus','');
INSERT INTO "document_draft_row" VALUES(4,1,'tva_id','13');
INSERT INTO "document_draft_row" VALUES(4,1,'storno_id','0');
INSERT INTO "document_draft_row" VALUES(7,1,'cod_articol','0635');
INSERT INTO "document_draft_row" VALUES(7,1,'U.M.','buc');
INSERT INTO "document_draft_row" VALUES(7,1,'index_list','3');
INSERT INTO "document_draft_row" VALUES(7,1,'factura_id','0');
INSERT INTO "document_draft_row" VALUES(7,1,'ProformaArticolId','0');
INSERT INTO "document_draft_row" VALUES(7,1,'AdaosProcent','0');
INSERT INTO "document_draft_row" VALUES(7,1,'Pret vanzare','0');
INSERT INTO "document_draft_row" VALUES(7,1,'Cantitate','400.00');
INSERT INTO "document_draft_row" VALUES(7,1,'Discount','false');
INSERT INTO "document_draft_row" VALUES(7,1,'Denumire produs','SEPARATOR CARTON COLOR');
INSERT INTO "document_draft_row" VALUES(7,1,'FaStornataId','-1');
INSERT INTO "document_draft_row" VALUES(7,1,'articol_tradus','');
INSERT INTO "document_draft_row" VALUES(7,1,'id_articol','432');
INSERT INTO "document_draft_row" VALUES(7,1,'Gestiune predatoare','XEROGRAFICA');
INSERT INTO "document_draft_row" VALUES(7,1,'cu_tva','¿Ä');
INSERT INTO "document_draft_row" VALUES(7,1,'isServiciu','0');
INSERT INTO "document_draft_row" VALUES(7,1,'cantitateInventar','400.00');
INSERT INTO "document_draft_row" VALUES(7,1,'pret unitar','');
INSERT INTO "document_draft_row" VALUES(7,1,'Cote TVA','24');
INSERT INTO "document_draft_row" VALUES(7,1,'insert','¿Ä');
INSERT INTO "document_draft_row" VALUES(7,1,'AvizArticolId','0');
INSERT INTO "document_draft_row" VALUES(7,1,'um_tradus','');
INSERT INTO "document_draft_row" VALUES(7,1,'tva_id','13');
INSERT INTO "document_draft_row" VALUES(7,1,'storno_id','0');
INSERT INTO "document_draft_row" VALUES(11,1,'cod_articol','10314');
INSERT INTO "document_draft_row" VALUES(11,1,'U.M.','buc');
INSERT INTO "document_draft_row" VALUES(11,1,'index_list','4');
INSERT INTO "document_draft_row" VALUES(11,1,'factura_id','0');
INSERT INTO "document_draft_row" VALUES(11,1,'ProformaArticolId','0');
INSERT INTO "document_draft_row" VALUES(11,1,'AdaosProcent','0');
INSERT INTO "document_draft_row" VALUES(11,1,'Pret vanzare','0');
INSERT INTO "document_draft_row" VALUES(11,1,'Cantitate','163.00');
INSERT INTO "document_draft_row" VALUES(11,1,'Discount','false');
INSERT INTO "document_draft_row" VALUES(11,1,'Denumire produs','PLIC CD');
INSERT INTO "document_draft_row" VALUES(11,1,'FaStornataId','-1');
INSERT INTO "document_draft_row" VALUES(11,1,'articol_tradus','');
INSERT INTO "document_draft_row" VALUES(11,1,'id_articol','403');
INSERT INTO "document_draft_row" VALUES(11,1,'Gestiune predatoare','XEROGRAFICA');
INSERT INTO "document_draft_row" VALUES(11,1,'cu_tva','¿Ä');
INSERT INTO "document_draft_row" VALUES(11,1,'isServiciu','0');
INSERT INTO "document_draft_row" VALUES(11,1,'cantitateInventar','163.00');
INSERT INTO "document_draft_row" VALUES(11,1,'pret unitar','');
INSERT INTO "document_draft_row" VALUES(11,1,'Cote TVA','24');
INSERT INTO "document_draft_row" VALUES(11,1,'insert','¿Ä');
INSERT INTO "document_draft_row" VALUES(11,1,'AvizArticolId','0');
INSERT INTO "document_draft_row" VALUES(11,1,'um_tradus','');
INSERT INTO "document_draft_row" VALUES(11,1,'tva_id','13');
INSERT INTO "document_draft_row" VALUES(11,1,'storno_id','0');
INSERT INTO "document_draft_row" VALUES(16,1,'cod_articol','10394');
INSERT INTO "document_draft_row" VALUES(16,1,'U.M.','buc');
INSERT INTO "document_draft_row" VALUES(16,1,'index_list','5');
INSERT INTO "document_draft_row" VALUES(16,1,'factura_id','0');
INSERT INTO "document_draft_row" VALUES(16,1,'ProformaArticolId','0');
INSERT INTO "document_draft_row" VALUES(16,1,'AdaosProcent','0');
INSERT INTO "document_draft_row" VALUES(16,1,'Pret vanzare','0');
INSERT INTO "document_draft_row" VALUES(16,1,'Cantitate','163.00');
INSERT INTO "document_draft_row" VALUES(16,1,'Discount','false');
INSERT INTO "document_draft_row" VALUES(16,1,'Denumire produs','CD VERBATIM EXTRA');
INSERT INTO "document_draft_row" VALUES(16,1,'FaStornataId','-1');
INSERT INTO "document_draft_row" VALUES(16,1,'articol_tradus','');
INSERT INTO "document_draft_row" VALUES(16,1,'id_articol','404');
INSERT INTO "document_draft_row" VALUES(16,1,'Gestiune predatoare','XEROGRAFICA');
INSERT INTO "document_draft_row" VALUES(16,1,'cu_tva','¿Ä');
INSERT INTO "document_draft_row" VALUES(16,1,'isServiciu','0');
INSERT INTO "document_draft_row" VALUES(16,1,'cantitateInventar','163.00');
INSERT INTO "document_draft_row" VALUES(16,1,'pret unitar','');
INSERT INTO "document_draft_row" VALUES(16,1,'Cote TVA','24');
INSERT INTO "document_draft_row" VALUES(16,1,'insert','¿Ä');
INSERT INTO "document_draft_row" VALUES(16,1,'AvizArticolId','0');
INSERT INTO "document_draft_row" VALUES(16,1,'um_tradus','');
INSERT INTO "document_draft_row" VALUES(16,1,'tva_id','13');
INSERT INTO "document_draft_row" VALUES(16,1,'storno_id','0');
INSERT INTO "document_draft_row" VALUES(22,1,'cod_articol','10658');
INSERT INTO "document_draft_row" VALUES(22,1,'U.M.','buc');
INSERT INTO "document_draft_row" VALUES(22,1,'index_list','6');
INSERT INTO "document_draft_row" VALUES(22,1,'factura_id','0');
INSERT INTO "document_draft_row" VALUES(22,1,'ProformaArticolId','0');
INSERT INTO "document_draft_row" VALUES(22,1,'AdaosProcent','0');
INSERT INTO "document_draft_row" VALUES(22,1,'Pret vanzare','0');
INSERT INTO "document_draft_row" VALUES(22,1,'Cantitate','35.00');
INSERT INTO "document_draft_row" VALUES(22,1,'Discount','false');
INSERT INTO "document_draft_row" VALUES(22,1,'Denumire produs','BIBLIORAFT MARMORAT');
INSERT INTO "document_draft_row" VALUES(22,1,'FaStornataId','-1');
INSERT INTO "document_draft_row" VALUES(22,1,'articol_tradus','');
INSERT INTO "document_draft_row" VALUES(22,1,'id_articol','405');
INSERT INTO "document_draft_row" VALUES(22,1,'Gestiune predatoare','XEROGRAFICA');
INSERT INTO "document_draft_row" VALUES(22,1,'cu_tva','¿Ä');
INSERT INTO "document_draft_row" VALUES(22,1,'isServiciu','0');
INSERT INTO "document_draft_row" VALUES(22,1,'cantitateInventar','35.00');
INSERT INTO "document_draft_row" VALUES(22,1,'pret unitar','');
INSERT INTO "document_draft_row" VALUES(22,1,'Cote TVA','24');
INSERT INTO "document_draft_row" VALUES(22,1,'insert','¿Ä');
INSERT INTO "document_draft_row" VALUES(22,1,'AvizArticolId','0');
INSERT INTO "document_draft_row" VALUES(22,1,'um_tradus','');
INSERT INTO "document_draft_row" VALUES(22,1,'tva_id','13');
INSERT INTO "document_draft_row" VALUES(22,1,'storno_id','0');
INSERT INTO "document_draft_row" VALUES(29,1,'cod_articol','11452');
INSERT INTO "document_draft_row" VALUES(29,1,'U.M.','BUC');
INSERT INTO "document_draft_row" VALUES(29,1,'index_list','7');
INSERT INTO "document_draft_row" VALUES(29,1,'factura_id','0');
INSERT INTO "document_draft_row" VALUES(29,1,'ProformaArticolId','0');
INSERT INTO "document_draft_row" VALUES(29,1,'AdaosProcent','0');
INSERT INTO "document_draft_row" VALUES(29,1,'Pret vanzare','0');
INSERT INTO "document_draft_row" VALUES(29,1,'Cantitate','5.00');
INSERT INTO "document_draft_row" VALUES(29,1,'Discount','false');
INSERT INTO "document_draft_row" VALUES(29,1,'Denumire produs','PLIC DL');
INSERT INTO "document_draft_row" VALUES(29,1,'FaStornataId','-1');
INSERT INTO "document_draft_row" VALUES(29,1,'articol_tradus','');
INSERT INTO "document_draft_row" VALUES(29,1,'id_articol','438');
INSERT INTO "document_draft_row" VALUES(29,1,'Gestiune predatoare','XEROGRAFICA');
INSERT INTO "document_draft_row" VALUES(29,1,'cu_tva','¿Ä');
INSERT INTO "document_draft_row" VALUES(29,1,'isServiciu','0');
INSERT INTO "document_draft_row" VALUES(29,1,'cantitateInventar','5.00');
INSERT INTO "document_draft_row" VALUES(29,1,'pret unitar','');
INSERT INTO "document_draft_row" VALUES(29,1,'Cote TVA','24');
INSERT INTO "document_draft_row" VALUES(29,1,'insert','¿Ä');
INSERT INTO "document_draft_row" VALUES(29,1,'AvizArticolId','0');
INSERT INTO "document_draft_row" VALUES(29,1,'um_tradus','');
INSERT INTO "document_draft_row" VALUES(29,1,'tva_id','13');
INSERT INTO "document_draft_row" VALUES(29,1,'storno_id','0');
INSERT INTO "document_draft_row" VALUES(37,1,'cod_articol','12269');
INSERT INTO "document_draft_row" VALUES(37,1,'U.M.','BUC');
INSERT INTO "document_draft_row" VALUES(37,1,'index_list','8');
INSERT INTO "document_draft_row" VALUES(37,1,'factura_id','0');
INSERT INTO "document_draft_row" VALUES(37,1,'ProformaArticolId','0');
INSERT INTO "document_draft_row" VALUES(37,1,'AdaosProcent','0');
INSERT INTO "document_draft_row" VALUES(37,1,'Pret vanzare','0');
INSERT INTO "document_draft_row" VALUES(37,1,'Cantitate','11.47');
INSERT INTO "document_draft_row" VALUES(37,1,'Discount','false');
INSERT INTO "document_draft_row" VALUES(37,1,'Denumire produs','CALENDAR BIROU');
INSERT INTO "document_draft_row" VALUES(37,1,'FaStornataId','-1');
INSERT INTO "document_draft_row" VALUES(37,1,'articol_tradus','');
INSERT INTO "document_draft_row" VALUES(37,1,'id_articol','458');
INSERT INTO "document_draft_row" VALUES(37,1,'Gestiune predatoare','XEROGRAFICA');
INSERT INTO "document_draft_row" VALUES(37,1,'cu_tva','¿Ä');
INSERT INTO "document_draft_row" VALUES(37,1,'isServiciu','0');
INSERT INTO "document_draft_row" VALUES(37,1,'cantitateInventar','11.47');
INSERT INTO "document_draft_row" VALUES(37,1,'pret unitar','');
INSERT INTO "document_draft_row" VALUES(37,1,'Cote TVA','24');
INSERT INTO "document_draft_row" VALUES(37,1,'insert','¿Ä');
INSERT INTO "document_draft_row" VALUES(37,1,'AvizArticolId','0');
INSERT INTO "document_draft_row" VALUES(37,1,'um_tradus','');
INSERT INTO "document_draft_row" VALUES(37,1,'tva_id','13');
INSERT INTO "document_draft_row" VALUES(37,1,'storno_id','0');
INSERT INTO "document_draft_row" VALUES(46,1,'cod_articol','12551');
INSERT INTO "document_draft_row" VALUES(46,1,'U.M.','top');
INSERT INTO "document_draft_row" VALUES(46,1,'index_list','9');
INSERT INTO "document_draft_row" VALUES(46,1,'factura_id','0');
INSERT INTO "document_draft_row" VALUES(46,1,'ProformaArticolId','0');
INSERT INTO "document_draft_row" VALUES(46,1,'AdaosProcent','0');
INSERT INTO "document_draft_row" VALUES(46,1,'Pret vanzare','0');
INSERT INTO "document_draft_row" VALUES(46,1,'Cantitate','1.00');
INSERT INTO "document_draft_row" VALUES(46,1,'Discount','false');
INSERT INTO "document_draft_row" VALUES(46,1,'Denumire produs','HARTIE A3 ABSOLUT');
INSERT INTO "document_draft_row" VALUES(46,1,'FaStornataId','-1');
INSERT INTO "document_draft_row" VALUES(46,1,'articol_tradus','');
INSERT INTO "document_draft_row" VALUES(46,1,'id_articol','406');
INSERT INTO "document_draft_row" VALUES(46,1,'Gestiune predatoare','XEROGRAFICA');
INSERT INTO "document_draft_row" VALUES(46,1,'cu_tva','¿Ä');
INSERT INTO "document_draft_row" VALUES(46,1,'isServiciu','0');
INSERT INTO "document_draft_row" VALUES(46,1,'cantitateInventar','1.00');
INSERT INTO "document_draft_row" VALUES(46,1,'pret unitar','');
INSERT INTO "document_draft_row" VALUES(46,1,'Cote TVA','24');
INSERT INTO "document_draft_row" VALUES(46,1,'insert','¿Ä');
INSERT INTO "document_draft_row" VALUES(46,1,'AvizArticolId','0');
INSERT INTO "document_draft_row" VALUES(46,1,'um_tradus','');
INSERT INTO "document_draft_row" VALUES(46,1,'tva_id','13');
INSERT INTO "document_draft_row" VALUES(46,1,'storno_id','0');
INSERT INTO "document_draft_row" VALUES(56,1,'cod_articol','13187');
INSERT INTO "document_draft_row" VALUES(56,1,'U.M.','top');
INSERT INTO "document_draft_row" VALUES(56,1,'index_list','10');
INSERT INTO "document_draft_row" VALUES(56,1,'factura_id','0');
INSERT INTO "document_draft_row" VALUES(56,1,'ProformaArticolId','0');
INSERT INTO "document_draft_row" VALUES(56,1,'AdaosProcent','0');
INSERT INTO "document_draft_row" VALUES(56,1,'Pret vanzare','0');
INSERT INTO "document_draft_row" VALUES(56,1,'Cantitate','50.00');
INSERT INTO "document_draft_row" VALUES(56,1,'Discount','false');
INSERT INTO "document_draft_row" VALUES(56,1,'Denumire produs','HARTIE A4 ABSOLUT');
INSERT INTO "document_draft_row" VALUES(56,1,'FaStornataId','-1');
INSERT INTO "document_draft_row" VALUES(56,1,'articol_tradus','');
INSERT INTO "document_draft_row" VALUES(56,1,'id_articol','407');
INSERT INTO "document_draft_row" VALUES(56,1,'Gestiune predatoare','XEROGRAFICA');
INSERT INTO "document_draft_row" VALUES(56,1,'cu_tva','¿Ä');
INSERT INTO "document_draft_row" VALUES(56,1,'isServiciu','0');
INSERT INTO "document_draft_row" VALUES(56,1,'cantitateInventar','50.00');
INSERT INTO "document_draft_row" VALUES(56,1,'pret unitar','');
INSERT INTO "document_draft_row" VALUES(56,1,'Cote TVA','24');
INSERT INTO "document_draft_row" VALUES(56,1,'insert','¿Ä');
INSERT INTO "document_draft_row" VALUES(56,1,'AvizArticolId','0');
INSERT INTO "document_draft_row" VALUES(56,1,'um_tradus','');
INSERT INTO "document_draft_row" VALUES(56,1,'tva_id','13');
INSERT INTO "document_draft_row" VALUES(56,1,'storno_id','0');
INSERT INTO "document_draft_row" VALUES(67,1,'cod_articol','1581');
INSERT INTO "document_draft_row" VALUES(67,1,'U.M.','buc');
INSERT INTO "document_draft_row" VALUES(67,1,'index_list','11');
INSERT INTO "document_draft_row" VALUES(67,1,'factura_id','0');
INSERT INTO "document_draft_row" VALUES(67,1,'ProformaArticolId','0');
INSERT INTO "document_draft_row" VALUES(67,1,'AdaosProcent','0');
INSERT INTO "document_draft_row" VALUES(67,1,'Pret vanzare','0');
INSERT INTO "document_draft_row" VALUES(67,1,'Cantitate','100.00');
INSERT INTO "document_draft_row" VALUES(67,1,'Discount','false');
INSERT INTO "document_draft_row" VALUES(67,1,'Denumire produs','CD VERBATIM');
INSERT INTO "document_draft_row" VALUES(67,1,'FaStornataId','-1');
INSERT INTO "document_draft_row" VALUES(67,1,'articol_tradus','');
INSERT INTO "document_draft_row" VALUES(67,1,'id_articol','433');
INSERT INTO "document_draft_row" VALUES(67,1,'Gestiune predatoare','XEROGRAFICA');
INSERT INTO "document_draft_row" VALUES(67,1,'cu_tva','¿Ä');
INSERT INTO "document_draft_row" VALUES(67,1,'isServiciu','0');
INSERT INTO "document_draft_row" VALUES(67,1,'cantitateInventar','100.00');
INSERT INTO "document_draft_row" VALUES(67,1,'pret unitar','');
INSERT INTO "document_draft_row" VALUES(67,1,'Cote TVA','24');
INSERT INTO "document_draft_row" VALUES(67,1,'insert','¿Ä');
INSERT INTO "document_draft_row" VALUES(67,1,'AvizArticolId','0');
INSERT INTO "document_draft_row" VALUES(67,1,'um_tradus','');
INSERT INTO "document_draft_row" VALUES(67,1,'tva_id','13');
INSERT INTO "document_draft_row" VALUES(67,1,'storno_id','0');
INSERT INTO "document_draft_row" VALUES(79,1,'cod_articol','243485');
INSERT INTO "document_draft_row" VALUES(79,1,'U.M.','rola');
INSERT INTO "document_draft_row" VALUES(79,1,'index_list','12');
INSERT INTO "document_draft_row" VALUES(79,1,'factura_id','0');
INSERT INTO "document_draft_row" VALUES(79,1,'ProformaArticolId','0');
INSERT INTO "document_draft_row" VALUES(79,1,'AdaosProcent','0');
INSERT INTO "document_draft_row" VALUES(79,1,'Pret vanzare','0');
INSERT INTO "document_draft_row" VALUES(79,1,'Cantitate','9.00');
INSERT INTO "document_draft_row" VALUES(79,1,'Discount','false');
INSERT INTO "document_draft_row" VALUES(79,1,'Denumire produs','M-JET COPY 80G, 841, 3" BLACK');
INSERT INTO "document_draft_row" VALUES(79,1,'FaStornataId','-1');
INSERT INTO "document_draft_row" VALUES(79,1,'articol_tradus','');
INSERT INTO "document_draft_row" VALUES(79,1,'id_articol','408');
INSERT INTO "document_draft_row" VALUES(79,1,'Gestiune predatoare','XEROGRAFICA');
INSERT INTO "document_draft_row" VALUES(79,1,'cu_tva','¿Ä');
INSERT INTO "document_draft_row" VALUES(79,1,'isServiciu','0');
INSERT INTO "document_draft_row" VALUES(79,1,'cantitateInventar','9.00');
INSERT INTO "document_draft_row" VALUES(79,1,'pret unitar','');
INSERT INTO "document_draft_row" VALUES(79,1,'Cote TVA','24');
INSERT INTO "document_draft_row" VALUES(79,1,'insert','¿Ä');
INSERT INTO "document_draft_row" VALUES(79,1,'AvizArticolId','0');
INSERT INTO "document_draft_row" VALUES(79,1,'um_tradus','');
INSERT INTO "document_draft_row" VALUES(79,1,'tva_id','13');
INSERT INTO "document_draft_row" VALUES(79,1,'storno_id','0');
INSERT INTO "document_draft_row" VALUES(92,1,'cod_articol','243495');
INSERT INTO "document_draft_row" VALUES(92,1,'U.M.','rola');
INSERT INTO "document_draft_row" VALUES(92,1,'index_list','13');
INSERT INTO "document_draft_row" VALUES(92,1,'factura_id','0');
INSERT INTO "document_draft_row" VALUES(92,1,'ProformaArticolId','0');
INSERT INTO "document_draft_row" VALUES(92,1,'AdaosProcent','0');
INSERT INTO "document_draft_row" VALUES(92,1,'Pret vanzare','0');
INSERT INTO "document_draft_row" VALUES(92,1,'Cantitate','3.00');
INSERT INTO "document_draft_row" VALUES(92,1,'Discount','false');
INSERT INTO "document_draft_row" VALUES(92,1,'Denumire produs','M-JET COPY 80G, 594, 3" BLACK');
INSERT INTO "document_draft_row" VALUES(92,1,'FaStornataId','-1');
INSERT INTO "document_draft_row" VALUES(92,1,'articol_tradus','');
INSERT INTO "document_draft_row" VALUES(92,1,'id_articol','409');
INSERT INTO "document_draft_row" VALUES(92,1,'Gestiune predatoare','XEROGRAFICA');
INSERT INTO "document_draft_row" VALUES(92,1,'cu_tva','¿Ä');
INSERT INTO "document_draft_row" VALUES(92,1,'isServiciu','0');
INSERT INTO "document_draft_row" VALUES(92,1,'cantitateInventar','3.00');
INSERT INTO "document_draft_row" VALUES(92,1,'pret unitar','');
INSERT INTO "document_draft_row" VALUES(92,1,'Cote TVA','24');
INSERT INTO "document_draft_row" VALUES(92,1,'insert','¿Ä');
INSERT INTO "document_draft_row" VALUES(92,1,'AvizArticolId','0');
INSERT INTO "document_draft_row" VALUES(92,1,'um_tradus','');
INSERT INTO "document_draft_row" VALUES(92,1,'tva_id','13');
INSERT INTO "document_draft_row" VALUES(92,1,'storno_id','0');
INSERT INTO "document_draft_row" VALUES(106,1,'cod_articol','243497');
INSERT INTO "document_draft_row" VALUES(106,1,'U.M.','rola');
INSERT INTO "document_draft_row" VALUES(106,1,'index_list','14');
INSERT INTO "document_draft_row" VALUES(106,1,'factura_id','0');
INSERT INTO "document_draft_row" VALUES(106,1,'ProformaArticolId','0');
INSERT INTO "document_draft_row" VALUES(106,1,'AdaosProcent','0');
INSERT INTO "document_draft_row" VALUES(106,1,'Pret vanzare','0');
INSERT INTO "document_draft_row" VALUES(106,1,'Cantitate','2.00');
INSERT INTO "document_draft_row" VALUES(106,1,'Discount','false');
INSERT INTO "document_draft_row" VALUES(106,1,'Denumire produs','M-JET COPY 80G, 420, 3" BLACK');
INSERT INTO "document_draft_row" VALUES(106,1,'FaStornataId','-1');
INSERT INTO "document_draft_row" VALUES(106,1,'articol_tradus','');
INSERT INTO "document_draft_row" VALUES(106,1,'id_articol','410');
INSERT INTO "document_draft_row" VALUES(106,1,'Gestiune predatoare','XEROGRAFICA');
INSERT INTO "document_draft_row" VALUES(106,1,'cu_tva','¿Ä');
INSERT INTO "document_draft_row" VALUES(106,1,'isServiciu','0');
INSERT INTO "document_draft_row" VALUES(106,1,'cantitateInventar','2.00');
INSERT INTO "document_draft_row" VALUES(106,1,'pret unitar','');
INSERT INTO "document_draft_row" VALUES(106,1,'Cote TVA','24');
INSERT INTO "document_draft_row" VALUES(106,1,'insert','¿Ä');
INSERT INTO "document_draft_row" VALUES(106,1,'AvizArticolId','0');
INSERT INTO "document_draft_row" VALUES(106,1,'um_tradus','');
INSERT INTO "document_draft_row" VALUES(106,1,'tva_id','13');
INSERT INTO "document_draft_row" VALUES(106,1,'storno_id','0');
INSERT INTO "document_draft_row" VALUES(121,1,'cod_articol','243499');
INSERT INTO "document_draft_row" VALUES(121,1,'U.M.','rola');
INSERT INTO "document_draft_row" VALUES(121,1,'index_list','15');
INSERT INTO "document_draft_row" VALUES(121,1,'factura_id','0');
INSERT INTO "document_draft_row" VALUES(121,1,'ProformaArticolId','0');
INSERT INTO "document_draft_row" VALUES(121,1,'AdaosProcent','0');
INSERT INTO "document_draft_row" VALUES(121,1,'Pret vanzare','0');
INSERT INTO "document_draft_row" VALUES(121,1,'Cantitate','4.00');
INSERT INTO "document_draft_row" VALUES(121,1,'Discount','false');
INSERT INTO "document_draft_row" VALUES(121,1,'Denumire produs','M-JET COPY 80G, 297, 3"  BLACK');
INSERT INTO "document_draft_row" VALUES(121,1,'FaStornataId','-1');
INSERT INTO "document_draft_row" VALUES(121,1,'articol_tradus','');
INSERT INTO "document_draft_row" VALUES(121,1,'id_articol','439');
INSERT INTO "document_draft_row" VALUES(121,1,'Gestiune predatoare','XEROGRAFICA');
INSERT INTO "document_draft_row" VALUES(121,1,'cu_tva','¿Ä');
INSERT INTO "document_draft_row" VALUES(121,1,'isServiciu','0');
INSERT INTO "document_draft_row" VALUES(121,1,'cantitateInventar','4.00');
INSERT INTO "document_draft_row" VALUES(121,1,'pret unitar','');
INSERT INTO "document_draft_row" VALUES(121,1,'Cote TVA','24');
INSERT INTO "document_draft_row" VALUES(121,1,'insert','¿Ä');
INSERT INTO "document_draft_row" VALUES(121,1,'AvizArticolId','0');
INSERT INTO "document_draft_row" VALUES(121,1,'um_tradus','');
INSERT INTO "document_draft_row" VALUES(121,1,'tva_id','13');
INSERT INTO "document_draft_row" VALUES(121,1,'storno_id','0');
INSERT INTO "document_draft_row" VALUES(137,1,'cod_articol','243506');
INSERT INTO "document_draft_row" VALUES(137,1,'U.M.','rola');
INSERT INTO "document_draft_row" VALUES(137,1,'index_list','16');
INSERT INTO "document_draft_row" VALUES(137,1,'factura_id','0');
INSERT INTO "document_draft_row" VALUES(137,1,'ProformaArticolId','0');
INSERT INTO "document_draft_row" VALUES(137,1,'AdaosProcent','0');
INSERT INTO "document_draft_row" VALUES(137,1,'Pret vanzare','0');
INSERT INTO "document_draft_row" VALUES(137,1,'Cantitate','1.00');
INSERT INTO "document_draft_row" VALUES(137,1,'Discount','false');
INSERT INTO "document_draft_row" VALUES(137,1,'Denumire produs','M-JET COPY 80G, 914, 2" COLOR');
INSERT INTO "document_draft_row" VALUES(137,1,'FaStornataId','-1');
INSERT INTO "document_draft_row" VALUES(137,1,'articol_tradus','');
INSERT INTO "document_draft_row" VALUES(137,1,'id_articol','411');
INSERT INTO "document_draft_row" VALUES(137,1,'Gestiune predatoare','XEROGRAFICA');
INSERT INTO "document_draft_row" VALUES(137,1,'cu_tva','¿Ä');
INSERT INTO "document_draft_row" VALUES(137,1,'isServiciu','0');
INSERT INTO "document_draft_row" VALUES(137,1,'cantitateInventar','1.00');
INSERT INTO "document_draft_row" VALUES(137,1,'pret unitar','');
INSERT INTO "document_draft_row" VALUES(137,1,'Cote TVA','24');
INSERT INTO "document_draft_row" VALUES(137,1,'insert','¿Ä');
INSERT INTO "document_draft_row" VALUES(137,1,'AvizArticolId','0');
INSERT INTO "document_draft_row" VALUES(137,1,'um_tradus','');
INSERT INTO "document_draft_row" VALUES(137,1,'tva_id','13');
INSERT INTO "document_draft_row" VALUES(137,1,'storno_id','0');
INSERT INTO "document_draft_row" VALUES(154,1,'cod_articol','243510');
INSERT INTO "document_draft_row" VALUES(154,1,'U.M.','rola');
INSERT INTO "document_draft_row" VALUES(154,1,'index_list','17');
INSERT INTO "document_draft_row" VALUES(154,1,'factura_id','0');
INSERT INTO "document_draft_row" VALUES(154,1,'ProformaArticolId','0');
INSERT INTO "document_draft_row" VALUES(154,1,'AdaosProcent','0');
INSERT INTO "document_draft_row" VALUES(154,1,'Pret vanzare','0');
INSERT INTO "document_draft_row" VALUES(154,1,'Cantitate','1.00');
INSERT INTO "document_draft_row" VALUES(154,1,'Discount','false');
INSERT INTO "document_draft_row" VALUES(154,1,'Denumire produs','M-JET COPY 80G, 914, 3" BLACK');
INSERT INTO "document_draft_row" VALUES(154,1,'FaStornataId','-1');
INSERT INTO "document_draft_row" VALUES(154,1,'articol_tradus','');
INSERT INTO "document_draft_row" VALUES(154,1,'id_articol','412');
INSERT INTO "document_draft_row" VALUES(154,1,'Gestiune predatoare','XEROGRAFICA');
INSERT INTO "document_draft_row" VALUES(154,1,'cu_tva','¿Ä');
INSERT INTO "document_draft_row" VALUES(154,1,'isServiciu','0');
INSERT INTO "document_draft_row" VALUES(154,1,'cantitateInventar','1.00');
INSERT INTO "document_draft_row" VALUES(154,1,'pret unitar','');
INSERT INTO "document_draft_row" VALUES(154,1,'Cote TVA','24');
INSERT INTO "document_draft_row" VALUES(154,1,'insert','¿Ä');
INSERT INTO "document_draft_row" VALUES(154,1,'AvizArticolId','0');
INSERT INTO "document_draft_row" VALUES(154,1,'um_tradus','');
INSERT INTO "document_draft_row" VALUES(154,1,'tva_id','13');
INSERT INTO "document_draft_row" VALUES(154,1,'storno_id','0');
INSERT INTO "document_draft_row" VALUES(172,1,'cod_articol','243511');
INSERT INTO "document_draft_row" VALUES(172,1,'U.M.','rola');
INSERT INTO "document_draft_row" VALUES(172,1,'index_list','18');
INSERT INTO "document_draft_row" VALUES(172,1,'factura_id','0');
INSERT INTO "document_draft_row" VALUES(172,1,'ProformaArticolId','0');
INSERT INTO "document_draft_row" VALUES(172,1,'AdaosProcent','0');
INSERT INTO "document_draft_row" VALUES(172,1,'Pret vanzare','0');
INSERT INTO "document_draft_row" VALUES(172,1,'Cantitate','4.00');
INSERT INTO "document_draft_row" VALUES(172,1,'Discount','false');
INSERT INTO "document_draft_row" VALUES(172,1,'Denumire produs','M-JET COPY 80G, 841, 2" COLOR');
INSERT INTO "document_draft_row" VALUES(172,1,'FaStornataId','-1');
INSERT INTO "document_draft_row" VALUES(172,1,'articol_tradus','');
INSERT INTO "document_draft_row" VALUES(172,1,'id_articol','413');
INSERT INTO "document_draft_row" VALUES(172,1,'Gestiune predatoare','XEROGRAFICA');
INSERT INTO "document_draft_row" VALUES(172,1,'cu_tva','¿Ä');
INSERT INTO "document_draft_row" VALUES(172,1,'isServiciu','0');
INSERT INTO "document_draft_row" VALUES(172,1,'cantitateInventar','4.00');
INSERT INTO "document_draft_row" VALUES(172,1,'pret unitar','');
INSERT INTO "document_draft_row" VALUES(172,1,'Cote TVA','24');
INSERT INTO "document_draft_row" VALUES(172,1,'insert','¿Ä');
INSERT INTO "document_draft_row" VALUES(172,1,'AvizArticolId','0');
INSERT INTO "document_draft_row" VALUES(172,1,'um_tradus','');
INSERT INTO "document_draft_row" VALUES(172,1,'tva_id','13');
INSERT INTO "document_draft_row" VALUES(172,1,'storno_id','0');
INSERT INTO "document_draft_row" VALUES(191,1,'cod_articol','243704');
INSERT INTO "document_draft_row" VALUES(191,1,'U.M.','rola');
INSERT INTO "document_draft_row" VALUES(191,1,'index_list','19');
INSERT INTO "document_draft_row" VALUES(191,1,'factura_id','0');
INSERT INTO "document_draft_row" VALUES(191,1,'ProformaArticolId','0');
INSERT INTO "document_draft_row" VALUES(191,1,'AdaosProcent','0');
INSERT INTO "document_draft_row" VALUES(191,1,'Pret vanzare','0');
INSERT INTO "document_draft_row" VALUES(191,1,'Cantitate','2.00');
INSERT INTO "document_draft_row" VALUES(191,1,'Discount','false');
INSERT INTO "document_draft_row" VALUES(191,1,'Denumire produs','M-JET COPY 80G, 594, 2" COLOR');
INSERT INTO "document_draft_row" VALUES(191,1,'FaStornataId','-1');
INSERT INTO "document_draft_row" VALUES(191,1,'articol_tradus','');
INSERT INTO "document_draft_row" VALUES(191,1,'id_articol','414');
INSERT INTO "document_draft_row" VALUES(191,1,'Gestiune predatoare','XEROGRAFICA');
INSERT INTO "document_draft_row" VALUES(191,1,'cu_tva','¿Ä');
INSERT INTO "document_draft_row" VALUES(191,1,'isServiciu','0');
INSERT INTO "document_draft_row" VALUES(191,1,'cantitateInventar','2.00');
INSERT INTO "document_draft_row" VALUES(191,1,'pret unitar','');
INSERT INTO "document_draft_row" VALUES(191,1,'Cote TVA','24');
INSERT INTO "document_draft_row" VALUES(191,1,'insert','¿Ä');
INSERT INTO "document_draft_row" VALUES(191,1,'AvizArticolId','0');
INSERT INTO "document_draft_row" VALUES(191,1,'um_tradus','');
INSERT INTO "document_draft_row" VALUES(191,1,'tva_id','13');
INSERT INTO "document_draft_row" VALUES(191,1,'storno_id','0');
INSERT INTO "document_draft_row" VALUES(211,1,'cod_articol','2832');
INSERT INTO "document_draft_row" VALUES(211,1,'U.M.','buc');
INSERT INTO "document_draft_row" VALUES(211,1,'index_list','20');
INSERT INTO "document_draft_row" VALUES(211,1,'factura_id','0');
INSERT INTO "document_draft_row" VALUES(211,1,'ProformaArticolId','0');
INSERT INTO "document_draft_row" VALUES(211,1,'AdaosProcent','0');
INSERT INTO "document_draft_row" VALUES(211,1,'Pret vanzare','0');
INSERT INTO "document_draft_row" VALUES(211,1,'Cantitate','100.00');
INSERT INTO "document_draft_row" VALUES(211,1,'Discount','false');
INSERT INTO "document_draft_row" VALUES(211,1,'Denumire produs','PLIC SPECIAL CD');
INSERT INTO "document_draft_row" VALUES(211,1,'FaStornataId','-1');
INSERT INTO "document_draft_row" VALUES(211,1,'articol_tradus','');
INSERT INTO "document_draft_row" VALUES(211,1,'id_articol','431');
INSERT INTO "document_draft_row" VALUES(211,1,'Gestiune predatoare','XEROGRAFICA');
INSERT INTO "document_draft_row" VALUES(211,1,'cu_tva','¿Ä');
INSERT INTO "document_draft_row" VALUES(211,1,'isServiciu','0');
INSERT INTO "document_draft_row" VALUES(211,1,'cantitateInventar','100.00');
INSERT INTO "document_draft_row" VALUES(211,1,'pret unitar','');
INSERT INTO "document_draft_row" VALUES(211,1,'Cote TVA','24');
INSERT INTO "document_draft_row" VALUES(211,1,'insert','¿Ä');
INSERT INTO "document_draft_row" VALUES(211,1,'AvizArticolId','0');
INSERT INTO "document_draft_row" VALUES(211,1,'um_tradus','');
INSERT INTO "document_draft_row" VALUES(211,1,'tva_id','13');
INSERT INTO "document_draft_row" VALUES(211,1,'storno_id','0');
INSERT INTO "document_draft_row" VALUES(232,1,'cod_articol','2853');
INSERT INTO "document_draft_row" VALUES(232,1,'U.M.','buc');
INSERT INTO "document_draft_row" VALUES(232,1,'index_list','21');
INSERT INTO "document_draft_row" VALUES(232,1,'factura_id','0');
INSERT INTO "document_draft_row" VALUES(232,1,'ProformaArticolId','0');
INSERT INTO "document_draft_row" VALUES(232,1,'AdaosProcent','0');
INSERT INTO "document_draft_row" VALUES(232,1,'Pret vanzare','0');
INSERT INTO "document_draft_row" VALUES(232,1,'Cantitate','43.00');
INSERT INTO "document_draft_row" VALUES(232,1,'Discount','false');
INSERT INTO "document_draft_row" VALUES(232,1,'Denumire produs','BIBLIORAFT A4, 50MM, AKKO');
INSERT INTO "document_draft_row" VALUES(232,1,'FaStornataId','-1');
INSERT INTO "document_draft_row" VALUES(232,1,'articol_tradus','');
INSERT INTO "document_draft_row" VALUES(232,1,'id_articol','429');
INSERT INTO "document_draft_row" VALUES(232,1,'Gestiune predatoare','XEROGRAFICA');
INSERT INTO "document_draft_row" VALUES(232,1,'cu_tva','¿Ä');
INSERT INTO "document_draft_row" VALUES(232,1,'isServiciu','0');
INSERT INTO "document_draft_row" VALUES(232,1,'cantitateInventar','43.00');
INSERT INTO "document_draft_row" VALUES(232,1,'pret unitar','');
INSERT INTO "document_draft_row" VALUES(232,1,'Cote TVA','24');
INSERT INTO "document_draft_row" VALUES(232,1,'insert','¿Ä');
INSERT INTO "document_draft_row" VALUES(232,1,'AvizArticolId','0');
INSERT INTO "document_draft_row" VALUES(232,1,'um_tradus','');
INSERT INTO "document_draft_row" VALUES(232,1,'tva_id','13');
INSERT INTO "document_draft_row" VALUES(232,1,'storno_id','0');
INSERT INTO "document_draft_row" VALUES(254,1,'cod_articol','450194');
INSERT INTO "document_draft_row" VALUES(254,1,'U.M.','rola');
INSERT INTO "document_draft_row" VALUES(254,1,'index_list','22');
INSERT INTO "document_draft_row" VALUES(254,1,'factura_id','0');
INSERT INTO "document_draft_row" VALUES(254,1,'ProformaArticolId','0');
INSERT INTO "document_draft_row" VALUES(254,1,'AdaosProcent','0');
INSERT INTO "document_draft_row" VALUES(254,1,'Pret vanzare','0');
INSERT INTO "document_draft_row" VALUES(254,1,'Cantitate','1.00');
INSERT INTO "document_draft_row" VALUES(254,1,'Discount','false');
INSERT INTO "document_draft_row" VALUES(254,1,'Denumire produs','M-PHOTO 200G,914');
INSERT INTO "document_draft_row" VALUES(254,1,'FaStornataId','-1');
INSERT INTO "document_draft_row" VALUES(254,1,'articol_tradus','');
INSERT INTO "document_draft_row" VALUES(254,1,'id_articol','415');
INSERT INTO "document_draft_row" VALUES(254,1,'Gestiune predatoare','XEROGRAFICA');
INSERT INTO "document_draft_row" VALUES(254,1,'cu_tva','¿Ä');
INSERT INTO "document_draft_row" VALUES(254,1,'isServiciu','0');
INSERT INTO "document_draft_row" VALUES(254,1,'cantitateInventar','1.00');
INSERT INTO "document_draft_row" VALUES(254,1,'pret unitar','');
INSERT INTO "document_draft_row" VALUES(254,1,'Cote TVA','24');
INSERT INTO "document_draft_row" VALUES(254,1,'insert','¿Ä');
INSERT INTO "document_draft_row" VALUES(254,1,'AvizArticolId','0');
INSERT INTO "document_draft_row" VALUES(254,1,'um_tradus','');
INSERT INTO "document_draft_row" VALUES(254,1,'tva_id','13');
INSERT INTO "document_draft_row" VALUES(254,1,'storno_id','0');
INSERT INTO "document_draft_row" VALUES(277,1,'cod_articol','5370');
INSERT INTO "document_draft_row" VALUES(277,1,'U.M.','top');
INSERT INTO "document_draft_row" VALUES(277,1,'index_list','23');
INSERT INTO "document_draft_row" VALUES(277,1,'factura_id','0');
INSERT INTO "document_draft_row" VALUES(277,1,'ProformaArticolId','0');
INSERT INTO "document_draft_row" VALUES(277,1,'AdaosProcent','0');
INSERT INTO "document_draft_row" VALUES(277,1,'Pret vanzare','0');
INSERT INTO "document_draft_row" VALUES(277,1,'Cantitate','1.00');
INSERT INTO "document_draft_row" VALUES(277,1,'Discount','false');
INSERT INTO "document_draft_row" VALUES(277,1,'Denumire produs','HARTIE SRA3 90G COLOR COPY');
INSERT INTO "document_draft_row" VALUES(277,1,'FaStornataId','-1');
INSERT INTO "document_draft_row" VALUES(277,1,'articol_tradus','');
INSERT INTO "document_draft_row" VALUES(277,1,'id_articol','427');
INSERT INTO "document_draft_row" VALUES(277,1,'Gestiune predatoare','XEROGRAFICA');
INSERT INTO "document_draft_row" VALUES(277,1,'cu_tva','¿Ä');
INSERT INTO "document_draft_row" VALUES(277,1,'isServiciu','0');
INSERT INTO "document_draft_row" VALUES(277,1,'cantitateInventar','1.00');
INSERT INTO "document_draft_row" VALUES(277,1,'pret unitar','');
INSERT INTO "document_draft_row" VALUES(277,1,'Cote TVA','24');
INSERT INTO "document_draft_row" VALUES(277,1,'insert','¿Ä');
INSERT INTO "document_draft_row" VALUES(277,1,'AvizArticolId','0');
INSERT INTO "document_draft_row" VALUES(277,1,'um_tradus','');
INSERT INTO "document_draft_row" VALUES(277,1,'tva_id','13');
INSERT INTO "document_draft_row" VALUES(277,1,'storno_id','0');
INSERT INTO "document_draft_row" VALUES(301,1,'cod_articol','CF2962');
INSERT INTO "document_draft_row" VALUES(301,1,'U.M.','buc');
INSERT INTO "document_draft_row" VALUES(301,1,'index_list','24');
INSERT INTO "document_draft_row" VALUES(301,1,'factura_id','0');
INSERT INTO "document_draft_row" VALUES(301,1,'ProformaArticolId','0');
INSERT INTO "document_draft_row" VALUES(301,1,'AdaosProcent','0');
INSERT INTO "document_draft_row" VALUES(301,1,'Pret vanzare','0');
INSERT INTO "document_draft_row" VALUES(301,1,'Cantitate','1.00');
INSERT INTO "document_draft_row" VALUES(301,1,'Discount','false');
INSERT INTO "document_draft_row" VALUES(301,1,'Denumire produs','INK PFI-703 MATTE BLACK IPF 815');
INSERT INTO "document_draft_row" VALUES(301,1,'FaStornataId','-1');
INSERT INTO "document_draft_row" VALUES(301,1,'articol_tradus','');
INSERT INTO "document_draft_row" VALUES(301,1,'id_articol','417');
INSERT INTO "document_draft_row" VALUES(301,1,'Gestiune predatoare','XEROGRAFICA');
INSERT INTO "document_draft_row" VALUES(301,1,'cu_tva','¿Ä');
INSERT INTO "document_draft_row" VALUES(301,1,'isServiciu','0');
INSERT INTO "document_draft_row" VALUES(301,1,'cantitateInventar','1.00');
INSERT INTO "document_draft_row" VALUES(301,1,'pret unitar','');
INSERT INTO "document_draft_row" VALUES(301,1,'Cote TVA','24');
INSERT INTO "document_draft_row" VALUES(301,1,'insert','¿Ä');
INSERT INTO "document_draft_row" VALUES(301,1,'AvizArticolId','0');
INSERT INTO "document_draft_row" VALUES(301,1,'um_tradus','');
INSERT INTO "document_draft_row" VALUES(301,1,'tva_id','13');
INSERT INTO "document_draft_row" VALUES(301,1,'storno_id','0');
INSERT INTO "document_draft_row" VALUES(326,1,'cod_articol','CF2963');
INSERT INTO "document_draft_row" VALUES(326,1,'U.M.','buc');
INSERT INTO "document_draft_row" VALUES(326,1,'index_list','25');
INSERT INTO "document_draft_row" VALUES(326,1,'factura_id','0');
INSERT INTO "document_draft_row" VALUES(326,1,'ProformaArticolId','0');
INSERT INTO "document_draft_row" VALUES(326,1,'AdaosProcent','0');
INSERT INTO "document_draft_row" VALUES(326,1,'Pret vanzare','0');
INSERT INTO "document_draft_row" VALUES(326,1,'Cantitate','1.00');
INSERT INTO "document_draft_row" VALUES(326,1,'Discount','false');
INSERT INTO "document_draft_row" VALUES(326,1,'Denumire produs','INK PFI-703 PHOTO BLACK IPF 815');
INSERT INTO "document_draft_row" VALUES(326,1,'FaStornataId','-1');
INSERT INTO "document_draft_row" VALUES(326,1,'articol_tradus','');
INSERT INTO "document_draft_row" VALUES(326,1,'id_articol','418');
INSERT INTO "document_draft_row" VALUES(326,1,'Gestiune predatoare','XEROGRAFICA');
INSERT INTO "document_draft_row" VALUES(326,1,'cu_tva','¿Ä');
INSERT INTO "document_draft_row" VALUES(326,1,'isServiciu','0');
INSERT INTO "document_draft_row" VALUES(326,1,'cantitateInventar','1.00');
INSERT INTO "document_draft_row" VALUES(326,1,'pret unitar','');
INSERT INTO "document_draft_row" VALUES(326,1,'Cote TVA','24');
INSERT INTO "document_draft_row" VALUES(326,1,'insert','¿Ä');
INSERT INTO "document_draft_row" VALUES(326,1,'AvizArticolId','0');
INSERT INTO "document_draft_row" VALUES(326,1,'um_tradus','');
INSERT INTO "document_draft_row" VALUES(326,1,'tva_id','13');
INSERT INTO "document_draft_row" VALUES(326,1,'storno_id','0');
INSERT INTO "document_draft_row" VALUES(352,1,'cod_articol','CF2964');
INSERT INTO "document_draft_row" VALUES(352,1,'U.M.','buc');
INSERT INTO "document_draft_row" VALUES(352,1,'index_list','26');
INSERT INTO "document_draft_row" VALUES(352,1,'factura_id','0');
INSERT INTO "document_draft_row" VALUES(352,1,'ProformaArticolId','0');
INSERT INTO "document_draft_row" VALUES(352,1,'AdaosProcent','0');
INSERT INTO "document_draft_row" VALUES(352,1,'Pret vanzare','0');
INSERT INTO "document_draft_row" VALUES(352,1,'Cantitate','1.00');
INSERT INTO "document_draft_row" VALUES(352,1,'Discount','false');
INSERT INTO "document_draft_row" VALUES(352,1,'Denumire produs','INK PFI-703 CYAN IPF 815');
INSERT INTO "document_draft_row" VALUES(352,1,'FaStornataId','-1');
INSERT INTO "document_draft_row" VALUES(352,1,'articol_tradus','');
INSERT INTO "document_draft_row" VALUES(352,1,'id_articol','419');
INSERT INTO "document_draft_row" VALUES(352,1,'Gestiune predatoare','XEROGRAFICA');
INSERT INTO "document_draft_row" VALUES(352,1,'cu_tva','¿Ä');
INSERT INTO "document_draft_row" VALUES(352,1,'isServiciu','0');
INSERT INTO "document_draft_row" VALUES(352,1,'cantitateInventar','1.00');
INSERT INTO "document_draft_row" VALUES(352,1,'pret unitar','');
INSERT INTO "document_draft_row" VALUES(352,1,'Cote TVA','24');
INSERT INTO "document_draft_row" VALUES(352,1,'insert','¿Ä');
INSERT INTO "document_draft_row" VALUES(352,1,'AvizArticolId','0');
INSERT INTO "document_draft_row" VALUES(352,1,'um_tradus','');
INSERT INTO "document_draft_row" VALUES(352,1,'tva_id','13');
INSERT INTO "document_draft_row" VALUES(352,1,'storno_id','0');
INSERT INTO "document_draft_row" VALUES(379,1,'cod_articol','CF2965');
INSERT INTO "document_draft_row" VALUES(379,1,'U.M.','buc');
INSERT INTO "document_draft_row" VALUES(379,1,'index_list','27');
INSERT INTO "document_draft_row" VALUES(379,1,'factura_id','0');
INSERT INTO "document_draft_row" VALUES(379,1,'ProformaArticolId','0');
INSERT INTO "document_draft_row" VALUES(379,1,'AdaosProcent','0');
INSERT INTO "document_draft_row" VALUES(379,1,'Pret vanzare','0');
INSERT INTO "document_draft_row" VALUES(379,1,'Cantitate','1.00');
INSERT INTO "document_draft_row" VALUES(379,1,'Discount','false');
INSERT INTO "document_draft_row" VALUES(379,1,'Denumire produs','INK PFI-703 MAGENTA IPF 815');
INSERT INTO "document_draft_row" VALUES(379,1,'FaStornataId','-1');
INSERT INTO "document_draft_row" VALUES(379,1,'articol_tradus','');
INSERT INTO "document_draft_row" VALUES(379,1,'id_articol','420');
INSERT INTO "document_draft_row" VALUES(379,1,'Gestiune predatoare','XEROGRAFICA');
INSERT INTO "document_draft_row" VALUES(379,1,'cu_tva','¿Ä');
INSERT INTO "document_draft_row" VALUES(379,1,'isServiciu','0');
INSERT INTO "document_draft_row" VALUES(379,1,'cantitateInventar','1.00');
INSERT INTO "document_draft_row" VALUES(379,1,'pret unitar','');
INSERT INTO "document_draft_row" VALUES(379,1,'Cote TVA','24');
INSERT INTO "document_draft_row" VALUES(379,1,'insert','¿Ä');
INSERT INTO "document_draft_row" VALUES(379,1,'AvizArticolId','0');
INSERT INTO "document_draft_row" VALUES(379,1,'um_tradus','');
INSERT INTO "document_draft_row" VALUES(379,1,'tva_id','13');
INSERT INTO "document_draft_row" VALUES(379,1,'storno_id','0');
INSERT INTO "document_draft_row" VALUES(407,1,'cod_articol','CF2966');
INSERT INTO "document_draft_row" VALUES(407,1,'U.M.','buc');
INSERT INTO "document_draft_row" VALUES(407,1,'index_list','28');
INSERT INTO "document_draft_row" VALUES(407,1,'factura_id','0');
INSERT INTO "document_draft_row" VALUES(407,1,'ProformaArticolId','0');
INSERT INTO "document_draft_row" VALUES(407,1,'AdaosProcent','0');
INSERT INTO "document_draft_row" VALUES(407,1,'Pret vanzare','0');
INSERT INTO "document_draft_row" VALUES(407,1,'Cantitate','1.00');
INSERT INTO "document_draft_row" VALUES(407,1,'Discount','false');
INSERT INTO "document_draft_row" VALUES(407,1,'Denumire produs','INK PFI-703 YELLOW IPF 815');
INSERT INTO "document_draft_row" VALUES(407,1,'FaStornataId','-1');
INSERT INTO "document_draft_row" VALUES(407,1,'articol_tradus','');
INSERT INTO "document_draft_row" VALUES(407,1,'id_articol','421');
INSERT INTO "document_draft_row" VALUES(407,1,'Gestiune predatoare','XEROGRAFICA');
INSERT INTO "document_draft_row" VALUES(407,1,'cu_tva','¿Ä');
INSERT INTO "document_draft_row" VALUES(407,1,'isServiciu','0');
INSERT INTO "document_draft_row" VALUES(407,1,'cantitateInventar','1.00');
INSERT INTO "document_draft_row" VALUES(407,1,'pret unitar','');
INSERT INTO "document_draft_row" VALUES(407,1,'Cote TVA','24');
INSERT INTO "document_draft_row" VALUES(407,1,'insert','¿Ä');
INSERT INTO "document_draft_row" VALUES(407,1,'AvizArticolId','0');
INSERT INTO "document_draft_row" VALUES(407,1,'um_tradus','');
INSERT INTO "document_draft_row" VALUES(407,1,'tva_id','13');
INSERT INTO "document_draft_row" VALUES(407,1,'storno_id','0');
INSERT INTO "document_draft_row" VALUES(436,1,'cod_articol','D37');
INSERT INTO "document_draft_row" VALUES(436,1,'U.M.','buc');
INSERT INTO "document_draft_row" VALUES(436,1,'index_list','29');
INSERT INTO "document_draft_row" VALUES(436,1,'factura_id','0');
INSERT INTO "document_draft_row" VALUES(436,1,'ProformaArticolId','0');
INSERT INTO "document_draft_row" VALUES(436,1,'AdaosProcent','0');
INSERT INTO "document_draft_row" VALUES(436,1,'Pret vanzare','0');
INSERT INTO "document_draft_row" VALUES(436,1,'Cantitate','63.00');
INSERT INTO "document_draft_row" VALUES(436,1,'Discount','false');
INSERT INTO "document_draft_row" VALUES(436,1,'Denumire produs','DOSAR PVC SINA');
INSERT INTO "document_draft_row" VALUES(436,1,'FaStornataId','-1');
INSERT INTO "document_draft_row" VALUES(436,1,'articol_tradus','');
INSERT INTO "document_draft_row" VALUES(436,1,'id_articol','422');
INSERT INTO "document_draft_row" VALUES(436,1,'Gestiune predatoare','XEROGRAFICA');
INSERT INTO "document_draft_row" VALUES(436,1,'cu_tva','¿Ä');
INSERT INTO "document_draft_row" VALUES(436,1,'isServiciu','0');
INSERT INTO "document_draft_row" VALUES(436,1,'cantitateInventar','63.00');
INSERT INTO "document_draft_row" VALUES(436,1,'pret unitar','');
INSERT INTO "document_draft_row" VALUES(436,1,'Cote TVA','24');
INSERT INTO "document_draft_row" VALUES(436,1,'insert','¿Ä');
INSERT INTO "document_draft_row" VALUES(436,1,'AvizArticolId','0');
INSERT INTO "document_draft_row" VALUES(436,1,'um_tradus','');
INSERT INTO "document_draft_row" VALUES(436,1,'tva_id','13');
INSERT INTO "document_draft_row" VALUES(436,1,'storno_id','0');
INSERT INTO "document_draft_row" VALUES(466,1,'cod_articol','VEL-2002000');
INSERT INTO "document_draft_row" VALUES(466,1,'U.M.','buc');
INSERT INTO "document_draft_row" VALUES(466,1,'index_list','30');
INSERT INTO "document_draft_row" VALUES(466,1,'factura_id','0');
INSERT INTO "document_draft_row" VALUES(466,1,'ProformaArticolId','0');
INSERT INTO "document_draft_row" VALUES(466,1,'AdaosProcent','0');
INSERT INTO "document_draft_row" VALUES(466,1,'Pret vanzare','0');
INSERT INTO "document_draft_row" VALUES(466,1,'Cantitate','3588.00');
INSERT INTO "document_draft_row" VALUES(466,1,'Discount','false');
INSERT INTO "document_draft_row" VALUES(466,1,'Denumire produs','ALONJE AUTOADEZIVE');
INSERT INTO "document_draft_row" VALUES(466,1,'FaStornataId','-1');
INSERT INTO "document_draft_row" VALUES(466,1,'articol_tradus','');
INSERT INTO "document_draft_row" VALUES(466,1,'id_articol','423');
INSERT INTO "document_draft_row" VALUES(466,1,'Gestiune predatoare','XEROGRAFICA');
INSERT INTO "document_draft_row" VALUES(466,1,'cu_tva','¿Ä');
INSERT INTO "document_draft_row" VALUES(466,1,'isServiciu','0');
INSERT INTO "document_draft_row" VALUES(466,1,'cantitateInventar','3588.00');
INSERT INTO "document_draft_row" VALUES(466,1,'pret unitar','');
INSERT INTO "document_draft_row" VALUES(466,1,'Cote TVA','24');
INSERT INTO "document_draft_row" VALUES(466,1,'insert','¿Ä');
INSERT INTO "document_draft_row" VALUES(466,1,'AvizArticolId','0');
INSERT INTO "document_draft_row" VALUES(466,1,'um_tradus','');
INSERT INTO "document_draft_row" VALUES(466,1,'tva_id','13');
INSERT INTO "document_draft_row" VALUES(466,1,'storno_id','0');
INSERT INTO "document_draft_row" VALUES(467,2,'cod_articol','006R01238');
INSERT INTO "document_draft_row" VALUES(467,2,'U.M.','buc');
INSERT INTO "document_draft_row" VALUES(467,2,'index_list','0');
INSERT INTO "document_draft_row" VALUES(467,2,'factura_id','0');
INSERT INTO "document_draft_row" VALUES(467,2,'ProformaArticolId','0');
INSERT INTO "document_draft_row" VALUES(467,2,'AdaosProcent','0');
INSERT INTO "document_draft_row" VALUES(467,2,'Pret vanzare','0');
INSERT INTO "document_draft_row" VALUES(467,2,'Cantitate','1.00');
INSERT INTO "document_draft_row" VALUES(467,2,'Discount','false');
INSERT INTO "document_draft_row" VALUES(467,2,'Denumire produs','TONER 6204');
INSERT INTO "document_draft_row" VALUES(467,2,'FaStornataId','-1');
INSERT INTO "document_draft_row" VALUES(467,2,'articol_tradus','');
INSERT INTO "document_draft_row" VALUES(467,2,'id_articol','416');
INSERT INTO "document_draft_row" VALUES(467,2,'Gestiune predatoare','XEROGRAFICA');
INSERT INTO "document_draft_row" VALUES(467,2,'cu_tva','¿Ä');
INSERT INTO "document_draft_row" VALUES(467,2,'isServiciu','0');
INSERT INTO "document_draft_row" VALUES(467,2,'cantitateInventar','1.00');
INSERT INTO "document_draft_row" VALUES(467,2,'pret unitar','');
INSERT INTO "document_draft_row" VALUES(467,2,'Cote TVA','24');
INSERT INTO "document_draft_row" VALUES(467,2,'insert','¿Ä');
INSERT INTO "document_draft_row" VALUES(467,2,'AvizArticolId','0');
INSERT INTO "document_draft_row" VALUES(467,2,'um_tradus','');
INSERT INTO "document_draft_row" VALUES(467,2,'tva_id','13');
INSERT INTO "document_draft_row" VALUES(467,2,'storno_id','0');
INSERT INTO "document_draft_row" VALUES(468,2,'cod_articol','0215');
INSERT INTO "document_draft_row" VALUES(468,2,'U.M.','buc');
INSERT INTO "document_draft_row" VALUES(468,2,'index_list','1');
INSERT INTO "document_draft_row" VALUES(468,2,'factura_id','0');
INSERT INTO "document_draft_row" VALUES(468,2,'ProformaArticolId','0');
INSERT INTO "document_draft_row" VALUES(468,2,'AdaosProcent','0');
INSERT INTO "document_draft_row" VALUES(468,2,'Pret vanzare','0');
INSERT INTO "document_draft_row" VALUES(468,2,'Cantitate','105.00');
INSERT INTO "document_draft_row" VALUES(468,2,'Discount','false');
INSERT INTO "document_draft_row" VALUES(468,2,'Denumire produs','BIBLIORAFT A4, 75MM, AKKO');
INSERT INTO "document_draft_row" VALUES(468,2,'FaStornataId','-1');
INSERT INTO "document_draft_row" VALUES(468,2,'articol_tradus','');
INSERT INTO "document_draft_row" VALUES(468,2,'id_articol','428');
INSERT INTO "document_draft_row" VALUES(468,2,'Gestiune predatoare','XEROGRAFICA');
INSERT INTO "document_draft_row" VALUES(468,2,'cu_tva','¿Ä');
INSERT INTO "document_draft_row" VALUES(468,2,'isServiciu','0');
INSERT INTO "document_draft_row" VALUES(468,2,'cantitateInventar','105.00');
INSERT INTO "document_draft_row" VALUES(468,2,'pret unitar','');
INSERT INTO "document_draft_row" VALUES(468,2,'Cote TVA','24');
INSERT INTO "document_draft_row" VALUES(468,2,'insert','¿Ä');
INSERT INTO "document_draft_row" VALUES(468,2,'AvizArticolId','0');
INSERT INTO "document_draft_row" VALUES(468,2,'um_tradus','');
INSERT INTO "document_draft_row" VALUES(468,2,'tva_id','13');
INSERT INTO "document_draft_row" VALUES(468,2,'storno_id','0');
INSERT INTO "document_draft_row" VALUES(470,2,'cod_articol','0246');
INSERT INTO "document_draft_row" VALUES(470,2,'U.M.','buc');
INSERT INTO "document_draft_row" VALUES(470,2,'index_list','2');
INSERT INTO "document_draft_row" VALUES(470,2,'factura_id','0');
INSERT INTO "document_draft_row" VALUES(470,2,'ProformaArticolId','0');
INSERT INTO "document_draft_row" VALUES(470,2,'AdaosProcent','0');
INSERT INTO "document_draft_row" VALUES(470,2,'Pret vanzare','0');
INSERT INTO "document_draft_row" VALUES(470,2,'Cantitate','394.00');
INSERT INTO "document_draft_row" VALUES(470,2,'Discount','false');
INSERT INTO "document_draft_row" VALUES(470,2,'Denumire produs','DOSAR PVC SINA NOKY');
INSERT INTO "document_draft_row" VALUES(470,2,'FaStornataId','-1');
INSERT INTO "document_draft_row" VALUES(470,2,'articol_tradus','');
INSERT INTO "document_draft_row" VALUES(470,2,'id_articol','430');
INSERT INTO "document_draft_row" VALUES(470,2,'Gestiune predatoare','XEROGRAFICA');
INSERT INTO "document_draft_row" VALUES(470,2,'cu_tva','¿Ä');
INSERT INTO "document_draft_row" VALUES(470,2,'isServiciu','0');
INSERT INTO "document_draft_row" VALUES(470,2,'cantitateInventar','394.00');
INSERT INTO "document_draft_row" VALUES(470,2,'pret unitar','');
INSERT INTO "document_draft_row" VALUES(470,2,'Cote TVA','24');
INSERT INTO "document_draft_row" VALUES(470,2,'insert','¿Ä');
INSERT INTO "document_draft_row" VALUES(470,2,'AvizArticolId','0');
INSERT INTO "document_draft_row" VALUES(470,2,'um_tradus','');
INSERT INTO "document_draft_row" VALUES(470,2,'tva_id','13');
INSERT INTO "document_draft_row" VALUES(470,2,'storno_id','0');
INSERT INTO "document_draft_row" VALUES(473,2,'cod_articol','0635');
INSERT INTO "document_draft_row" VALUES(473,2,'U.M.','buc');
INSERT INTO "document_draft_row" VALUES(473,2,'index_list','3');
INSERT INTO "document_draft_row" VALUES(473,2,'factura_id','0');
INSERT INTO "document_draft_row" VALUES(473,2,'ProformaArticolId','0');
INSERT INTO "document_draft_row" VALUES(473,2,'AdaosProcent','0');
INSERT INTO "document_draft_row" VALUES(473,2,'Pret vanzare','0');
INSERT INTO "document_draft_row" VALUES(473,2,'Cantitate','900.00');
INSERT INTO "document_draft_row" VALUES(473,2,'Discount','false');
INSERT INTO "document_draft_row" VALUES(473,2,'Denumire produs','SEPARATOR CARTON COLOR');
INSERT INTO "document_draft_row" VALUES(473,2,'FaStornataId','-1');
INSERT INTO "document_draft_row" VALUES(473,2,'articol_tradus','');
INSERT INTO "document_draft_row" VALUES(473,2,'id_articol','432');
INSERT INTO "document_draft_row" VALUES(473,2,'Gestiune predatoare','XEROGRAFICA');
INSERT INTO "document_draft_row" VALUES(473,2,'cu_tva','¿Ä');
INSERT INTO "document_draft_row" VALUES(473,2,'isServiciu','0');
INSERT INTO "document_draft_row" VALUES(473,2,'cantitateInventar','900.00');
INSERT INTO "document_draft_row" VALUES(473,2,'pret unitar','');
INSERT INTO "document_draft_row" VALUES(473,2,'Cote TVA','24');
INSERT INTO "document_draft_row" VALUES(473,2,'insert','¿Ä');
INSERT INTO "document_draft_row" VALUES(473,2,'AvizArticolId','0');
INSERT INTO "document_draft_row" VALUES(473,2,'um_tradus','');
INSERT INTO "document_draft_row" VALUES(473,2,'tva_id','13');
INSERT INTO "document_draft_row" VALUES(473,2,'storno_id','0');
INSERT INTO "document_draft_row" VALUES(477,2,'cod_articol','10314');
INSERT INTO "document_draft_row" VALUES(477,2,'U.M.','buc');
INSERT INTO "document_draft_row" VALUES(477,2,'index_list','4');
INSERT INTO "document_draft_row" VALUES(477,2,'factura_id','0');
INSERT INTO "document_draft_row" VALUES(477,2,'ProformaArticolId','0');
INSERT INTO "document_draft_row" VALUES(477,2,'AdaosProcent','0');
INSERT INTO "document_draft_row" VALUES(477,2,'Pret vanzare','0');
INSERT INTO "document_draft_row" VALUES(477,2,'Cantitate','163.00');
INSERT INTO "document_draft_row" VALUES(477,2,'Discount','false');
INSERT INTO "document_draft_row" VALUES(477,2,'Denumire produs','PLIC CD');
INSERT INTO "document_draft_row" VALUES(477,2,'FaStornataId','-1');
INSERT INTO "document_draft_row" VALUES(477,2,'articol_tradus','');
INSERT INTO "document_draft_row" VALUES(477,2,'id_articol','403');
INSERT INTO "document_draft_row" VALUES(477,2,'Gestiune predatoare','XEROGRAFICA');
INSERT INTO "document_draft_row" VALUES(477,2,'cu_tva','¿Ä');
INSERT INTO "document_draft_row" VALUES(477,2,'isServiciu','0');
INSERT INTO "document_draft_row" VALUES(477,2,'cantitateInventar','163.00');
INSERT INTO "document_draft_row" VALUES(477,2,'pret unitar','');
INSERT INTO "document_draft_row" VALUES(477,2,'Cote TVA','24');
INSERT INTO "document_draft_row" VALUES(477,2,'insert','¿Ä');
INSERT INTO "document_draft_row" VALUES(477,2,'AvizArticolId','0');
INSERT INTO "document_draft_row" VALUES(477,2,'um_tradus','');
INSERT INTO "document_draft_row" VALUES(477,2,'tva_id','13');
INSERT INTO "document_draft_row" VALUES(477,2,'storno_id','0');
INSERT INTO "document_draft_row" VALUES(482,2,'cod_articol','10394');
INSERT INTO "document_draft_row" VALUES(482,2,'U.M.','buc');
INSERT INTO "document_draft_row" VALUES(482,2,'index_list','5');
INSERT INTO "document_draft_row" VALUES(482,2,'factura_id','0');
INSERT INTO "document_draft_row" VALUES(482,2,'ProformaArticolId','0');
INSERT INTO "document_draft_row" VALUES(482,2,'AdaosProcent','0');
INSERT INTO "document_draft_row" VALUES(482,2,'Pret vanzare','0');
INSERT INTO "document_draft_row" VALUES(482,2,'Cantitate','163.00');
INSERT INTO "document_draft_row" VALUES(482,2,'Discount','false');
INSERT INTO "document_draft_row" VALUES(482,2,'Denumire produs','CD VERBATIM EXTRA');
INSERT INTO "document_draft_row" VALUES(482,2,'FaStornataId','-1');
INSERT INTO "document_draft_row" VALUES(482,2,'articol_tradus','');
INSERT INTO "document_draft_row" VALUES(482,2,'id_articol','404');
INSERT INTO "document_draft_row" VALUES(482,2,'Gestiune predatoare','XEROGRAFICA');
INSERT INTO "document_draft_row" VALUES(482,2,'cu_tva','¿Ä');
INSERT INTO "document_draft_row" VALUES(482,2,'isServiciu','0');
INSERT INTO "document_draft_row" VALUES(482,2,'cantitateInventar','163.00');
INSERT INTO "document_draft_row" VALUES(482,2,'pret unitar','');
INSERT INTO "document_draft_row" VALUES(482,2,'Cote TVA','24');
INSERT INTO "document_draft_row" VALUES(482,2,'insert','¿Ä');
INSERT INTO "document_draft_row" VALUES(482,2,'AvizArticolId','0');
INSERT INTO "document_draft_row" VALUES(482,2,'um_tradus','');
INSERT INTO "document_draft_row" VALUES(482,2,'tva_id','13');
INSERT INTO "document_draft_row" VALUES(482,2,'storno_id','0');
INSERT INTO "document_draft_row" VALUES(488,2,'cod_articol','10658');
INSERT INTO "document_draft_row" VALUES(488,2,'U.M.','buc');
INSERT INTO "document_draft_row" VALUES(488,2,'index_list','6');
INSERT INTO "document_draft_row" VALUES(488,2,'factura_id','0');
INSERT INTO "document_draft_row" VALUES(488,2,'ProformaArticolId','0');
INSERT INTO "document_draft_row" VALUES(488,2,'AdaosProcent','0');
INSERT INTO "document_draft_row" VALUES(488,2,'Pret vanzare','0');
INSERT INTO "document_draft_row" VALUES(488,2,'Cantitate','32.00');
INSERT INTO "document_draft_row" VALUES(488,2,'Discount','false');
INSERT INTO "document_draft_row" VALUES(488,2,'Denumire produs','BIBLIORAFT MARMORAT');
INSERT INTO "document_draft_row" VALUES(488,2,'FaStornataId','-1');
INSERT INTO "document_draft_row" VALUES(488,2,'articol_tradus','');
INSERT INTO "document_draft_row" VALUES(488,2,'id_articol','405');
INSERT INTO "document_draft_row" VALUES(488,2,'Gestiune predatoare','XEROGRAFICA');
INSERT INTO "document_draft_row" VALUES(488,2,'cu_tva','¿Ä');
INSERT INTO "document_draft_row" VALUES(488,2,'isServiciu','0');
INSERT INTO "document_draft_row" VALUES(488,2,'cantitateInventar','32.00');
INSERT INTO "document_draft_row" VALUES(488,2,'pret unitar','');
INSERT INTO "document_draft_row" VALUES(488,2,'Cote TVA','24');
INSERT INTO "document_draft_row" VALUES(488,2,'insert','¿Ä');
INSERT INTO "document_draft_row" VALUES(488,2,'AvizArticolId','0');
INSERT INTO "document_draft_row" VALUES(488,2,'um_tradus','');
INSERT INTO "document_draft_row" VALUES(488,2,'tva_id','13');
INSERT INTO "document_draft_row" VALUES(488,2,'storno_id','0');
INSERT INTO "document_draft_row" VALUES(495,2,'cod_articol','12551');
INSERT INTO "document_draft_row" VALUES(495,2,'U.M.','top');
INSERT INTO "document_draft_row" VALUES(495,2,'index_list','7');
INSERT INTO "document_draft_row" VALUES(495,2,'factura_id','0');
INSERT INTO "document_draft_row" VALUES(495,2,'ProformaArticolId','0');
INSERT INTO "document_draft_row" VALUES(495,2,'AdaosProcent','0');
INSERT INTO "document_draft_row" VALUES(495,2,'Pret vanzare','0');
INSERT INTO "document_draft_row" VALUES(495,2,'Cantitate','1.00');
INSERT INTO "document_draft_row" VALUES(495,2,'Discount','false');
INSERT INTO "document_draft_row" VALUES(495,2,'Denumire produs','HARTIE A3 ABSOLUT');
INSERT INTO "document_draft_row" VALUES(495,2,'FaStornataId','-1');
INSERT INTO "document_draft_row" VALUES(495,2,'articol_tradus','');
INSERT INTO "document_draft_row" VALUES(495,2,'id_articol','406');
INSERT INTO "document_draft_row" VALUES(495,2,'Gestiune predatoare','XEROGRAFICA');
INSERT INTO "document_draft_row" VALUES(495,2,'cu_tva','¿Ä');
INSERT INTO "document_draft_row" VALUES(495,2,'isServiciu','0');
INSERT INTO "document_draft_row" VALUES(495,2,'cantitateInventar','1.00');
INSERT INTO "document_draft_row" VALUES(495,2,'pret unitar','');
INSERT INTO "document_draft_row" VALUES(495,2,'Cote TVA','24');
INSERT INTO "document_draft_row" VALUES(495,2,'insert','¿Ä');
INSERT INTO "document_draft_row" VALUES(495,2,'AvizArticolId','0');
INSERT INTO "document_draft_row" VALUES(495,2,'um_tradus','');
INSERT INTO "document_draft_row" VALUES(495,2,'tva_id','13');
INSERT INTO "document_draft_row" VALUES(495,2,'storno_id','0');
INSERT INTO "document_draft_row" VALUES(503,2,'cod_articol','13187');
INSERT INTO "document_draft_row" VALUES(503,2,'U.M.','top');
INSERT INTO "document_draft_row" VALUES(503,2,'index_list','8');
INSERT INTO "document_draft_row" VALUES(503,2,'factura_id','0');
INSERT INTO "document_draft_row" VALUES(503,2,'ProformaArticolId','0');
INSERT INTO "document_draft_row" VALUES(503,2,'AdaosProcent','0');
INSERT INTO "document_draft_row" VALUES(503,2,'Pret vanzare','0');
INSERT INTO "document_draft_row" VALUES(503,2,'Cantitate','90.00');
INSERT INTO "document_draft_row" VALUES(503,2,'Discount','false');
INSERT INTO "document_draft_row" VALUES(503,2,'Denumire produs','HARTIE A4 ABSOLUT');
INSERT INTO "document_draft_row" VALUES(503,2,'FaStornataId','-1');
INSERT INTO "document_draft_row" VALUES(503,2,'articol_tradus','');
INSERT INTO "document_draft_row" VALUES(503,2,'id_articol','407');
INSERT INTO "document_draft_row" VALUES(503,2,'Gestiune predatoare','XEROGRAFICA');
INSERT INTO "document_draft_row" VALUES(503,2,'cu_tva','¿Ä');
INSERT INTO "document_draft_row" VALUES(503,2,'isServiciu','0');
INSERT INTO "document_draft_row" VALUES(503,2,'cantitateInventar','90.00');
INSERT INTO "document_draft_row" VALUES(503,2,'pret unitar','');
INSERT INTO "document_draft_row" VALUES(503,2,'Cote TVA','24');
INSERT INTO "document_draft_row" VALUES(503,2,'insert','¿Ä');
INSERT INTO "document_draft_row" VALUES(503,2,'AvizArticolId','0');
INSERT INTO "document_draft_row" VALUES(503,2,'um_tradus','');
INSERT INTO "document_draft_row" VALUES(503,2,'tva_id','13');
INSERT INTO "document_draft_row" VALUES(503,2,'storno_id','0');
INSERT INTO "document_draft_row" VALUES(512,2,'cod_articol','1418');
INSERT INTO "document_draft_row" VALUES(512,2,'U.M.','TOP');
INSERT INTO "document_draft_row" VALUES(512,2,'index_list','9');
INSERT INTO "document_draft_row" VALUES(512,2,'factura_id','0');
INSERT INTO "document_draft_row" VALUES(512,2,'ProformaArticolId','0');
INSERT INTO "document_draft_row" VALUES(512,2,'AdaosProcent','0');
INSERT INTO "document_draft_row" VALUES(512,2,'Pret vanzare','0');
INSERT INTO "document_draft_row" VALUES(512,2,'Cantitate','2.00');
INSERT INTO "document_draft_row" VALUES(512,2,'Discount','false');
INSERT INTO "document_draft_row" VALUES(512,2,'Denumire produs','CARTON DUBLUCRETAT LUCIOS A4 150G 100COLI/TOP');
INSERT INTO "document_draft_row" VALUES(512,2,'FaStornataId','-1');
INSERT INTO "document_draft_row" VALUES(512,2,'articol_tradus','');
INSERT INTO "document_draft_row" VALUES(512,2,'id_articol','520');
INSERT INTO "document_draft_row" VALUES(512,2,'Gestiune predatoare','XEROGRAFICA');
INSERT INTO "document_draft_row" VALUES(512,2,'cu_tva','¿Ä');
INSERT INTO "document_draft_row" VALUES(512,2,'isServiciu','0');
INSERT INTO "document_draft_row" VALUES(512,2,'cantitateInventar','2.00');
INSERT INTO "document_draft_row" VALUES(512,2,'pret unitar','');
INSERT INTO "document_draft_row" VALUES(512,2,'Cote TVA','24');
INSERT INTO "document_draft_row" VALUES(512,2,'insert','¿Ä');
INSERT INTO "document_draft_row" VALUES(512,2,'AvizArticolId','0');
INSERT INTO "document_draft_row" VALUES(512,2,'um_tradus','');
INSERT INTO "document_draft_row" VALUES(512,2,'tva_id','13');
INSERT INTO "document_draft_row" VALUES(512,2,'storno_id','0');
INSERT INTO "document_draft_row" VALUES(522,2,'cod_articol','1581');
INSERT INTO "document_draft_row" VALUES(522,2,'U.M.','buc');
INSERT INTO "document_draft_row" VALUES(522,2,'index_list','10');
INSERT INTO "document_draft_row" VALUES(522,2,'factura_id','0');
INSERT INTO "document_draft_row" VALUES(522,2,'ProformaArticolId','0');
INSERT INTO "document_draft_row" VALUES(522,2,'AdaosProcent','0');
INSERT INTO "document_draft_row" VALUES(522,2,'Pret vanzare','0');
INSERT INTO "document_draft_row" VALUES(522,2,'Cantitate','100.00');
INSERT INTO "document_draft_row" VALUES(522,2,'Discount','false');
INSERT INTO "document_draft_row" VALUES(522,2,'Denumire produs','CD VERBATIM');
INSERT INTO "document_draft_row" VALUES(522,2,'FaStornataId','-1');
INSERT INTO "document_draft_row" VALUES(522,2,'articol_tradus','');
INSERT INTO "document_draft_row" VALUES(522,2,'id_articol','433');
INSERT INTO "document_draft_row" VALUES(522,2,'Gestiune predatoare','XEROGRAFICA');
INSERT INTO "document_draft_row" VALUES(522,2,'cu_tva','¿Ä');
INSERT INTO "document_draft_row" VALUES(522,2,'isServiciu','0');
INSERT INTO "document_draft_row" VALUES(522,2,'cantitateInventar','100.00');
INSERT INTO "document_draft_row" VALUES(522,2,'pret unitar','');
INSERT INTO "document_draft_row" VALUES(522,2,'Cote TVA','24');
INSERT INTO "document_draft_row" VALUES(522,2,'insert','¿Ä');
INSERT INTO "document_draft_row" VALUES(522,2,'AvizArticolId','0');
INSERT INTO "document_draft_row" VALUES(522,2,'um_tradus','');
INSERT INTO "document_draft_row" VALUES(522,2,'tva_id','13');
INSERT INTO "document_draft_row" VALUES(522,2,'storno_id','0');
INSERT INTO "document_draft_row" VALUES(533,2,'cod_articol','243485');
INSERT INTO "document_draft_row" VALUES(533,2,'U.M.','rola');
INSERT INTO "document_draft_row" VALUES(533,2,'index_list','11');
INSERT INTO "document_draft_row" VALUES(533,2,'factura_id','0');
INSERT INTO "document_draft_row" VALUES(533,2,'ProformaArticolId','0');
INSERT INTO "document_draft_row" VALUES(533,2,'AdaosProcent','0');
INSERT INTO "document_draft_row" VALUES(533,2,'Pret vanzare','0');
INSERT INTO "document_draft_row" VALUES(533,2,'Cantitate','7.00');
INSERT INTO "document_draft_row" VALUES(533,2,'Discount','false');
INSERT INTO "document_draft_row" VALUES(533,2,'Denumire produs','M-JET COPY 80G, 841, 3" BLACK');
INSERT INTO "document_draft_row" VALUES(533,2,'FaStornataId','-1');
INSERT INTO "document_draft_row" VALUES(533,2,'articol_tradus','');
INSERT INTO "document_draft_row" VALUES(533,2,'id_articol','408');
INSERT INTO "document_draft_row" VALUES(533,2,'Gestiune predatoare','XEROGRAFICA');
INSERT INTO "document_draft_row" VALUES(533,2,'cu_tva','¿Ä');
INSERT INTO "document_draft_row" VALUES(533,2,'isServiciu','0');
INSERT INTO "document_draft_row" VALUES(533,2,'cantitateInventar','7.00');
INSERT INTO "document_draft_row" VALUES(533,2,'pret unitar','');
INSERT INTO "document_draft_row" VALUES(533,2,'Cote TVA','24');
INSERT INTO "document_draft_row" VALUES(533,2,'insert','¿Ä');
INSERT INTO "document_draft_row" VALUES(533,2,'AvizArticolId','0');
INSERT INTO "document_draft_row" VALUES(533,2,'um_tradus','');
INSERT INTO "document_draft_row" VALUES(533,2,'tva_id','13');
INSERT INTO "document_draft_row" VALUES(533,2,'storno_id','0');
INSERT INTO "document_draft_row" VALUES(545,2,'cod_articol','243495');
INSERT INTO "document_draft_row" VALUES(545,2,'U.M.','rola');
INSERT INTO "document_draft_row" VALUES(545,2,'index_list','12');
INSERT INTO "document_draft_row" VALUES(545,2,'factura_id','0');
INSERT INTO "document_draft_row" VALUES(545,2,'ProformaArticolId','0');
INSERT INTO "document_draft_row" VALUES(545,2,'AdaosProcent','0');
INSERT INTO "document_draft_row" VALUES(545,2,'Pret vanzare','0');
INSERT INTO "document_draft_row" VALUES(545,2,'Cantitate','1.00');
INSERT INTO "document_draft_row" VALUES(545,2,'Discount','false');
INSERT INTO "document_draft_row" VALUES(545,2,'Denumire produs','M-JET COPY 80G, 594, 3" BLACK');
INSERT INTO "document_draft_row" VALUES(545,2,'FaStornataId','-1');
INSERT INTO "document_draft_row" VALUES(545,2,'articol_tradus','');
INSERT INTO "document_draft_row" VALUES(545,2,'id_articol','409');
INSERT INTO "document_draft_row" VALUES(545,2,'Gestiune predatoare','XEROGRAFICA');
INSERT INTO "document_draft_row" VALUES(545,2,'cu_tva','¿Ä');
INSERT INTO "document_draft_row" VALUES(545,2,'isServiciu','0');
INSERT INTO "document_draft_row" VALUES(545,2,'cantitateInventar','1.00');
INSERT INTO "document_draft_row" VALUES(545,2,'pret unitar','');
INSERT INTO "document_draft_row" VALUES(545,2,'Cote TVA','24');
INSERT INTO "document_draft_row" VALUES(545,2,'insert','¿Ä');
INSERT INTO "document_draft_row" VALUES(545,2,'AvizArticolId','0');
INSERT INTO "document_draft_row" VALUES(545,2,'um_tradus','');
INSERT INTO "document_draft_row" VALUES(545,2,'tva_id','13');
INSERT INTO "document_draft_row" VALUES(545,2,'storno_id','0');
INSERT INTO "document_draft_row" VALUES(558,2,'cod_articol','243497');
INSERT INTO "document_draft_row" VALUES(558,2,'U.M.','rola');
INSERT INTO "document_draft_row" VALUES(558,2,'index_list','13');
INSERT INTO "document_draft_row" VALUES(558,2,'factura_id','0');
INSERT INTO "document_draft_row" VALUES(558,2,'ProformaArticolId','0');
INSERT INTO "document_draft_row" VALUES(558,2,'AdaosProcent','0');
INSERT INTO "document_draft_row" VALUES(558,2,'Pret vanzare','0');
INSERT INTO "document_draft_row" VALUES(558,2,'Cantitate','1.00');
INSERT INTO "document_draft_row" VALUES(558,2,'Discount','false');
INSERT INTO "document_draft_row" VALUES(558,2,'Denumire produs','M-JET COPY 80G, 420, 3" BLACK');
INSERT INTO "document_draft_row" VALUES(558,2,'FaStornataId','-1');
INSERT INTO "document_draft_row" VALUES(558,2,'articol_tradus','');
INSERT INTO "document_draft_row" VALUES(558,2,'id_articol','410');
INSERT INTO "document_draft_row" VALUES(558,2,'Gestiune predatoare','XEROGRAFICA');
INSERT INTO "document_draft_row" VALUES(558,2,'cu_tva','¿Ä');
INSERT INTO "document_draft_row" VALUES(558,2,'isServiciu','0');
INSERT INTO "document_draft_row" VALUES(558,2,'cantitateInventar','1.00');
INSERT INTO "document_draft_row" VALUES(558,2,'pret unitar','');
INSERT INTO "document_draft_row" VALUES(558,2,'Cote TVA','24');
INSERT INTO "document_draft_row" VALUES(558,2,'insert','¿Ä');
INSERT INTO "document_draft_row" VALUES(558,2,'AvizArticolId','0');
INSERT INTO "document_draft_row" VALUES(558,2,'um_tradus','');
INSERT INTO "document_draft_row" VALUES(558,2,'tva_id','13');
INSERT INTO "document_draft_row" VALUES(558,2,'storno_id','0');
INSERT INTO "document_draft_row" VALUES(572,2,'cod_articol','243499');
INSERT INTO "document_draft_row" VALUES(572,2,'U.M.','rola');
INSERT INTO "document_draft_row" VALUES(572,2,'index_list','14');
INSERT INTO "document_draft_row" VALUES(572,2,'factura_id','0');
INSERT INTO "document_draft_row" VALUES(572,2,'ProformaArticolId','0');
INSERT INTO "document_draft_row" VALUES(572,2,'AdaosProcent','0');
INSERT INTO "document_draft_row" VALUES(572,2,'Pret vanzare','0');
INSERT INTO "document_draft_row" VALUES(572,2,'Cantitate','4.00');
INSERT INTO "document_draft_row" VALUES(572,2,'Discount','false');
INSERT INTO "document_draft_row" VALUES(572,2,'Denumire produs','M-JET COPY 80G, 297, 3"  BLACK');
INSERT INTO "document_draft_row" VALUES(572,2,'FaStornataId','-1');
INSERT INTO "document_draft_row" VALUES(572,2,'articol_tradus','');
INSERT INTO "document_draft_row" VALUES(572,2,'id_articol','439');
INSERT INTO "document_draft_row" VALUES(572,2,'Gestiune predatoare','XEROGRAFICA');
INSERT INTO "document_draft_row" VALUES(572,2,'cu_tva','¿Ä');
INSERT INTO "document_draft_row" VALUES(572,2,'isServiciu','0');
INSERT INTO "document_draft_row" VALUES(572,2,'cantitateInventar','4.00');
INSERT INTO "document_draft_row" VALUES(572,2,'pret unitar','');
INSERT INTO "document_draft_row" VALUES(572,2,'Cote TVA','24');
INSERT INTO "document_draft_row" VALUES(572,2,'insert','¿Ä');
INSERT INTO "document_draft_row" VALUES(572,2,'AvizArticolId','0');
INSERT INTO "document_draft_row" VALUES(572,2,'um_tradus','');
INSERT INTO "document_draft_row" VALUES(572,2,'tva_id','13');
INSERT INTO "document_draft_row" VALUES(572,2,'storno_id','0');
INSERT INTO "document_draft_row" VALUES(587,2,'cod_articol','243506');
INSERT INTO "document_draft_row" VALUES(587,2,'U.M.','rola');
INSERT INTO "document_draft_row" VALUES(587,2,'index_list','15');
INSERT INTO "document_draft_row" VALUES(587,2,'factura_id','0');
INSERT INTO "document_draft_row" VALUES(587,2,'ProformaArticolId','0');
INSERT INTO "document_draft_row" VALUES(587,2,'AdaosProcent','0');
INSERT INTO "document_draft_row" VALUES(587,2,'Pret vanzare','0');
INSERT INTO "document_draft_row" VALUES(587,2,'Cantitate','1.00');
INSERT INTO "document_draft_row" VALUES(587,2,'Discount','false');
INSERT INTO "document_draft_row" VALUES(587,2,'Denumire produs','M-JET COPY 80G, 914, 2" COLOR');
INSERT INTO "document_draft_row" VALUES(587,2,'FaStornataId','-1');
INSERT INTO "document_draft_row" VALUES(587,2,'articol_tradus','');
INSERT INTO "document_draft_row" VALUES(587,2,'id_articol','411');
INSERT INTO "document_draft_row" VALUES(587,2,'Gestiune predatoare','XEROGRAFICA');
INSERT INTO "document_draft_row" VALUES(587,2,'cu_tva','¿Ä');
INSERT INTO "document_draft_row" VALUES(587,2,'isServiciu','0');
INSERT INTO "document_draft_row" VALUES(587,2,'cantitateInventar','1.00');
INSERT INTO "document_draft_row" VALUES(587,2,'pret unitar','');
INSERT INTO "document_draft_row" VALUES(587,2,'Cote TVA','24');
INSERT INTO "document_draft_row" VALUES(587,2,'insert','¿Ä');
INSERT INTO "document_draft_row" VALUES(587,2,'AvizArticolId','0');
INSERT INTO "document_draft_row" VALUES(587,2,'um_tradus','');
INSERT INTO "document_draft_row" VALUES(587,2,'tva_id','13');
INSERT INTO "document_draft_row" VALUES(587,2,'storno_id','0');
INSERT INTO "document_draft_row" VALUES(603,2,'cod_articol','243510');
INSERT INTO "document_draft_row" VALUES(603,2,'U.M.','rola');
INSERT INTO "document_draft_row" VALUES(603,2,'index_list','16');
INSERT INTO "document_draft_row" VALUES(603,2,'factura_id','0');
INSERT INTO "document_draft_row" VALUES(603,2,'ProformaArticolId','0');
INSERT INTO "document_draft_row" VALUES(603,2,'AdaosProcent','0');
INSERT INTO "document_draft_row" VALUES(603,2,'Pret vanzare','0');
INSERT INTO "document_draft_row" VALUES(603,2,'Cantitate','1.00');
INSERT INTO "document_draft_row" VALUES(603,2,'Discount','false');
INSERT INTO "document_draft_row" VALUES(603,2,'Denumire produs','M-JET COPY 80G, 914, 3" BLACK');
INSERT INTO "document_draft_row" VALUES(603,2,'FaStornataId','-1');
INSERT INTO "document_draft_row" VALUES(603,2,'articol_tradus','');
INSERT INTO "document_draft_row" VALUES(603,2,'id_articol','412');
INSERT INTO "document_draft_row" VALUES(603,2,'Gestiune predatoare','XEROGRAFICA');
INSERT INTO "document_draft_row" VALUES(603,2,'cu_tva','¿Ä');
INSERT INTO "document_draft_row" VALUES(603,2,'isServiciu','0');
INSERT INTO "document_draft_row" VALUES(603,2,'cantitateInventar','1.00');
INSERT INTO "document_draft_row" VALUES(603,2,'pret unitar','');
INSERT INTO "document_draft_row" VALUES(603,2,'Cote TVA','24');
INSERT INTO "document_draft_row" VALUES(603,2,'insert','¿Ä');
INSERT INTO "document_draft_row" VALUES(603,2,'AvizArticolId','0');
INSERT INTO "document_draft_row" VALUES(603,2,'um_tradus','');
INSERT INTO "document_draft_row" VALUES(603,2,'tva_id','13');
INSERT INTO "document_draft_row" VALUES(603,2,'storno_id','0');
INSERT INTO "document_draft_row" VALUES(620,2,'cod_articol','243511');
INSERT INTO "document_draft_row" VALUES(620,2,'U.M.','rola');
INSERT INTO "document_draft_row" VALUES(620,2,'index_list','17');
INSERT INTO "document_draft_row" VALUES(620,2,'factura_id','0');
INSERT INTO "document_draft_row" VALUES(620,2,'ProformaArticolId','0');
INSERT INTO "document_draft_row" VALUES(620,2,'AdaosProcent','0');
INSERT INTO "document_draft_row" VALUES(620,2,'Pret vanzare','0');
INSERT INTO "document_draft_row" VALUES(620,2,'Cantitate','10.00');
INSERT INTO "document_draft_row" VALUES(620,2,'Discount','false');
INSERT INTO "document_draft_row" VALUES(620,2,'Denumire produs','M-JET COPY 80G, 841, 2" COLOR');
INSERT INTO "document_draft_row" VALUES(620,2,'FaStornataId','-1');
INSERT INTO "document_draft_row" VALUES(620,2,'articol_tradus','');
INSERT INTO "document_draft_row" VALUES(620,2,'id_articol','413');
INSERT INTO "document_draft_row" VALUES(620,2,'Gestiune predatoare','XEROGRAFICA');
INSERT INTO "document_draft_row" VALUES(620,2,'cu_tva','¿Ä');
INSERT INTO "document_draft_row" VALUES(620,2,'isServiciu','0');
INSERT INTO "document_draft_row" VALUES(620,2,'cantitateInventar','10.00');
INSERT INTO "document_draft_row" VALUES(620,2,'pret unitar','');
INSERT INTO "document_draft_row" VALUES(620,2,'Cote TVA','24');
INSERT INTO "document_draft_row" VALUES(620,2,'insert','¿Ä');
INSERT INTO "document_draft_row" VALUES(620,2,'AvizArticolId','0');
INSERT INTO "document_draft_row" VALUES(620,2,'um_tradus','');
INSERT INTO "document_draft_row" VALUES(620,2,'tva_id','13');
INSERT INTO "document_draft_row" VALUES(620,2,'storno_id','0');
INSERT INTO "document_draft_row" VALUES(638,2,'cod_articol','243704');
INSERT INTO "document_draft_row" VALUES(638,2,'U.M.','rola');
INSERT INTO "document_draft_row" VALUES(638,2,'index_list','18');
INSERT INTO "document_draft_row" VALUES(638,2,'factura_id','0');
INSERT INTO "document_draft_row" VALUES(638,2,'ProformaArticolId','0');
INSERT INTO "document_draft_row" VALUES(638,2,'AdaosProcent','0');
INSERT INTO "document_draft_row" VALUES(638,2,'Pret vanzare','0');
INSERT INTO "document_draft_row" VALUES(638,2,'Cantitate','2.00');
INSERT INTO "document_draft_row" VALUES(638,2,'Discount','false');
INSERT INTO "document_draft_row" VALUES(638,2,'Denumire produs','M-JET COPY 80G, 594, 2" COLOR');
INSERT INTO "document_draft_row" VALUES(638,2,'FaStornataId','-1');
INSERT INTO "document_draft_row" VALUES(638,2,'articol_tradus','');
INSERT INTO "document_draft_row" VALUES(638,2,'id_articol','414');
INSERT INTO "document_draft_row" VALUES(638,2,'Gestiune predatoare','XEROGRAFICA');
INSERT INTO "document_draft_row" VALUES(638,2,'cu_tva','¿Ä');
INSERT INTO "document_draft_row" VALUES(638,2,'isServiciu','0');
INSERT INTO "document_draft_row" VALUES(638,2,'cantitateInventar','2.00');
INSERT INTO "document_draft_row" VALUES(638,2,'pret unitar','');
INSERT INTO "document_draft_row" VALUES(638,2,'Cote TVA','24');
INSERT INTO "document_draft_row" VALUES(638,2,'insert','¿Ä');
INSERT INTO "document_draft_row" VALUES(638,2,'AvizArticolId','0');
INSERT INTO "document_draft_row" VALUES(638,2,'um_tradus','');
INSERT INTO "document_draft_row" VALUES(638,2,'tva_id','13');
INSERT INTO "document_draft_row" VALUES(638,2,'storno_id','0');
INSERT INTO "document_draft_row" VALUES(657,2,'cod_articol','2832');
INSERT INTO "document_draft_row" VALUES(657,2,'U.M.','buc');
INSERT INTO "document_draft_row" VALUES(657,2,'index_list','19');
INSERT INTO "document_draft_row" VALUES(657,2,'factura_id','0');
INSERT INTO "document_draft_row" VALUES(657,2,'ProformaArticolId','0');
INSERT INTO "document_draft_row" VALUES(657,2,'AdaosProcent','0');
INSERT INTO "document_draft_row" VALUES(657,2,'Pret vanzare','0');
INSERT INTO "document_draft_row" VALUES(657,2,'Cantitate','100.00');
INSERT INTO "document_draft_row" VALUES(657,2,'Discount','false');
INSERT INTO "document_draft_row" VALUES(657,2,'Denumire produs','PLIC SPECIAL CD');
INSERT INTO "document_draft_row" VALUES(657,2,'FaStornataId','-1');
INSERT INTO "document_draft_row" VALUES(657,2,'articol_tradus','');
INSERT INTO "document_draft_row" VALUES(657,2,'id_articol','431');
INSERT INTO "document_draft_row" VALUES(657,2,'Gestiune predatoare','XEROGRAFICA');
INSERT INTO "document_draft_row" VALUES(657,2,'cu_tva','¿Ä');
INSERT INTO "document_draft_row" VALUES(657,2,'isServiciu','0');
INSERT INTO "document_draft_row" VALUES(657,2,'cantitateInventar','100.00');
INSERT INTO "document_draft_row" VALUES(657,2,'pret unitar','');
INSERT INTO "document_draft_row" VALUES(657,2,'Cote TVA','24');
INSERT INTO "document_draft_row" VALUES(657,2,'insert','¿Ä');
INSERT INTO "document_draft_row" VALUES(657,2,'AvizArticolId','0');
INSERT INTO "document_draft_row" VALUES(657,2,'um_tradus','');
INSERT INTO "document_draft_row" VALUES(657,2,'tva_id','13');
INSERT INTO "document_draft_row" VALUES(657,2,'storno_id','0');
INSERT INTO "document_draft_row" VALUES(677,2,'cod_articol','2853');
INSERT INTO "document_draft_row" VALUES(677,2,'U.M.','buc');
INSERT INTO "document_draft_row" VALUES(677,2,'index_list','20');
INSERT INTO "document_draft_row" VALUES(677,2,'factura_id','0');
INSERT INTO "document_draft_row" VALUES(677,2,'ProformaArticolId','0');
INSERT INTO "document_draft_row" VALUES(677,2,'AdaosProcent','0');
INSERT INTO "document_draft_row" VALUES(677,2,'Pret vanzare','0');
INSERT INTO "document_draft_row" VALUES(677,2,'Cantitate','43.00');
INSERT INTO "document_draft_row" VALUES(677,2,'Discount','false');
INSERT INTO "document_draft_row" VALUES(677,2,'Denumire produs','BIBLIORAFT A4, 50MM, AKKO');
INSERT INTO "document_draft_row" VALUES(677,2,'FaStornataId','-1');
INSERT INTO "document_draft_row" VALUES(677,2,'articol_tradus','');
INSERT INTO "document_draft_row" VALUES(677,2,'id_articol','429');
INSERT INTO "document_draft_row" VALUES(677,2,'Gestiune predatoare','XEROGRAFICA');
INSERT INTO "document_draft_row" VALUES(677,2,'cu_tva','¿Ä');
INSERT INTO "document_draft_row" VALUES(677,2,'isServiciu','0');
INSERT INTO "document_draft_row" VALUES(677,2,'cantitateInventar','43.00');
INSERT INTO "document_draft_row" VALUES(677,2,'pret unitar','');
INSERT INTO "document_draft_row" VALUES(677,2,'Cote TVA','24');
INSERT INTO "document_draft_row" VALUES(677,2,'insert','¿Ä');
INSERT INTO "document_draft_row" VALUES(677,2,'AvizArticolId','0');
INSERT INTO "document_draft_row" VALUES(677,2,'um_tradus','');
INSERT INTO "document_draft_row" VALUES(677,2,'tva_id','13');
INSERT INTO "document_draft_row" VALUES(677,2,'storno_id','0');
INSERT INTO "document_draft_row" VALUES(698,2,'cod_articol','5370');
INSERT INTO "document_draft_row" VALUES(698,2,'U.M.','top');
INSERT INTO "document_draft_row" VALUES(698,2,'index_list','21');
INSERT INTO "document_draft_row" VALUES(698,2,'factura_id','0');
INSERT INTO "document_draft_row" VALUES(698,2,'ProformaArticolId','0');
INSERT INTO "document_draft_row" VALUES(698,2,'AdaosProcent','0');
INSERT INTO "document_draft_row" VALUES(698,2,'Pret vanzare','0');
INSERT INTO "document_draft_row" VALUES(698,2,'Cantitate','1.00');
INSERT INTO "document_draft_row" VALUES(698,2,'Discount','false');
INSERT INTO "document_draft_row" VALUES(698,2,'Denumire produs','HARTIE SRA3 90G COLOR COPY');
INSERT INTO "document_draft_row" VALUES(698,2,'FaStornataId','-1');
INSERT INTO "document_draft_row" VALUES(698,2,'articol_tradus','');
INSERT INTO "document_draft_row" VALUES(698,2,'id_articol','427');
INSERT INTO "document_draft_row" VALUES(698,2,'Gestiune predatoare','XEROGRAFICA');
INSERT INTO "document_draft_row" VALUES(698,2,'cu_tva','¿Ä');
INSERT INTO "document_draft_row" VALUES(698,2,'isServiciu','0');
INSERT INTO "document_draft_row" VALUES(698,2,'cantitateInventar','1.00');
INSERT INTO "document_draft_row" VALUES(698,2,'pret unitar','');
INSERT INTO "document_draft_row" VALUES(698,2,'Cote TVA','24');
INSERT INTO "document_draft_row" VALUES(698,2,'insert','¿Ä');
INSERT INTO "document_draft_row" VALUES(698,2,'AvizArticolId','0');
INSERT INTO "document_draft_row" VALUES(698,2,'um_tradus','');
INSERT INTO "document_draft_row" VALUES(698,2,'tva_id','13');
INSERT INTO "document_draft_row" VALUES(698,2,'storno_id','0');
INSERT INTO "document_draft_row" VALUES(720,2,'cod_articol','CF2962');
INSERT INTO "document_draft_row" VALUES(720,2,'U.M.','buc');
INSERT INTO "document_draft_row" VALUES(720,2,'index_list','22');
INSERT INTO "document_draft_row" VALUES(720,2,'factura_id','0');
INSERT INTO "document_draft_row" VALUES(720,2,'ProformaArticolId','0');
INSERT INTO "document_draft_row" VALUES(720,2,'AdaosProcent','0');
INSERT INTO "document_draft_row" VALUES(720,2,'Pret vanzare','0');
INSERT INTO "document_draft_row" VALUES(720,2,'Cantitate','1.00');
INSERT INTO "document_draft_row" VALUES(720,2,'Discount','false');
INSERT INTO "document_draft_row" VALUES(720,2,'Denumire produs','INK PFI-703 MATTE BLACK IPF 815');
INSERT INTO "document_draft_row" VALUES(720,2,'FaStornataId','-1');
INSERT INTO "document_draft_row" VALUES(720,2,'articol_tradus','');
INSERT INTO "document_draft_row" VALUES(720,2,'id_articol','417');
INSERT INTO "document_draft_row" VALUES(720,2,'Gestiune predatoare','XEROGRAFICA');
INSERT INTO "document_draft_row" VALUES(720,2,'cu_tva','¿Ä');
INSERT INTO "document_draft_row" VALUES(720,2,'isServiciu','0');
INSERT INTO "document_draft_row" VALUES(720,2,'cantitateInventar','1.00');
INSERT INTO "document_draft_row" VALUES(720,2,'pret unitar','');
INSERT INTO "document_draft_row" VALUES(720,2,'Cote TVA','24');
INSERT INTO "document_draft_row" VALUES(720,2,'insert','¿Ä');
INSERT INTO "document_draft_row" VALUES(720,2,'AvizArticolId','0');
INSERT INTO "document_draft_row" VALUES(720,2,'um_tradus','');
INSERT INTO "document_draft_row" VALUES(720,2,'tva_id','13');
INSERT INTO "document_draft_row" VALUES(720,2,'storno_id','0');
INSERT INTO "document_draft_row" VALUES(743,2,'cod_articol','CF2963');
INSERT INTO "document_draft_row" VALUES(743,2,'U.M.','buc');
INSERT INTO "document_draft_row" VALUES(743,2,'index_list','23');
INSERT INTO "document_draft_row" VALUES(743,2,'factura_id','0');
INSERT INTO "document_draft_row" VALUES(743,2,'ProformaArticolId','0');
INSERT INTO "document_draft_row" VALUES(743,2,'AdaosProcent','0');
INSERT INTO "document_draft_row" VALUES(743,2,'Pret vanzare','0');
INSERT INTO "document_draft_row" VALUES(743,2,'Cantitate','1.00');
INSERT INTO "document_draft_row" VALUES(743,2,'Discount','false');
INSERT INTO "document_draft_row" VALUES(743,2,'Denumire produs','INK PFI-703 PHOTO BLACK IPF 815');
INSERT INTO "document_draft_row" VALUES(743,2,'FaStornataId','-1');
INSERT INTO "document_draft_row" VALUES(743,2,'articol_tradus','');
INSERT INTO "document_draft_row" VALUES(743,2,'id_articol','418');
INSERT INTO "document_draft_row" VALUES(743,2,'Gestiune predatoare','XEROGRAFICA');
INSERT INTO "document_draft_row" VALUES(743,2,'cu_tva','¿Ä');
INSERT INTO "document_draft_row" VALUES(743,2,'isServiciu','0');
INSERT INTO "document_draft_row" VALUES(743,2,'cantitateInventar','1.00');
INSERT INTO "document_draft_row" VALUES(743,2,'pret unitar','');
INSERT INTO "document_draft_row" VALUES(743,2,'Cote TVA','24');
INSERT INTO "document_draft_row" VALUES(743,2,'insert','¿Ä');
INSERT INTO "document_draft_row" VALUES(743,2,'AvizArticolId','0');
INSERT INTO "document_draft_row" VALUES(743,2,'um_tradus','');
INSERT INTO "document_draft_row" VALUES(743,2,'tva_id','13');
INSERT INTO "document_draft_row" VALUES(743,2,'storno_id','0');
INSERT INTO "document_draft_row" VALUES(767,2,'cod_articol','CF2964');
INSERT INTO "document_draft_row" VALUES(767,2,'U.M.','buc');
INSERT INTO "document_draft_row" VALUES(767,2,'index_list','24');
INSERT INTO "document_draft_row" VALUES(767,2,'factura_id','0');
INSERT INTO "document_draft_row" VALUES(767,2,'ProformaArticolId','0');
INSERT INTO "document_draft_row" VALUES(767,2,'AdaosProcent','0');
INSERT INTO "document_draft_row" VALUES(767,2,'Pret vanzare','0');
INSERT INTO "document_draft_row" VALUES(767,2,'Cantitate','1.00');
INSERT INTO "document_draft_row" VALUES(767,2,'Discount','false');
INSERT INTO "document_draft_row" VALUES(767,2,'Denumire produs','INK PFI-703 CYAN IPF 815');
INSERT INTO "document_draft_row" VALUES(767,2,'FaStornataId','-1');
INSERT INTO "document_draft_row" VALUES(767,2,'articol_tradus','');
INSERT INTO "document_draft_row" VALUES(767,2,'id_articol','419');
INSERT INTO "document_draft_row" VALUES(767,2,'Gestiune predatoare','XEROGRAFICA');
INSERT INTO "document_draft_row" VALUES(767,2,'cu_tva','¿Ä');
INSERT INTO "document_draft_row" VALUES(767,2,'isServiciu','0');
INSERT INTO "document_draft_row" VALUES(767,2,'cantitateInventar','1.00');
INSERT INTO "document_draft_row" VALUES(767,2,'pret unitar','');
INSERT INTO "document_draft_row" VALUES(767,2,'Cote TVA','24');
INSERT INTO "document_draft_row" VALUES(767,2,'insert','¿Ä');
INSERT INTO "document_draft_row" VALUES(767,2,'AvizArticolId','0');
INSERT INTO "document_draft_row" VALUES(767,2,'um_tradus','');
INSERT INTO "document_draft_row" VALUES(767,2,'tva_id','13');
INSERT INTO "document_draft_row" VALUES(767,2,'storno_id','0');
INSERT INTO "document_draft_row" VALUES(792,2,'cod_articol','CF2965');
INSERT INTO "document_draft_row" VALUES(792,2,'U.M.','buc');
INSERT INTO "document_draft_row" VALUES(792,2,'index_list','25');
INSERT INTO "document_draft_row" VALUES(792,2,'factura_id','0');
INSERT INTO "document_draft_row" VALUES(792,2,'ProformaArticolId','0');
INSERT INTO "document_draft_row" VALUES(792,2,'AdaosProcent','0');
INSERT INTO "document_draft_row" VALUES(792,2,'Pret vanzare','0');
INSERT INTO "document_draft_row" VALUES(792,2,'Cantitate','1.00');
INSERT INTO "document_draft_row" VALUES(792,2,'Discount','false');
INSERT INTO "document_draft_row" VALUES(792,2,'Denumire produs','INK PFI-703 MAGENTA IPF 815');
INSERT INTO "document_draft_row" VALUES(792,2,'FaStornataId','-1');
INSERT INTO "document_draft_row" VALUES(792,2,'articol_tradus','');
INSERT INTO "document_draft_row" VALUES(792,2,'id_articol','420');
INSERT INTO "document_draft_row" VALUES(792,2,'Gestiune predatoare','XEROGRAFICA');
INSERT INTO "document_draft_row" VALUES(792,2,'cu_tva','¿Ä');
INSERT INTO "document_draft_row" VALUES(792,2,'isServiciu','0');
INSERT INTO "document_draft_row" VALUES(792,2,'cantitateInventar','1.00');
INSERT INTO "document_draft_row" VALUES(792,2,'pret unitar','');
INSERT INTO "document_draft_row" VALUES(792,2,'Cote TVA','24');
INSERT INTO "document_draft_row" VALUES(792,2,'insert','¿Ä');
INSERT INTO "document_draft_row" VALUES(792,2,'AvizArticolId','0');
INSERT INTO "document_draft_row" VALUES(792,2,'um_tradus','');
INSERT INTO "document_draft_row" VALUES(792,2,'tva_id','13');
INSERT INTO "document_draft_row" VALUES(792,2,'storno_id','0');
INSERT INTO "document_draft_row" VALUES(818,2,'cod_articol','CF2966');
INSERT INTO "document_draft_row" VALUES(818,2,'U.M.','buc');
INSERT INTO "document_draft_row" VALUES(818,2,'index_list','26');
INSERT INTO "document_draft_row" VALUES(818,2,'factura_id','0');
INSERT INTO "document_draft_row" VALUES(818,2,'ProformaArticolId','0');
INSERT INTO "document_draft_row" VALUES(818,2,'AdaosProcent','0');
INSERT INTO "document_draft_row" VALUES(818,2,'Pret vanzare','0');
INSERT INTO "document_draft_row" VALUES(818,2,'Cantitate','1.00');
INSERT INTO "document_draft_row" VALUES(818,2,'Discount','false');
INSERT INTO "document_draft_row" VALUES(818,2,'Denumire produs','INK PFI-703 YELLOW IPF 815');
INSERT INTO "document_draft_row" VALUES(818,2,'FaStornataId','-1');
INSERT INTO "document_draft_row" VALUES(818,2,'articol_tradus','');
INSERT INTO "document_draft_row" VALUES(818,2,'id_articol','421');
INSERT INTO "document_draft_row" VALUES(818,2,'Gestiune predatoare','XEROGRAFICA');
INSERT INTO "document_draft_row" VALUES(818,2,'cu_tva','¿Ä');
INSERT INTO "document_draft_row" VALUES(818,2,'isServiciu','0');
INSERT INTO "document_draft_row" VALUES(818,2,'cantitateInventar','1.00');
INSERT INTO "document_draft_row" VALUES(818,2,'pret unitar','');
INSERT INTO "document_draft_row" VALUES(818,2,'Cote TVA','24');
INSERT INTO "document_draft_row" VALUES(818,2,'insert','¿Ä');
INSERT INTO "document_draft_row" VALUES(818,2,'AvizArticolId','0');
INSERT INTO "document_draft_row" VALUES(818,2,'um_tradus','');
INSERT INTO "document_draft_row" VALUES(818,2,'tva_id','13');
INSERT INTO "document_draft_row" VALUES(818,2,'storno_id','0');
INSERT INTO "document_draft_row" VALUES(845,2,'cod_articol','D37');
INSERT INTO "document_draft_row" VALUES(845,2,'U.M.','buc');
INSERT INTO "document_draft_row" VALUES(845,2,'index_list','27');
INSERT INTO "document_draft_row" VALUES(845,2,'factura_id','0');
INSERT INTO "document_draft_row" VALUES(845,2,'ProformaArticolId','0');
INSERT INTO "document_draft_row" VALUES(845,2,'AdaosProcent','0');
INSERT INTO "document_draft_row" VALUES(845,2,'Pret vanzare','0');
INSERT INTO "document_draft_row" VALUES(845,2,'Cantitate','9.00');
INSERT INTO "document_draft_row" VALUES(845,2,'Discount','false');
INSERT INTO "document_draft_row" VALUES(845,2,'Denumire produs','DOSAR PVC SINA');
INSERT INTO "document_draft_row" VALUES(845,2,'FaStornataId','-1');
INSERT INTO "document_draft_row" VALUES(845,2,'articol_tradus','');
INSERT INTO "document_draft_row" VALUES(845,2,'id_articol','422');
INSERT INTO "document_draft_row" VALUES(845,2,'Gestiune predatoare','XEROGRAFICA');
INSERT INTO "document_draft_row" VALUES(845,2,'cu_tva','¿Ä');
INSERT INTO "document_draft_row" VALUES(845,2,'isServiciu','0');
INSERT INTO "document_draft_row" VALUES(845,2,'cantitateInventar','9.00');
INSERT INTO "document_draft_row" VALUES(845,2,'pret unitar','');
INSERT INTO "document_draft_row" VALUES(845,2,'Cote TVA','24');
INSERT INTO "document_draft_row" VALUES(845,2,'insert','¿Ä');
INSERT INTO "document_draft_row" VALUES(845,2,'AvizArticolId','0');
INSERT INTO "document_draft_row" VALUES(845,2,'um_tradus','');
INSERT INTO "document_draft_row" VALUES(845,2,'tva_id','13');
INSERT INTO "document_draft_row" VALUES(845,2,'storno_id','0');
INSERT INTO "document_draft_row" VALUES(873,2,'cod_articol','VEL-2002000');
INSERT INTO "document_draft_row" VALUES(873,2,'U.M.','buc');
INSERT INTO "document_draft_row" VALUES(873,2,'index_list','28');
INSERT INTO "document_draft_row" VALUES(873,2,'factura_id','0');
INSERT INTO "document_draft_row" VALUES(873,2,'ProformaArticolId','0');
INSERT INTO "document_draft_row" VALUES(873,2,'AdaosProcent','0');
INSERT INTO "document_draft_row" VALUES(873,2,'Pret vanzare','0');
INSERT INTO "document_draft_row" VALUES(873,2,'Cantitate','3588.00');
INSERT INTO "document_draft_row" VALUES(873,2,'Discount','false');
INSERT INTO "document_draft_row" VALUES(873,2,'Denumire produs','ALONJE AUTOADEZIVE');
INSERT INTO "document_draft_row" VALUES(873,2,'FaStornataId','-1');
INSERT INTO "document_draft_row" VALUES(873,2,'articol_tradus','');
INSERT INTO "document_draft_row" VALUES(873,2,'id_articol','423');
INSERT INTO "document_draft_row" VALUES(873,2,'Gestiune predatoare','XEROGRAFICA');
INSERT INTO "document_draft_row" VALUES(873,2,'cu_tva','¿Ä');
INSERT INTO "document_draft_row" VALUES(873,2,'isServiciu','0');
INSERT INTO "document_draft_row" VALUES(873,2,'cantitateInventar','3588.00');
INSERT INTO "document_draft_row" VALUES(873,2,'pret unitar','');
INSERT INTO "document_draft_row" VALUES(873,2,'Cote TVA','24');
INSERT INTO "document_draft_row" VALUES(873,2,'insert','¿Ä');
INSERT INTO "document_draft_row" VALUES(873,2,'AvizArticolId','0');
INSERT INTO "document_draft_row" VALUES(873,2,'um_tradus','');
INSERT INTO "document_draft_row" VALUES(873,2,'tva_id','13');
INSERT INTO "document_draft_row" VALUES(873,2,'storno_id','0');
INSERT INTO "document_draft_row" VALUES(902,2,'cod_articol','mc-09');
INSERT INTO "document_draft_row" VALUES(902,2,'U.M.','buc');
INSERT INTO "document_draft_row" VALUES(902,2,'index_list','29');
INSERT INTO "document_draft_row" VALUES(902,2,'factura_id','0');
INSERT INTO "document_draft_row" VALUES(902,2,'ProformaArticolId','0');
INSERT INTO "document_draft_row" VALUES(902,2,'AdaosProcent','0');
INSERT INTO "document_draft_row" VALUES(902,2,'Pret vanzare','0');
INSERT INTO "document_draft_row" VALUES(902,2,'Cantitate','1.00');
INSERT INTO "document_draft_row" VALUES(902,2,'Discount','false');
INSERT INTO "document_draft_row" VALUES(902,2,'Denumire produs','maintenance cartridge mc-09');
INSERT INTO "document_draft_row" VALUES(902,2,'FaStornataId','-1');
INSERT INTO "document_draft_row" VALUES(902,2,'articol_tradus','');
INSERT INTO "document_draft_row" VALUES(902,2,'id_articol','484');
INSERT INTO "document_draft_row" VALUES(902,2,'Gestiune predatoare','XEROGRAFICA');
INSERT INTO "document_draft_row" VALUES(902,2,'cu_tva','¿Ä');
INSERT INTO "document_draft_row" VALUES(902,2,'isServiciu','0');
INSERT INTO "document_draft_row" VALUES(902,2,'cantitateInventar','1.00');
INSERT INTO "document_draft_row" VALUES(902,2,'pret unitar','');
INSERT INTO "document_draft_row" VALUES(902,2,'Cote TVA','24');
INSERT INTO "document_draft_row" VALUES(902,2,'insert','¿Ä');
INSERT INTO "document_draft_row" VALUES(902,2,'AvizArticolId','0');
INSERT INTO "document_draft_row" VALUES(902,2,'um_tradus','');
INSERT INTO "document_draft_row" VALUES(902,2,'tva_id','13');
INSERT INTO "document_draft_row" VALUES(902,2,'storno_id','0');
CREATE TABLE discount_articole(  id_disc_art  integer PRIMARY KEY AUTOINCREMENT NOT NULL UNIQUE,  xa_id_discount  integer NOT NULL,  pt_xa_id   integer NOT NULL,  tip_doc    char NOT NULL);
CREATE TABLE transfer_aviz_nir(  id_avize_niruri  integer PRIMARY KEY AUTOINCREMENT NOT NULL UNIQUE,  aviz_id  integer NOT NULL,  tranzactie_id   integer NOT NULL);
CREATE TABLE valori_generale (id INTEGER PRIMARY KEY AUTOINCREMENT NOT NULL,key varchar(50),value varchar(150));
INSERT INTO "valori_generale" VALUES(1,'judet','Alba');
INSERT INTO "valori_generale" VALUES(2,'judet','Arad');
INSERT INTO "valori_generale" VALUES(3,'judet','Arges');
INSERT INTO "valori_generale" VALUES(4,'judet','Bacau');
INSERT INTO "valori_generale" VALUES(5,'judet','Bihor');
INSERT INTO "valori_generale" VALUES(6,'judet','Bistrita-Nasaud');
INSERT INTO "valori_generale" VALUES(7,'judet','Botosani');
INSERT INTO "valori_generale" VALUES(8,'judet','Brasov');
INSERT INTO "valori_generale" VALUES(9,'judet','Braila');
INSERT INTO "valori_generale" VALUES(10,'judet','Bucuresti');
INSERT INTO "valori_generale" VALUES(11,'judet','Buzau');
INSERT INTO "valori_generale" VALUES(12,'judet','Caras-Severin');
INSERT INTO "valori_generale" VALUES(13,'judet','Calarasi');
INSERT INTO "valori_generale" VALUES(14,'judet','Cluj');
INSERT INTO "valori_generale" VALUES(15,'judet','Constanta');
INSERT INTO "valori_generale" VALUES(16,'judet','Covasna');
INSERT INTO "valori_generale" VALUES(17,'judet','Dambovita');
INSERT INTO "valori_generale" VALUES(18,'judet','Dolj');
INSERT INTO "valori_generale" VALUES(19,'judet','Galati');
INSERT INTO "valori_generale" VALUES(20,'judet','Giurgiu');
INSERT INTO "valori_generale" VALUES(21,'judet','Gorj');
INSERT INTO "valori_generale" VALUES(22,'judet','Harghita');
INSERT INTO "valori_generale" VALUES(23,'judet','Hunedoara');
INSERT INTO "valori_generale" VALUES(24,'judet','Ialomita');
INSERT INTO "valori_generale" VALUES(25,'judet','Iasi');
INSERT INTO "valori_generale" VALUES(26,'judet','Ilfov');
INSERT INTO "valori_generale" VALUES(27,'judet','Maramures');
INSERT INTO "valori_generale" VALUES(28,'judet','Mehedinti');
INSERT INTO "valori_generale" VALUES(29,'judet','Mures');
INSERT INTO "valori_generale" VALUES(30,'judet','Neamt');
INSERT INTO "valori_generale" VALUES(31,'judet','Olt');
INSERT INTO "valori_generale" VALUES(32,'judet','Prahova');
INSERT INTO "valori_generale" VALUES(33,'judet','Satu-Mare');
INSERT INTO "valori_generale" VALUES(34,'judet','Salaj');
INSERT INTO "valori_generale" VALUES(35,'judet','Sibiu');
INSERT INTO "valori_generale" VALUES(36,'judet','Suceava');
INSERT INTO "valori_generale" VALUES(37,'judet','Teleorman');
INSERT INTO "valori_generale" VALUES(38,'judet','Timis');
INSERT INTO "valori_generale" VALUES(39,'judet','Tulcea');
INSERT INTO "valori_generale" VALUES(40,'judet','Vaslui');
INSERT INTO "valori_generale" VALUES(41,'judet','Valcea');
INSERT INTO "valori_generale" VALUES(42,'judet','Vrancea');
CREATE TABLE angajat_user (angajat_user_id integer PRIMARY KEY AUTOINCREMENT NOT NULL UNIQUE, angajat_id integer not null, user_id integer not null);
CREATE TABLE banci(id_banca integer PRIMARY KEY AUTOINCREMENT NOT NULL UNIQUE, denumire varchar(100), cod varchar(30),swift varchar(50));
INSERT INTO "banci" VALUES(1,'ABN AMRO BANK ROMANIA','ABNA','ABNAROBU');
INSERT INTO "banci" VALUES(2,'HVB BANCA PENTRU LOCUINTE','HVBL','HVBLROBU');
INSERT INTO "banci" VALUES(3,'ANGLO ROMANIAN BANK LTD','ARBL','ARBLROBU');
INSERT INTO "banci" VALUES(4,'UNICREDIT TIRIAC BANK','BACX','BACXROBU');
INSERT INTO "banci" VALUES(5,'BANCA ITALO ROMENA SPA','BITR','BITRROBU');
INSERT INTO "banci" VALUES(6,'OTP BANK ROMANIA','BNRB','BNRBROBU');
INSERT INTO "banci" VALUES(7,'BANC POST','BPOS','BPOSROBU');
INSERT INTO "banci" VALUES(8,'BANCA ROMANA PENTRU DEZVOLTARE','BRDE','BRDEROBU');
INSERT INTO "banci" VALUES(9,'LIBRA BANK','BREL','BRELROBU');
INSERT INTO "banci" VALUES(10,'BANCA ROMANEASCA ‚Äì Member of National Bank of Greece Group','BRMA','BRMAROBU');
INSERT INTO "banci" VALUES(11,'BANCA DI ROMA SPA ITALIA ‚Äì SUCURSALA BUCURESTI','BROM','BROMROBU');
INSERT INTO "banci" VALUES(12,'EMPORIKI BANK-ROMANIA','BSEA','BSEAROBU');
INSERT INTO "banci" VALUES(13,'BANCA TRANSILVANIA','BTRL','BTRLRO22');
INSERT INTO "banci" VALUES(14,'ALPHA BANK ROMANIA','BUCU','BUCUROBU');
INSERT INTO "banci" VALUES(15,'BANCA COMERCIALA CARPATICA','CARP','CARPRO22');
INSERT INTO "banci" VALUES(16,'CASA DE ECONOMII SI CONSEMNATIUNI CEC','CECE','CECEROBU');
INSERT INTO "banci" VALUES(17,'CITIBANK ROMANIA','CITI','CITIROBU');
INSERT INTO "banci" VALUES(18,'CREDIT COOP CASA CENTRALA','CRCO','CRCOROBU');
INSERT INTO "banci" VALUES(19,'MKB ROMEXTERRA BANK','CRDZ','CRDZROBU');
INSERT INTO "banci" VALUES(20,'BANK LEUMI ROMANIA','DAFB','DAFBRO22');
INSERT INTO "banci" VALUES(21,'BANCA CR FIRENZE ROMANIA','DARO','DAROROBU');
INSERT INTO "banci" VALUES(22,'EGNATIA BANK (ROMANIA)','EGNA','EGNAROBX');
INSERT INTO "banci" VALUES(23,'EXIMBANK ROMANIA','EXIM','EXIMROBU');
INSERT INTO "banci" VALUES(24,'FONDUL GARANTARE DEPO. BANCARE','FGDB','-');
INSERT INTO "banci" VALUES(25,'CREDIT EUROPE BANK (ROMANIA)','FNNB','FNNBROBU');
INSERT INTO "banci" VALUES(26,'GARANTIBANK INTERNATIONAL NV ‚Äì SUCURSALA ROMANIA','UGBI','UGBIROBU');
INSERT INTO "banci" VALUES(27,'ING BANK NV','INGB','INGBROBU');
INSERT INTO "banci" VALUES(28,'ATE BANK ROMANIA','MIND','MINDROBU');
INSERT INTO "banci" VALUES(29,'BLOM BANK EGYPT SAE EGYPT ‚Äì SUCURSALA ROMANIA','MIRB','MIRBROBU');
INSERT INTO "banci" VALUES(30,'PROCREDIT BANK','MIRO','MIROROBU');
INSERT INTO "banci" VALUES(31,'PIRAEUS BANK ROMANIA','PIRB','PIRBROBU');
INSERT INTO "banci" VALUES(32,'PORSCHE BANK ROMANIA','PORL','PORLROBU');
INSERT INTO "banci" VALUES(33,'BANCA COMERCIALA ROMANA','RNCB','RNCBROBU');
INSERT INTO "banci" VALUES(34,'ROMANIAN INTERNATIONAL BANK','ROIN','ROINROBU');
INSERT INTO "banci" VALUES(35,'RAIFFEISEN BANCA PT LOCUINTE','RZBL','RZBLROBU');
INSERT INTO "banci" VALUES(36,'RAIFFEISEN BANK','RZBR','RZBRROBU');
INSERT INTO "banci" VALUES(37,'TREZORERIA STATULUI','TREZ','TREZROBU');
INSERT INTO "banci" VALUES(38,'TRANSFOND','TRFD','TRFDROBU');
INSERT INTO "banci" VALUES(39,'VOLKSBANK ROMANIA','VBBU','VBBUROBU');
INSERT INTO "banci" VALUES(40,'SANPAOLO IMI BANK ROMANIA','WBAN','WBANRO22');
INSERT INTO "banci" VALUES(41,'BANCA NATIONALA A ROMANIEI','NBOR','NBORROBU');
INSERT INTO "banci" VALUES(42,'Millennium Bank','MILB','MILBROBU');
INSERT INTO "banci" VALUES(43,'BCR Banca pentru Locuinte','BCRL','BCRLROB1');
INSERT INTO "banci" VALUES(44,'BLOM Bank France','BLOM','BLOMROBU');
INSERT INTO "banci" VALUES(45,'Banca Italo Romena','BITR','BITRROBU');
INSERT INTO "banci" VALUES(46,'Fortis','FTSB','FTSBROBU');
INSERT INTO "banci" VALUES(47,'la Caixa','CAIX','CAIXROB');
CREATE TABLE tipuri_incasari (nume varchar(100), tip varchar(100));
INSERT INTO "tipuri_incasari" VALUES('Chitanta','');
INSERT INTO "tipuri_incasari" VALUES('Bon','');
INSERT INTO "tipuri_incasari" VALUES('Card','');
INSERT INTO "tipuri_incasari" VALUES('CEC','');
INSERT INTO "tipuri_incasari" VALUES('Bilet ordin','');
INSERT INTO "tipuri_incasari" VALUES('Ordin plata','');
INSERT INTO "tipuri_incasari" VALUES('Mandat postal','');
INSERT INTO "tipuri_incasari" VALUES('Compensare facturi','');
CREATE TABLE tipuri_operatiuni (nume varchar(50) , tip varchar(50), primary key(nume,tip));
INSERT INTO "tipuri_operatiuni" VALUES('Dispozitie de plata','plata');
INSERT INTO "tipuri_operatiuni" VALUES('Bon fiscal','plata');
INSERT INTO "tipuri_operatiuni" VALUES('Chitanta','plata');
INSERT INTO "tipuri_operatiuni" VALUES('Foaie de depunere','plata');
INSERT INTO "tipuri_operatiuni" VALUES('Ramburs','plata');
INSERT INTO "tipuri_operatiuni" VALUES('Alta plata','plata');
INSERT INTO "tipuri_operatiuni" VALUES('Chitanta','incasare');
INSERT INTO "tipuri_operatiuni" VALUES('Bon fiscal','incasare');
INSERT INTO "tipuri_operatiuni" VALUES('ATM','incasare');
INSERT INTO "tipuri_operatiuni" VALUES('Alta incasare','incasare');
INSERT INTO "tipuri_operatiuni" VALUES('Dispozitie de incasare','incasare');
CREATE TABLE tipuri_plati_incasari (  tip_plata_incasare_id INTEGER        PRIMARY KEY AUTOINCREMENT,  nume                VARCHAR( 50 )	   UNIQUE ON CONFLICT ABORT);
INSERT INTO "tipuri_plati_incasari" VALUES(1,'Numerar');
INSERT INTO "tipuri_plati_incasari" VALUES(2,'Card');
CREATE TABLE info_decl394 (info_decl394_id integer PRIMARY KEY AUTOINCREMENT NOT NULL UNIQUE,key varchar(50),value varchar(200));
INSERT INTO "info_decl394" VALUES(1,'tip_platitor','L');
INSERT INTO "info_decl394" VALUES(2,'decl_nume','');
INSERT INTO "info_decl394" VALUES(3,'decl_prenume','');
INSERT INTO "info_decl394" VALUES(4,'decl_functie','');
INSERT INTO "info_decl394" VALUES(5,'repr_denumire','');
INSERT INTO "info_decl394" VALUES(6,'repr_domiciliu','');
INSERT INTO "info_decl394" VALUES(7,'repr_cif','');
INSERT INTO "info_decl394" VALUES(8,'repr_telefon','');
INSERT INTO "info_decl394" VALUES(9,'repr_fax','');
INSERT INTO "info_decl394" VALUES(10,'repr_email','');
CREATE TABLE mentiuni (mentiune_id      INTEGER  PRIMARY KEY AUTOINCREMENT  NOT NULL,mentiune         VARCHAR(500),tip_document     CHARACTER(1),deleted          CHARACTER(1));
INSERT INTO "mentiuni" VALUES(1,'FACTURA CONTINE TIMBRU VERDE','n','n');
INSERT INTO "mentiuni" VALUES(2,'AGIGEA','n','n');
INSERT INTO "mentiuni" VALUES(3,'CERNAVODA','n','n');
INSERT INTO "mentiuni" VALUES(4,'OVIDIU','n','n');
INSERT INTO "mentiuni" VALUES(5,'CERNAVODA-CONFORM CTR.NR.2/29.10.2014','n','n');
INSERT INTO "mentiuni" VALUES(6,'OVIDIU-CONFORM CTR.NR.2/29.10.2014','n','n');
INSERT INTO "mentiuni" VALUES(7,'AGIGEA-CONFORM CTR.NR.2/29.10.2014','n','n');
INSERT INTO "mentiuni" VALUES(8,'SIL 6','n','n');
INSERT INTO "mentiuni" VALUES(9,'AGIGEA','n','n');
INSERT INTO "mentiuni" VALUES(10,'OVIDIU','n','n');
INSERT INTO "mentiuni" VALUES(11,'CERNAVODA','n','n');
INSERT INTO "mentiuni" VALUES(12,'cf contract 12/6.03.2015','n','n');
CREATE TABLE documente_achizitii (  document_achizitie_id  INTEGER        PRIMARY KEY AUTOINCREMENT,  data                DATE,  data_scadenta       DATE,  serie_numar         CHAR( 50 ),  explicatie          VACHAR( 150 ),  precizie            INTEGER        NOT NULL DEFAULT 2,  tva_id              INTEGER,  nume_operatiune     VARCHAR( 50 ),  tip_plati           VARCHAR( 50 ),  furnizor_denumire   CHAR( 50 )     NOT NULL,  furnizor_cif        CHAR( 50 ),  furnizor_reg_com    CHAR( 50 ),  furnizor_cod        CHAR( 50 ),  furnizor_adresa     CHAR( 50 ),  furnizor_localitate CHAR( 50 ),  furnizor_judet      CHAR( 50 ),  furnizor_tara       CHAR( 50 )     DEFAULT 'Romania',  furnizor_iban       CHAR( 50 ),  furnizor_banca      CHAR( 50 ),  furnizor_email      CHAR( 50 ),  furnizor_telefon    CHAR( 50 ),  furnizor_contact    VARCHAR( 50 ),  valoare             NUMERIC( 50 ),  v_valoare           NUMERIC( 50 ),  valoare_tva         NUMERIC( 50 ),  v_valoare_tva       NUMERIC( 50 ),  valoare_totala      NUMERIC( 50 ),  v_valoare_totala    NUMERIC( 50 ),  moneda              VARCHAR( 10 ),  curs                NUMERIC( 20 ),  deleted             CHAR( 1 )      DEFAULT 'n',  anulata             CHAR( 1 )      DEFAULT 'n',  furnizor_id         NUMERIC( 50 )  DEFAULT '-1'   , tip_document  CHARACTER(1) DEFAULT 'n');
INSERT INTO "documente_achizitii" VALUES(1,'2015-01-08','2015-02-22','1500081','',2,13,'factura furnizor','plata','COMSERVICE-COMPANY SRL','RO980141','J04/22/1992','','B-Dul Unirii 30','Bacau','Bacau','','RO32BACX0000003026511000','UNICREDIT TIRIAC BANK','','','',98.56,98.56,23.65,23.65,122.21,122.21,'RON',1,'n','n',7,'n');
INSERT INTO "documente_achizitii" VALUES(2,'2015-01-07','2015-01-14','1160595','',2,13,'factura furnizor','plata','SAMA CONSUL SRL','RO3903321','J40/8827/1993','','Str. Maica Domnului 44a ','Bucuresti','Bucuresti','','RO29BACX0000000030166310','UNICREDIT TIRIAC BANK','','','',187.84,187.84,45.08,45.08,232.92,232.92,'RON',1,'n','n',6,'n');
INSERT INTO "documente_achizitii" VALUES(3,'2015-01-14','2015-02-27','1500193','',2,13,'factura furnizor','plata','COMSERVICE-COMPANY SRL','RO980141','J04/22/1992','','B-Dul Unirii 30','Bacau','Bacau','','RO32BACX0000003026511000','UNICREDIT TIRIAC BANK','','','',529.3,529.3,127.03,127.03,656.33,656.33,'RON',1,'n','n',7,'n');
INSERT INTO "documente_achizitii" VALUES(4,'2015-01-12','2015-01-22','118198','',2,13,'factura furnizor','plata','MULTI-JET SRL','RO17262146','J35/553/2005','','Str. Mangalia, Nr. 59-61, Incaperea 1','Timisoara','Timis','','RO55BACX0000003022559000','UNICREDIT TIRIAC BANK','','','',601.92,601.92,144.46,144.46,746.38,746.38,'RON',1,'n','n',2,'n');
INSERT INTO "documente_achizitii" VALUES(5,'2015-01-13','2015-02-27','1500193','',2,13,'factura furnizor','plata','COMSERVICE-COMPANY SRL','RO980141','J04/22/1992','','B-Dul Unirii 30','Bacau','Bacau','','RO32BACX0000003026511000','UNICREDIT TIRIAC BANK','','','',529.3,529.3,127.03,127.03,656.33,656.33,'RON',1,'n','n',7,'n');
INSERT INTO "documente_achizitii" VALUES(6,'2015-01-14','2015-02-13','25347','',2,13,'factura furnizor','plata','CORAGEO S.R.L.','ro9745964','J13/2032/1997','','Str. I.l.caragiale 4','Constanta','Constanta','Romania','RO23RNCB0114032022220001','BANCA COMERCIALA ROMANA','','','',161.09,161.09,38.66,38.66,199.75,199.75,'RON',1,'n','n',8,'n');
INSERT INTO "documente_achizitii" VALUES(7,'2015-01-14','2015-02-13','25361','',2,13,'factura furnizor','plata','CORAGEO S.R.L.','ro9745964','J13/2032/1997','','Str. I.l.caragiale 4','Constanta','Constanta','Romania','RO23RNCB0114032022220001','BANCA COMERCIALA ROMANA','','','',30.2,30.2,7.25,7.25,37.45,37.45,'RON',1,'n','n',8,'n');
INSERT INTO "documente_achizitii" VALUES(8,'2015-01-14','2015-02-13','25348','',2,13,'factura furnizor','plata','CORAGEO S.R.L.','ro9745964','J13/2032/1997','','Str. I.l.caragiale 4','Constanta','Constanta','Romania','RO23RNCB0114032022220001','BANCA COMERCIALA ROMANA','','','',469.58,469.58,112.7,112.7,582.28,582.28,'RON',1,'n','n',8,'n');
INSERT INTO "documente_achizitii" VALUES(9,'2015-01-20','2015-03-06','1500383','',2,13,'factura furnizor','plata','COMSERVICE-COMPANY SRL','RO980141','J04/22/1992','','B-Dul Unirii 30','Bacau','Bacau','','RO32BACX0000003026511000','UNICREDIT TIRIAC BANK','','','',1077.46,1077.46,258.59,258.59,1336.05,1336.05,'RON',1,'n','n',7,'n');
INSERT INTO "documente_achizitii" VALUES(10,'2015-01-26','2015-02-02','0182120','',2,13,'factura furnizor','plata','RIK SRL','RO1889794','J13/3643/1991','','Str. Sulmona, Nr. 9, C.P. 900746','Constanta','Constanta','','RO34BACX0000000208524000','UNICREDIT TIRIAC BANK','','','',16.42,16.42,3.94,3.94,20.36,20.36,'RON',1,'n','n',1,'n');
INSERT INTO "documente_achizitii" VALUES(11,'2015-01-29','2015-02-04','184336','',2,13,'factura furnizor','plata','RIK SRL','RO1889794','J13/3643/1991','','Str. Sulmona, Nr. 9, C.P. 900746','Constanta','Constanta','','RO34BACX0000000208524000','UNICREDIT TIRIAC BANK','','','',223.93,223.93,53.74,53.74,277.67,277.67,'RON',1,'n','n',1,'n');
INSERT INTO "documente_achizitii" VALUES(12,'2015-02-03','2015-02-10','788066','',2,13,'factura furnizor','plata','GRIMAGH - IMPORT EXPORT S.R.L.','RO2353505','J40/4473/1991','','Str. Ocolului 7','Bucuresti','Bucuresti','Romania','RO89BITRBU1RON035713CC01','BANCA ITALO ROMENA SPA','','','',816,816,195.84,195.84,1011.84,1011.84,'RON',1,'n','n',10,'n');
INSERT INTO "documente_achizitii" VALUES(13,'2015-02-04','2015-02-11','0187599','',2,13,'factura furnizor','plata','RIK SRL','RO1889794','J13/3643/1991','','Str. Sulmona, Nr. 9, C.P. 900746','Constanta','Constanta','','RO34BACX0000000208524000','UNICREDIT TIRIAC BANK','','','',191.01,191.01,45.84,45.84,236.85,236.85,'RON',1,'n','n',1,'n');
INSERT INTO "documente_achizitii" VALUES(14,'2015-02-09','','1500955','',2,13,'factura furnizor','plata','COMSERVICE-COMPANY SRL','RO980141','J04/22/1992','','B-Dul Unirii 30','Bacau','Bacau','','RO32BACX0000003026511000','UNICREDIT TIRIAC BANK','','','',262.7,262.7,63.05,63.05,325.75,325.75,'RON',1,'n','n',7,'n');
INSERT INTO "documente_achizitii" VALUES(15,'2015-02-12','2015-02-19','0188338','',2,13,'factura furnizor','plata','RIK SRL','RO1889794','J13/3643/1991','','Str. Sulmona, Nr. 9, C.P. 900746','Constanta','Constanta','','RO34BACX0000000208524000','UNICREDIT TIRIAC BANK','','','',393.68,393.68,94.48,94.48,488.16,488.16,'RON',1,'n','n',1,'n');
INSERT INTO "documente_achizitii" VALUES(16,'2015-02-11','2015-02-23','118417','',2,13,'factura furnizor','plata','MULTI-JET SRL','RO17262146','J35/553/2005','','Str. Mangalia, Nr. 59-61, Incaperea 1','Timisoara','Timis','','RO55BACX0000003022559000','UNICREDIT TIRIAC BANK','','','',420.84,420.84,101,101,521.84,521.84,'RON',1,'n','n',2,'n');
INSERT INTO "documente_achizitii" VALUES(17,'2015-02-20','2015-03-22','25869','',2,13,'factura furnizor','plata','CORAGEO S.R.L.','ro9745964','J13/2032/1997','','Str. I.l.caragiale 4','Constanta','Constanta','Romania','RO23RNCB0114032022220001','BANCA COMERCIALA ROMANA','','','',445,445,106.8,106.8,551.8,551.8,'RON',1,'n','n',8,'n');
INSERT INTO "documente_achizitii" VALUES(18,'2015-02-23','2015-04-09','CSC 150200831','',2,13,'factura furnizor','plata','COMSERVICE-COMPANY SRL','RO980141','J04/22/1992','','B-Dul Unirii 30','Bacau','Bacau','','RO32BACX0000003026511000','UNICREDIT TIRIAC BANK','','','',511.01,511.01,122.64,122.64,633.65,633.65,'RON',1,'n','n',7,'n');
INSERT INTO "documente_achizitii" VALUES(19,'2015-02-24','2015-03-06','118493','',2,13,'factura furnizor','plata','MULTI-JET SRL','RO17262146','J35/553/2005','','Str. Mangalia, Nr. 59-61, Incaperea 1','Timisoara','Timis','','RO55BACX0000003022559000','UNICREDIT TIRIAC BANK','','','',738.61,738.61,177.27,177.27,915.88,915.88,'RON',1,'n','n',2,'n');
INSERT INTO "documente_achizitii" VALUES(20,'2015-02-26','2015-03-05','0186451','',2,13,'factura furnizor','plata','RIK SRL','RO1889794','J13/3643/1991','','Str. Sulmona, Nr. 9, C.P. 900746','Constanta','Constanta','','RO34BACX0000000208524000','UNICREDIT TIRIAC BANK','','','',260.96,260.96,62.63,62.63,323.59,323.59,'RON',1,'n','n',1,'n');
INSERT INTO "documente_achizitii" VALUES(21,'2015-02-27','2015-04-13','1501444','',2,13,'factura furnizor','plata','COMSERVICE-COMPANY SRL','RO980141','J04/22/1992','','B-Dul Unirii 30','Bacau','Bacau','','RO32BACX0000003026511000','UNICREDIT TIRIAC BANK','','','',10023.66,10023.66,2405.68,2405.68,12429.34,12429.34,'RON',1,'n','n',7,'n');
INSERT INTO "documente_achizitii" VALUES(22,'2015-02-27','2015-04-13','1501440','',2,13,'factura furnizor','plata','COMSERVICE-COMPANY SRL','RO980141','J04/22/1992','','B-Dul Unirii 30','Bacau','Bacau','','RO32BACX0000003026511000','UNICREDIT TIRIAC BANK','','','',642.15,642.15,154.12,154.12,796.27,796.27,'RON',1,'n','n',7,'n');
INSERT INTO "documente_achizitii" VALUES(23,'2015-03-02','2015-04-16','1501467','',2,13,'factura furnizor','plata','COMSERVICE-COMPANY SRL','RO980141','J04/22/1992','','B-Dul Unirii 30','Bacau','Bacau','','RO32BACX0000003026511000','UNICREDIT TIRIAC BANK','','','',278.01,278.01,66.72,66.72,344.73,344.73,'RON',1,'n','n',7,'n');
INSERT INTO "documente_achizitii" VALUES(24,'2015-03-02','','001639','',2,13,'factura furnizor','plata','TOP SHOP SRL','RO6743390','J13/5310/1994','','Str. Rachitasi 68','Constanta','Constanta','','','','','','',1289.63,1289.63,309.51,309.51,1599.14,1599.14,'RON',1,'n','n',11,'n');
INSERT INTO "documente_achizitii" VALUES(25,'2015-03-03','2015-03-04','79','',2,13,'factura furnizor','plata','GOLDEN STRUCT SRL','RO31837550','J13/1398/2013','','Str. Cutezatorii 13','Constanta','Constanta','Romania','','','','','',1692,1692,406.08,406.08,2098.08,2098.08,'RON',1,'n','n',12,'n');
INSERT INTO "documente_achizitii" VALUES(26,'2015-03-05','2015-05-04','21500671','',2,13,'factura furnizor','plata','ROM TEAM SOLUTIONS SRL','RO1577121','J40/4498/1991','','Str. Ion Campineanu, Nr. 29, Bl. 6, Sc. B, Et. 3, Ap. 49, Sect. 1, C.P. 7071','Bucuresti Sectorul 1','Bucuresti','','RO29INGB0001000131418915','ING BANK NV','','','',3712.68,3712.68,891.04,891.04,4603.72,4603.72,'RON',1,'n','n',9,'n');
INSERT INTO "documente_achizitii" VALUES(27,'2015-03-05','2015-04-19','1501648','',2,13,'factura furnizor','plata','COMSERVICE-COMPANY SRL','RO980141','J04/22/1992','','B-Dul Unirii 30','Bacau','Bacau','','RO32BACX0000003026511000','UNICREDIT TIRIAC BANK','','','',847.29,847.29,203.35,203.35,1050.64,1050.64,'RON',1,'n','n',7,'n');
INSERT INTO "documente_achizitii" VALUES(28,'2015-03-09','2015-04-23','1501705','',2,13,'factura furnizor','plata','COMSERVICE-COMPANY SRL','RO980141','J04/22/1992','','B-Dul Unirii 30','Bacau','Bacau','','RO32BACX0000003026511000','UNICREDIT TIRIAC BANK','','','',194.68,194.68,46.72,46.72,241.4,241.4,'RON',1,'n','n',7,'n');
INSERT INTO "documente_achizitii" VALUES(29,'2015-03-10','2015-03-20','118601','',2,13,'factura furnizor','plata','MULTI-JET SRL','RO17262146','J35/553/2005','','Str. Mangalia, Nr. 59-61, Incaperea 1','Timisoara','Timis','','RO55BACX0000003022559000','UNICREDIT TIRIAC BANK','','','',426.44,426.44,102.35,102.35,528.79,528.79,'RON',1,'n','n',2,'n');
INSERT INTO "documente_achizitii" VALUES(30,'2015-03-13','2015-04-25','101781','',2,13,'factura furnizor','plata','COMSERVICE-COMPANY SRL','RO980141','J04/22/1992','','B-Dul Unirii 30','Bacau','Bacau','','RO32BACX0000003026511000','UNICREDIT TIRIAC BANK','','','',2715.41,2715.41,651.7,651.7,3367.11,3367.11,'RON',1,'n','n',7,'n');
INSERT INTO "documente_achizitii" VALUES(31,'2015-03-16','2015-04-15','1520383','',2,13,'factura furnizor','plata','COMSERVICE-COMPANY SRL','RO980141','J04/22/1992','','B-Dul Unirii 30','Bacau','Bacau','','RO32BACX0000003026511000','UNICREDIT TIRIAC BANK','','','',857.91,857.91,205.9,205.9,1063.81,1063.81,'RON',1,'n','n',7,'n');
INSERT INTO "documente_achizitii" VALUES(32,'2015-03-17','2015-03-24','0188591','',2,13,'factura furnizor','plata','RIK SRL','RO1889794','J13/3643/1991','','Str. Sulmona, Nr. 9, C.P. 900746','Constanta','Constanta','','RO34BACX0000000208524000','UNICREDIT TIRIAC BANK','','','',292.52,292.52,70.2,70.2,362.72,362.72,'RON',1,'n','n',1,'n');
INSERT INTO "documente_achizitii" VALUES(33,'2015-03-20','2015-04-19','26290','',2,13,'factura furnizor','plata','CORAGEO S.R.L.','ro9745964','J13/2032/1997','','Str. I.l.caragiale 4','Constanta','Constanta','Romania','RO23RNCB0114032022220001','BANCA COMERCIALA ROMANA','','','',445,445,106.8,106.8,551.8,551.8,'RON',1,'n','n',8,'n');
INSERT INTO "documente_achizitii" VALUES(34,'2015-03-17','2015-04-16','1520386','',2,13,'factura furnizor','plata','COMSERVICE-COMPANY SRL','RO980141','J04/22/1992','','B-Dul Unirii 30','Bacau','Bacau','','RO32BACX0000003026511000','UNICREDIT TIRIAC BANK','','','',855.94,855.94,205.43,205.43,1061.37,1061.37,'RON',1,'n','n',7,'n');
INSERT INTO "documente_achizitii" VALUES(35,'2015-03-23','2015-04-19','26290','',2,13,'factura furnizor','plata','CORAGEO S.R.L.','ro9745964','J13/2032/1997','','Str. I.l.caragiale 4','Constanta','Constanta','Romania','RO23RNCB0114032022220001','BANCA COMERCIALA ROMANA','','','',445,445,106.8,106.8,551.8,551.8,'RON',1,'n','n',8,'n');
INSERT INTO "documente_achizitii" VALUES(36,'2015-03-23','2015-05-07','1502088','',2,13,'factura furnizor','plata','COMSERVICE-COMPANY SRL','RO980141','J04/22/1992','','B-Dul Unirii 30','Bacau','Bacau','','RO32BACX0000003026511000','UNICREDIT TIRIAC BANK','','','',640.44,640.44,153.71,153.71,794.15,794.15,'RON',1,'n','n',7,'n');
INSERT INTO "documente_achizitii" VALUES(37,'2015-03-25','2015-04-01','200202','',2,13,'factura furnizor','plata','GRIMAGH - IMPORT EXPORT S.R.L.','RO2353505','J40/4473/1991','','Str. Ocolului 7','Bucuresti','Bucuresti','Romania','RO89BITRBU1RON035713CC01','BANCA ITALO ROMENA SPA','','','',544,544,130.56,130.56,674.56,674.56,'RON',1,'n','n',10,'n');
CREATE TABLE documente_achizitii_detalii (   detaliu_id              INTEGER        PRIMARY KEY AUTOINCREMENT NOT NULL,  document_achizitie_id   NUMERIC( 50 )  NOT NULL DEFAULT 0,  total_tva_t_inversa     NUMERIC( 50 )  DEFAULT 0,  v_total_tva_t_inversa   NUMERIC( 50 )  DEFAULT 0,  total_f_tva_t_inversa   NUMERIC( 50 )  DEFAULT 0,  v_total_f_tva_t_inversa NUMERIC( 50 )  DEFAULT 0,  total_tva_SDD           NUMERIC( 50 )  DEFAULT 0,  v_total_tva_SDD         NUMERIC( 50 )  DEFAULT 0,  total_f_tva_SDD         NUMERIC( 50 )  DEFAULT 0,  v_total_f_tva_SDD       NUMERIC( 50 )  DEFAULT 0  );
CREATE TABLE legaturi_nir_documente_achizitii_plati (  leg_id INTEGER PRIMARY KEY AUTOINCREMENT,  document_achizitie_id        INTEGER NOT NULL,  nir_id             INTEGER NOT NULL  );
INSERT INTO "legaturi_nir_documente_achizitii_plati" VALUES(1,5,36);
INSERT INTO "legaturi_nir_documente_achizitii_plati" VALUES(2,10,46);
INSERT INTO "legaturi_nir_documente_achizitii_plati" VALUES(3,16,60);
INSERT INTO "legaturi_nir_documente_achizitii_plati" VALUES(4,18,63);
INSERT INTO "legaturi_nir_documente_achizitii_plati" VALUES(5,19,65);
INSERT INTO "legaturi_nir_documente_achizitii_plati" VALUES(6,24,76);
INSERT INTO "legaturi_nir_documente_achizitii_plati" VALUES(7,35,96);
CREATE TABLE alias_email (alias_email_id INTEGER PRIMARY KEY AUTOINCREMENT,client_id numeric(50), alias varchar(100), email varchar(100));
CREATE TABLE autosuggester_articole_culori (  id         INTEGER PRIMARY KEY NOT NULL,  articol_id INTEGER NOT NULL UNIQUE,  culoare    VARCHAR );
CREATE TABLE doc_activate (  id        INTEGER PRIMARY KEY,  tip_doc   VARCHAR,  serie_id  INTEGER,  numar     VARCHAR,  old_tr_id INTEGER );
CREATE TABLE bonuri (     bon_id                INTEGER        PRIMARY KEY AUTOINCREMENT NOT NULL UNIQUE,     numar                 INTEGER        NOT NULL,     incasare_id           INTEGER        DEFAULT NULL,     config_id             INTEGER        DEFAULT NULL,     data_emitere          DATE,     anulata               CHAR( 1 )      DEFAULT 'n',     tip_plata_incasare_id NUMERIC( 50 )  DEFAULT 1 , cif_client varchar(100) NOT NULL DEFAULT '');
CREATE TABLE config_company (     id        INTEGER        NOT NULL PRIMARY KEY AUTOINCREMENT,     key       VARCHAR( 100 )  NOT NULL UNIQUE,     value     VARCHAR( 100 )  NOT NULL );
INSERT INTO "config_company" VALUES(1,'check_pret_inv','false');
INSERT INTO "config_company" VALUES(2,'ask_show_extra_tva_la_incasare','false');
INSERT INTO "config_company" VALUES(3,'ask_sistem_tva_incasare','false');
INSERT INTO "config_company" VALUES(4,'use_taxare_inversa','true');
INSERT INTO "config_company" VALUES(5,'mesaj_eroare_chitante_count','11');
INSERT INTO "config_company" VALUES(6,'configure_cod','true');
INSERT INTO "config_company" VALUES(7,'cod_produs','true');
INSERT INTO "config_company" VALUES(8,'cod_bare','false');
INSERT INTO "config_company" VALUES(9,'is_cod_configurat','true');
INSERT INTO "config_company" VALUES(10,'cod_bare_mode_factura_fiscala','false');
INSERT INTO "config_company" VALUES(11,'last_resp_id','0');
INSERT INTO "config_company" VALUES(12,'show_mesaj_posibilitate_suspendare','false');
INSERT INTO "config_company" VALUES(13,'show_balloon_inventar','false');
INSERT INTO "config_company" VALUES(14,'hide_popup_initial_Reg_casa','true');
INSERT INTO "config_company" VALUES(15,'ask_registru_casa','false');
INSERT INTO "config_company" VALUES(16,'one_user_no_login','true');
INSERT INTO "config_company" VALUES(17,'enable_registru_casa','true');
INSERT INTO "config_company" VALUES(18,'show_ballon_fact_nir','false');
INSERT INTO "config_company" VALUES(19,'rap_io_show_all','false');
INSERT INTO "config_company" VALUES(20,'cod_bare_mode_bon_consum','false');
INSERT INTO "config_company" VALUES(21,'mesaj_raport_gestiune','true');
INSERT INTO "config_company" VALUES(22,'hide_popup_sold_initial_oper','true');
INSERT INTO "config_company" VALUES(23,'cod_bare_mode_factura_proforma','false');
CREATE TABLE config (     id        INTEGER        NOT NULL PRIMARY KEY AUTOINCREMENT,     key       VARCHAR( 100 )  NOT NULL UNIQUE,     value     VARCHAR( 100 )  NOT NULL );
INSERT INTO "config" VALUES(1,'ascunde_TVA_aviz','true');
INSERT INTO "config" VALUES(2,'show_bottom_help','true');
INSERT INTO "config" VALUES(3,'show_balloon_tva_incasare','true');
INSERT INTO "config" VALUES(4,'rez_pagina','100');
INSERT INTO "config" VALUES(5,'data_ultim_curs','2015-03-25');
INSERT INTO "config" VALUES(6,'rap_reg_casa_perioada','true');
INSERT INTO "config" VALUES(7,'auto_save_pdf','true');
INSERT INTO "config" VALUES(8,'insert_articole','true');
INSERT INTO "config" VALUES(9,'curs_online','true');
INSERT INTO "config" VALUES(10,'auto_add_prod','false');
INSERT INTO "config" VALUES(11,'precizie','true');
INSERT INTO "config" VALUES(12,'suggester_mentiuni','false');
INSERT INTO "config" VALUES(13,'adaos_curs','0');
INSERT INTO "config" VALUES(14,'curs_azi','true');
INSERT INTO "config" VALUES(15,'tip_stornare','pozitii');
DELETE FROM sqlite_sequence;
INSERT INTO "sqlite_sequence" VALUES('date_firma',128);
INSERT INTO "sqlite_sequence" VALUES('serii',99);
INSERT INTO "sqlite_sequence" VALUES('ibans',61);
INSERT INTO "sqlite_sequence" VALUES('cote_tva',16);
INSERT INTO "sqlite_sequence" VALUES('flags',134);
INSERT INTO "sqlite_sequence" VALUES('clienti',11339);
INSERT INTO "sqlite_sequence" VALUES('articole',580);
INSERT INTO "sqlite_sequence" VALUES('intocmitori',17);
INSERT INTO "sqlite_sequence" VALUES('delegati',18);
INSERT INTO "sqlite_sequence" VALUES('facturi',1781);
INSERT INTO "sqlite_sequence" VALUES('facturi_articole',2398);
INSERT INTO "sqlite_sequence" VALUES('users',26);
INSERT INTO "sqlite_sequence" VALUES('salvare',2488);
INSERT INTO "sqlite_sequence" VALUES('incasari_facturi',167);
INSERT INTO "sqlite_sequence" VALUES('incasari',449);
INSERT INTO "sqlite_sequence" VALUES('stornari',90);
INSERT INTO "sqlite_sequence" VALUES('proforme',350);
INSERT INTO "sqlite_sequence" VALUES('proforme_articole',614);
INSERT INTO "sqlite_sequence" VALUES('avize',8);
INSERT INTO "sqlite_sequence" VALUES('avize_articole',17);
INSERT INTO "sqlite_sequence" VALUES('incasari_proforme',251);
INSERT INTO "sqlite_sequence" VALUES('tips',1192);
INSERT INTO "sqlite_sequence" VALUES('gestiuni',21);
INSERT INTO "sqlite_sequence" VALUES('tranzactii_detalii_reale',473);
INSERT INTO "sqlite_sequence" VALUES('operatiuni_casa',21);
INSERT INTO "sqlite_sequence" VALUES('valori_generale',42);
INSERT INTO "sqlite_sequence" VALUES('banci',47);
INSERT INTO "sqlite_sequence" VALUES('tipuri_plati_incasari',2);
INSERT INTO "sqlite_sequence" VALUES('info_decl394',10);
INSERT INTO "sqlite_sequence" VALUES('mentiuni',12);
INSERT INTO "sqlite_sequence" VALUES('bonuri',0);
INSERT INTO "sqlite_sequence" VALUES('config_company',23);
INSERT INTO "sqlite_sequence" VALUES('config',15);
INSERT INTO "sqlite_sequence" VALUES('stoc_articole',135);
INSERT INTO "sqlite_sequence" VALUES('tranzactii',99);
INSERT INTO "sqlite_sequence" VALUES('tranzactii_detalii',344);
INSERT INTO "sqlite_sequence" VALUES('angajati',3);
INSERT INTO "sqlite_sequence" VALUES('jurnal',333);
INSERT INTO "sqlite_sequence" VALUES('furnizori',14);
INSERT INTO "sqlite_sequence" VALUES('documente_achizitii',37);
INSERT INTO "sqlite_sequence" VALUES('legaturi_nir_documente_achizitii_plati',7);
CREATE INDEX gestiuni_Index01   ON gestiuni  (denumire);
CREATE INDEX tranzactii_Index01   ON tranzactii   (serie_id, nr_doc);
CREATE INDEX tranzactii_Index02   ON tranzactii   (data, predator_gestiune_id, primitor_gestiune_id);
CREATE INDEX tranzactii_detalii_Index01   ON tranzactii_detalii   (tranzactie_id, articol_id);
CREATE INDEX furnizori_Index01    ON furnizori     (denumire);
CREATE INDEX avize_facturate_Index01   ON avize_facturate   (aviz_id, factura_id);
CREATE INDEX stoc_articole_Index01  ON stoc_articole  (gestiune_id, articol_id, data_intrarii, pret);
CREATE INDEX avize_nir_index01   ON avize_nir   (aviz_id, tranzactie_id);
CREATE UNIQUE INDEX stoc_articole_salvate_Index01   ON stoc_articole_salvate   (articol_id, gestiune_id, data);
CREATE INDEX id_index01   ON document_draft  (id);
CREATE INDEX idrow_index01   ON document_draft_row  (id);
CREATE INDEX tranzactii_detalii_reale_Index01 ON tranzactii_detalii_reale (tranzactie_detaliu_id);
CREATE VIEW TRANZACTII_VIEW AS  SELECT t.tranzactie_id AS tr_id, t.tranzactie_id AS tranzactie_id, t.primitor_gestiune_id AS primitor_gestiune_id, t.predator_gestiune_id AS predator_gestiune_id, td.articol_denumire AS articol, td.articol_cod AS cod_produs, td.articol_um AS um, td.articol_id AS articol_id, td.cota_tva AS cota_tva, tdr.pret_cu_adaos pret_cu_adaos, tdr.adaos_procent adaos_procent, td.pret_vanzare pret_vanzare, t.data data, t.serie AS serie, t.nr_doc nr_doc, t.tip_operatie tip_operatie, tdr.pret_intrare pret_intrare, tdr.pret_iesire pret_iesire, tdr.valoare_discount valoare_discount, date(tdr.data_intrarii) data_intrarii, t.precizie precizie, ROUND(SUM( CASE(t.primitor_gestiune_id >0) WHEN 1 THEN 1 ELSE 0 END * tdr.cantitate),4) AS intrari, ROUND(SUM( CASE(t.predator_gestiune_id >0) WHEN 1 THEN 1 ELSE 0 END * tdr.cantitate ),4) AS iesiri, ROUND(SUM( CASE(t.primitor_gestiune_id >0) WHEN 1 THEN 1 ELSE 0 END * (tdr.cantitate * tdr.pret_intrare) ),4) AS intrari_valoric, ROUND(SUM( CASE(t.predator_gestiune_id >0) WHEN 1 THEN 1 ELSE 0 END * (tdr.cantitate * tdr.pret_intrare) ),4) AS iesiri_valoric, ROUND(SUM( CASE(t.predator_gestiune_id >0 or (t.primitor_gestiune_id>0 and (t.tip_operatie='Z' or t.tip_operatie='S'))) WHEN 1 THEN 1 ELSE 0 END * (tdr.cantitate * tdr.pret_iesire - tdr.cantitate * tdr.pret_intrare + tdr.valoare_discount) * CASE(t.tip_operatie='Z' or t.tip_operatie='S') WHEN 1 THEN -1 ELSE 1 END),2)  AS profit_iesiri_valoric, tip_doc AS tip_doc FROM tranzactii_detalii_reale AS tdr LEFT JOIN tranzactii_detalii AS td ON(td.tranzactie_detaliu_id = tdr.tranzactie_detaliu_id) LEFT JOIN tranzactii AS t ON(td.tranzactie_id = t.tranzactie_id) WHERE (t.primitor_gestiune_id >0 OR t.predator_gestiune_id >0)  GROUP BY td.articol_id,t.tranzactie_id,tdr.pret_intrare, data_intrarii ORDER BY lower(articol) asc, pret_intrare,data asc,intrari desc,tr_id asc;
CREATE UNIQUE INDEX idx_documente_achizitii_detalii_docid ON documente_achizitii_detalii (  document_achizitie_id  );
CREATE INDEX idx_legaturi_nir_documente_achizitii_plati_docid ON legaturi_nir_documente_achizitii_plati ( document_achizitie_id );
CREATE INDEX idx_legaturi_nir_documente_achizitii_plati_nirid ON legaturi_nir_documente_achizitii_plati ( nir_id );
CREATE VIEW stoc_articole_view as SELECT    td.articol_id AS articol_id,    tdr.pret_intrare pret,    max(pret_iesire) AS pret_iesire,    round(sum((case when t.primitor_gestiune_id >0 then tdr.cantitate else 0 end)-             (case when t.predator_gestiune_id >0 then tdr.cantitate else 0 end)),4) cantitate,    date(tdr.data_intrarii) AS data_intrarii,    primitor_gestiune_id,predator_gestiune_id, CASE WHEN t.primitor_gestiune_id >0 THEN t.primitor_gestiune_id ELSE t.predator_gestiune_id END AS gestiune_id,    td.articol_denumire AS denumire, td.articol_denumire AS articol, td.articol_cod cod_produs, td.articol_um um,    (case when td.pret_vanzare is null then 0 else td.pret_vanzare end) pret_cu_adaos,    cota_tva FROM tranzactii AS t  LEFT JOIN tranzactii_detalii AS td ON(td.tranzactie_id = t.tranzactie_id)  LEFT JOIN tranzactii_detalii_reale AS tdr ON(tdr.tranzactie_detaliu_id = td.tranzactie_detaliu_id) WHERE articol_id>0 AND t.tip_operatie<>'M' AND t.status='v' GROUP BY td.articol_id, tdr.pret_intrare, date(tdr.data_intrarii),gestiune_id;
CREATE UNIQUE INDEX idx_unique_doc_activate ON doc_activate (   tip_doc,   numar,   serie_id   );
COMMIT;
